rank,username,attempts,pct_of_total
1,ADMINISTRATOR,626394,57.2676
2,ADMIN,97482,8.9122
3,USER,73206,6.6928
4,BACKUP,26720,2.4429
5,SYSTEM,26706,2.4416
6,SERVER,26637,2.4353
7,ADMINISTRADOR,25076,2.2926
8,Administrator,11430,1.0450
9,PC,5438,0.4972
10,ROOT,4584,0.4191
11,MANAGER,4538,0.4149
12,1,4530,0.4142
13,TEST,4300,0.3931
14,SCANNER,3476,0.3178
15,SCAN,3455,0.3159
16,SYSTEM32,3314,0.3030
17,DELL,3290,0.3008
18,DESKTOP,3261,0.2981
19,SUPPORT,3247,0.2969
20,DEMO,3229,0.2952
21,OFFICE,3227,0.2950
22,TEMP,3226,0.2949
23,COMPUTER,3223,0.2947
24,MYPC,3223,0.2947
25,NAS,3215,0.2939
26,WORK,3215,0.2939
27,WINDOWS,3214,0.2938
28,HOME,3211,0.2936
29,STUDIO,3211,0.2936
30,WALLET,3211,0.2936
31,XEON,3211,0.2936
32,HP,1988,0.1818
33,USER1,1580,0.1445
34,АДМИНИСТРАТОР,1468,0.1342
35,ADMINISTRATEUR,1349,0.1233
36,ADMIN2,1334,0.1220
37,ADMIN1,1333,0.1219
38,SERVER1,1315,0.1202
39,USER2,1311,0.1199
40,OPERATOR,1309,0.1197
41,Admin,998,0.0912
42,administrator,448,0.0410
43,administrador,406,0.0371
44,administrateur,406,0.0371
45,server,406,0.0371
46,serveur,406,0.0371
47,servidor,406,0.0371
48,GUEST,253,0.0231
49,MIA,136,0.0124
50,win-srv01,128,0.0117
51,workgroup,128,0.0117
52,ISLA,108,0.0099
53,LILY,108,0.0099
54,LEO,94,0.0086
55,REMOTE,93,0.0085
56,EMMA,90,0.0082
57,GRACE,90,0.0082
58,SOPHIE,90,0.0082
59,A,83,0.0076
60,JACOB,78,0.0071
61,LENOVO,78,0.0071
62,LOGAN,72,0.0066
63,MASON,72,0.0066
64,THEO,72,0.0066
65,EVA,70,0.0064
66,ALFIE,66,0.0060
67,ARCHIE,66,0.0060
68,CLOUDBASE-ADMIN,66,0.0060
69,DEFAULTACCOUNT,66,0.0060
70,OLIVIA,66,0.0060
71,NEWUSER2,62,0.0057
72,DE,54,0.0049
73,ELLA,54,0.0049
74,NOAH,54,0.0049
75,AVA,52,0.0048
76,OP,52,0.0048
77,D,49,0.0045
78,DES,49,0.0045
79,DT,49,0.0045
80,G,49,0.0045
81,GEORGE,49,0.0045
82,JACK,49,0.0045
83,KL,49,0.0045
84,TKL,49,0.0045
85,TOP,49,0.0045
86,AMELIA,48,0.0044
87,ARTHUR,48,0.0044
88,CHLOE,48,0.0044
89,ETHAN,48,0.0044
90,FREDDIE,48,0.0044
91,FREYA,48,0.0044
92,HARRY,48,0.0044
93,LUCAS,48,0.0044
94,SIENNA,48,0.0044
95,THOMAS,48,0.0044
96,WILLIAM,48,0.0044
97,IVY,46,0.0042
98,7DTKL,45,0.0041
99,DESKT,45,0.0041
100,G57,45,0.0041
101,G57D,45,0.0041
102,G57DT,45,0.0041
103,G57DTK,45,0.0041
104,KTOP,45,0.0041
105,SYS,45,0.0041
106,ALICE,42,0.0038
107,CHARLOTTE,42,0.0038
108,DAISY,42,0.0038
109,FINN,42,0.0038
110,JUDE,42,0.0038
111,POPPY,42,0.0038
112,RUBY,42,0.0038
113,57DTKL,40,0.0037
114,DTKL,40,0.0037
115,USUARIO,39,0.0036
116,ПОЛЬЗОВАТЕЛЬ,35,0.0032
117,ADM,31,0.0028
118,ALBIE,30,0.0027
119,CHARLIE,30,0.0027
120,FINLEY,30,0.0027
121,H1DD3NADM1N,30,0.0027
122,HENRY,30,0.0027
123,JAMES,30,0.0027
124,OLIVER,30,0.0027
125,OSCAR,30,0.0027
126,POSTGRES,30,0.0027
127,AMY,28,0.0026
128,TESTUSER,28,0.0026
129,RYAN,27,0.0025
130,SAMUEL,27,0.0025
131,MH,26,0.0024
132,BETH,25,0.0023
133,ADELAIDE,24,0.0022
134,ALEXANDER,24,0.0022
135,BENJAMIN,24,0.0022
136,CALEB,24,0.0022
137,CHARLES,24,0.0022
138,CLARA,24,0.0022
139,DANIEL,24,0.0022
140,DB2ADMIN,24,0.0022
141,EDEN,24,0.0022
142,ELARA,24,0.0022
143,ELIZA,24,0.0022
144,EMILY,24,0.0022
145,ESME,24,0.0022
146,EVIE,24,0.0022
147,FLORENCE,24,0.0022
148,GEORGIA,24,0.0022
149,HANNAH,24,0.0022
150,HARRIET,24,0.0022
151,HARRISON,24,0.0022
152,HEIDI,24,0.0022
153,ISABELLA,24,0.0022
154,JACKSON,24,0.0022
155,JESSICA,24,0.0022
156,JORDAN,24,0.0022
157,JOSEPH,24,0.0022
158,LAURA,24,0.0022
159,LIAM,24,0.0022
160,LUCY,24,0.0022
161,LUNA,24,0.0022
162,MABEL,24,0.0022
163,MATILDA,24,0.0022
164,MAYA,24,0.0022
165,MEGAN,24,0.0022
166,MILLE,24,0.0022
167,MOLLY,24,0.0022
168,OLIVE,24,0.0022
169,PHOEBE,24,0.0022
170,ROSIE,24,0.0022
171,SOPHIA,24,0.0022
172,SYSTEMAS,24,0.0022
173,WILLOW,24,0.0022
174,HOST3A0,21,0.0019
175,SYSTEME,20,0.0018
176,DBUSER,19,0.0017
177,INFORMIX,19,0.0017
178,ARLO,18,0.0016
179,AXEL,18,0.0016
180,OTTO,18,0.0016
181,RAFE,18,0.0016
182,ROSE,18,0.0016
183,XXS,18,0.0016
184,ASPNET,17,0.0016
185,OLDADMINISTRATOR,17,0.0016
186,SERVICES,17,0.0016
187,IT,16,0.0015
188,INFO,15,0.0014
189,VAGRANT,15,0.0014
190,BGSYSTEM,14,0.0013
191,FTPUSER,14,0.0013
192,IRFAN,14,0.0013
193,KBTGT,14,0.0013
194,LOGMEINREMOTEUSER,14,0.0013
195,MARIA,14,0.0013
196,PRAXIS,14,0.0013
197,SYSTEMS,14,0.0013
198,TESTE,14,0.0013
199,USER3,14,0.0013
200,VHOST,14,0.0013
201,AUDITOR,13,0.0012
202,MASTER,13,0.0012
203,ACCOUNT,12,0.0011
204,ADS_AGENT,12,0.0011
205,ADSUSER,12,0.0011
206,BJIS,12,0.0011
207,CONTENTSERV,12,0.0011
208,CTB_ADMIN,12,0.0011
209,DBADMIN,12,0.0011
210,DDIC,12,0.0011
211,DEVELOPER,12,0.0011
212,EARLYWATCH,12,0.0011
213,FATEH,12,0.0011
214,FTP,12,0.0011
215,IDEADM,12,0.0011
216,MANTAS,12,0.0011
217,MICO,12,0.0011
218,MIHAEL,12,0.0011
219,NEGOZIO5,12,0.0011
220,PI,12,0.0011
221,RICO,12,0.0011
222,SADRAQUE,12,0.0011
223,SERVICE,12,0.0011
224,ANA,11,0.0010
225,DRD,11,0.0010
226,FAX,11,0.0010
227,HR,11,0.0010
228,LOCALADMIN,11,0.0010
229,NEWUSER,11,0.0010
230,NICK,11,0.0010
231,ORACLE,11,0.0010
232,PLS,11,0.0010
233,RDP,11,0.0010
234,SIDE,11,0.0010
235,Test,11,0.0010
236,YY,11,0.0010
237,Z,11,0.0010
238,ADMINS,10,0.0009
239,ANHBA,10,0.0009
240,HSTORERDP,10,0.0009
241,INVIT,10,0.0009
242,MICHELE,10,0.0009
243,MOHAMED,10,0.0009
244,OPENPGSVC,10,0.0009
245,SHIPPING,10,0.0009
246,SQLADMIN,10,0.0009
247,SYSADMIN,10,0.0009
248,SYSTEM16,10,0.0009
249,systeme,10,0.0009
250,TERMINAL,10,0.0009
251,VIDEO,10,0.0009
252,WDAGUTILITYACCOUNTS,10,0.0009
253,WINDOWS32,10,0.0009
254,WDAGUTILITYACCOUNT,9,0.0008
255,ALMOXARIFADO,8,0.0007
256,ANSIBLE,8,0.0007
257,AZUREUSER,8,0.0007
258,CAMPAIGNS,8,0.0007
259,COMPRAS,8,0.0007
260,CONVIDADO,8,0.0007
261,EC2-USER,8,0.0007
262,GOŚĆ,8,0.0007
263,INVITADO,8,0.0007
264,INVITÉ,8,0.0007
265,J2EE_ADMIN,8,0.0007
266,KRBRTGT,8,0.0007
267,MAX,8,0.0007
268,MYSQL,8,0.0007
269,POS,8,0.0007
270,PUPPET,8,0.0007
271,SAP*,8,0.0007
272,SAPCPIC,8,0.0007
273,SAPJSF,8,0.0007
274,SAPR3,8,0.0007
275,SAPSUPPORT,8,0.0007
276,SMD_ADMIN,8,0.0007
277,SMD_AGT,8,0.0007
278,SMD_BI_RFC,8,0.0007
279,SMD_RFC,8,0.0007
280,SOLMAN_ADMIN,8,0.0007
281,SOLMAN_BTC,8,0.0007
282,TMSADM,8,0.0007
283,VENDÉG,8,0.0007
284,WIN,8,0.0007
285,XMI_DEMO,8,0.0007
286,ГОСТЬ,8,0.0007
287,23,7,0.0006
288,3,7,0.0006
289,3XADMIN,7,0.0006
290,6,7,0.0006
291,7,7,0.0006
292,\BG강??GUEST,7,0.0006
293,ACC2,7,0.0006
294,ACCOUNTANT,7,0.0006
295,ACCOUNTS,7,0.0006
296,ADMIN123,7,0.0006
297,ADMIN24,7,0.0006
298,ADMIN801,7,0.0006
299,ADMINISRATOR,7,0.0006
300,ADMINISTRATAR,7,0.0006
301,ADMINN,7,0.0006
302,ADMINSTRATOR,7,0.0006
303,ADMINSYS,7,0.0006
304,ADMINX,7,0.0006
305,ADMINXY,7,0.0006
306,AFUI1!,7,0.0006
307,ALINE,7,0.0006
308,ALPHAERP,7,0.0006
309,ALTATECH,7,0.0006
310,ASAS,7,0.0006
311,ATELIER,7,0.0006
312,ATENDIMENTO,7,0.0006
313,AURES,7,0.0006
314,AUTODESKVAULT,7,0.0006
315,BACKUPSVC,7,0.0006
316,BKANUNA,7,0.0006
317,BOTWTV,7,0.0006
318,BRANDON,7,0.0006
319,BVRADMIN,7,0.0006
320,CAJA,7,0.0006
321,CBADMIN,7,0.0006
322,CHPFTP,7,0.0006
323,CLIENT,7,0.0006
324,COMPITS,7,0.0006
325,COMPRAS1,7,0.0006
326,COMPTOIR2,7,0.0006
327,CYG_SERVER,7,0.0006
328,DEFAULTUSER,7,0.0006
329,DEVLINESERVICEUSER,7,0.0006
330,E.AKULICH,7,0.0006
331,E.DYAGTEREVA,7,0.0006
332,E.ISMAILOVA,7,0.0006
333,EXSYS,7,0.0006
334,FABIO,7,0.0006
335,FASTWIND,7,0.0006
336,FD-SERVER,7,0.0006
337,FFTTP,7,0.0006
338,FILIPE,7,0.0006
339,FTP$,7,0.0006
340,FUELDISP,7,0.0006
341,HP03,7,0.0006
342,IESYS,7,0.0006
343,IEUSER,7,0.0006
344,IFXADMIN,7,0.0006
345,ILS_ANONYMOUS_USER,7,0.0006
346,INTRANET,7,0.0006
347,ITADM,7,0.0006
348,JOHN,7,0.0006
349,JUNIOR,7,0.0006
350,K8H3D,7,0.0006
351,KZQO,7,0.0006
352,L.MONAHOVA,7,0.0006
353,LABORATORIO,7,0.0006
354,LB,7,0.0006
355,LEE,7,0.0006
356,LIMITED,7,0.0006
357,LINHAVERDE,7,0.0006
358,LOOMIS,7,0.0006
359,MA,7,0.0006
360,MAC,7,0.0006
361,MAP,7,0.0006
362,MARCOS,7,0.0006
363,MARKETADMIN,7,0.0006
364,MC,7,0.0006
365,MEDICOS,7,0.0006
366,MEKNES_HB,7,0.0006
367,MS,7,0.0006
368,MSSQLSERVER,7,0.0006
369,NETWORK.SERVER,7,0.0006
370,NEW,7,0.0006
371,O.MAZUR,7,0.0006
372,O.SHURINA,7,0.0006
373,OSBIT,7,0.0006
374,OSSUSER,7,0.0006
375,PC2,7,0.0006
376,PRINTER,7,0.0006
377,PRODUCTION,7,0.0006
378,PS,7,0.0006
379,Q34005,7,0.0006
380,QA,7,0.0006
381,QBPOSDBSRVUSER,7,0.0006
382,R365,7,0.0006
383,RAY,7,0.0006
384,RD,7,0.0006
385,RE,7,0.0006
386,REMOTE1,7,0.0006
387,REMOTE2,7,0.0006
388,REMOTE5,7,0.0006
389,REMOTELIKAR1,7,0.0006
390,ROBERT,7,0.0006
391,SA,7,0.0006
392,SAM,7,0.0006
393,SC,7,0.0006
394,SD,7,0.0006
395,SGSMARTMAIL,7,0.0006
396,SIDEXIS4SERVICE,7,0.0006
397,SIM,7,0.0006
398,ST,7,0.0006
399,STAGIAIRE,7,0.0006
400,SUPPORT1,7,0.0006
401,SUPPORTESE,7,0.0006
402,TEST1,7,0.0006
403,TESTADMIN,7,0.0006
404,TESTUSER2,7,0.0006
405,TOM,7,0.0006
406,TONY,7,0.0006
407,TOSHIBA,7,0.0006
408,TV,7,0.0006
409,UPS,7,0.0006
410,USER01,7,0.0006
411,USER4,7,0.0006
412,USER5,7,0.0006
413,USERADM,7,0.0006
414,UTENTE,7,0.0006
415,VBRRDP,7,0.0006
416,VC,7,0.0006
417,VENTAS1,7,0.0006
418,VP,7,0.0006
419,VPN,7,0.0006
420,VPTIA,7,0.0006
421,VULN,7,0.0006
422,VW,7,0.0006
423,WB,7,0.0006
424,WCFUSER,7,0.0006
425,WINSUPPORT,7,0.0006
426,WM,7,0.0006
427,WPSADMIN,7,0.0006
428,WS,7,0.0006
429,WTS,7,0.0006
430,XAFSERVICEACCNT,7,0.0006
431,XCALIBUR_SYSTEM,7,0.0006
432,XLSOFTDBA,7,0.0006
433,Y.TATAROV,7,0.0006
434,ZEISS,7,0.0006
435,ZM,7,0.0006
436,АДМИН,7,0.0006
437,ANDRES,6,0.0005
438,LX,6,0.0005
439,ABC,5,0.0005
440,HOUMTIS14@!,5,0.0005
441,KYE,5,0.0005
442,QAZ,5,0.0005
443,UDO,5,0.0005
444,USA,5,0.0005
445,X,5,0.0005
446,AA,4,0.0004
447,AAA,4,0.0004
448,AAB,4,0.0004
449,AAC,4,0.0004
450,AAD,4,0.0004
451,AAE,4,0.0004
452,AAF,4,0.0004
453,AAG,4,0.0004
454,AAH,4,0.0004
455,AAI,4,0.0004
456,AAJ,4,0.0004
457,AAK,4,0.0004
458,AAL,4,0.0004
459,AAM,4,0.0004
460,AAN,4,0.0004
461,AAO,4,0.0004
462,AAP,4,0.0004
463,AAQ,4,0.0004
464,AAR,4,0.0004
465,AAS,4,0.0004
466,AAT,4,0.0004
467,AAU,4,0.0004
468,AAV,4,0.0004
469,AAW,4,0.0004
470,AAX,4,0.0004
471,AAY,4,0.0004
472,AAZ,4,0.0004
473,AB,4,0.0004
474,ABA,4,0.0004
475,ABB,4,0.0004
476,ABD,4,0.0004
477,ABE,4,0.0004
478,ABF,4,0.0004
479,ABG,4,0.0004
480,ABH,4,0.0004
481,ABI,4,0.0004
482,ABJ,4,0.0004
483,ABK,4,0.0004
484,ABL,4,0.0004
485,ABM,4,0.0004
486,ABN,4,0.0004
487,ABO,4,0.0004
488,ABP,4,0.0004
489,ABQ,4,0.0004
490,ABR,4,0.0004
491,ABS,4,0.0004
492,ABT,4,0.0004
493,ABU,4,0.0004
494,ABV,4,0.0004
495,ABW,4,0.0004
496,ABX,4,0.0004
497,ABY,4,0.0004
498,ABZ,4,0.0004
499,AC,4,0.0004
500,ACA,4,0.0004
501,ACB,4,0.0004
502,ACC,4,0.0004
503,ACD,4,0.0004
504,ACE,4,0.0004
505,ACF,4,0.0004
506,ACG,4,0.0004
507,ACH,4,0.0004
508,ACI,4,0.0004
509,ACJ,4,0.0004
510,ACK,4,0.0004
511,ACL,4,0.0004
512,ACM,4,0.0004
513,ACN,4,0.0004
514,ACO,4,0.0004
515,ACP,4,0.0004
516,ACQ,4,0.0004
517,ACR,4,0.0004
518,ACS,4,0.0004
519,ACT,4,0.0004
520,ACU,4,0.0004
521,ACV,4,0.0004
522,ACW,4,0.0004
523,ACX,4,0.0004
524,ACY,4,0.0004
525,ACZ,4,0.0004
526,AD,4,0.0004
527,ADA,4,0.0004
528,ADB,4,0.0004
529,ADC,4,0.0004
530,ADD,4,0.0004
531,ADE,4,0.0004
532,ADF,4,0.0004
533,ADG,4,0.0004
534,ADH,4,0.0004
535,ADI,4,0.0004
536,ADJ,4,0.0004
537,ADK,4,0.0004
538,ADL,4,0.0004
539,ADN,4,0.0004
540,ADO,4,0.0004
541,ADP,4,0.0004
542,ADQ,4,0.0004
543,ADR,4,0.0004
544,ADS,4,0.0004
545,ADT,4,0.0004
546,ADU,4,0.0004
547,ADV,4,0.0004
548,ADW,4,0.0004
549,ADX,4,0.0004
550,ADY,4,0.0004
551,ADZ,4,0.0004
552,AE,4,0.0004
553,AEA,4,0.0004
554,AEB,4,0.0004
555,AEC,4,0.0004
556,AED,4,0.0004
557,AEE,4,0.0004
558,AEF,4,0.0004
559,AEG,4,0.0004
560,AEH,4,0.0004
561,AEI,4,0.0004
562,AEJ,4,0.0004
563,AEK,4,0.0004
564,AEL,4,0.0004
565,AEM,4,0.0004
566,AEN,4,0.0004
567,AEO,4,0.0004
568,AEP,4,0.0004
569,AEQ,4,0.0004
570,AER,4,0.0004
571,AES,4,0.0004
572,AET,4,0.0004
573,AEU,4,0.0004
574,AEV,4,0.0004
575,AEW,4,0.0004
576,AEX,4,0.0004
577,AEY,4,0.0004
578,AEZ,4,0.0004
579,AF,4,0.0004
580,AFA,4,0.0004
581,AFB,4,0.0004
582,AFC,4,0.0004
583,AFD,4,0.0004
584,AFE,4,0.0004
585,AFF,4,0.0004
586,AFG,4,0.0004
587,AFH,4,0.0004
588,AFI,4,0.0004
589,AFJ,4,0.0004
590,AFK,4,0.0004
591,AFL,4,0.0004
592,AFM,4,0.0004
593,AFN,4,0.0004
594,AFO,4,0.0004
595,AFP,4,0.0004
596,AFQ,4,0.0004
597,AFR,4,0.0004
598,AFS,4,0.0004
599,AFT,4,0.0004
600,AFU,4,0.0004
601,AFV,4,0.0004
602,AFW,4,0.0004
603,AFX,4,0.0004
604,AFY,4,0.0004
605,AFZ,4,0.0004
606,AG,4,0.0004
607,AGA,4,0.0004
608,AGB,4,0.0004
609,AGC,4,0.0004
610,AGD,4,0.0004
611,AGE,4,0.0004
612,AGF,4,0.0004
613,AGG,4,0.0004
614,AGH,4,0.0004
615,AGI,4,0.0004
616,AGJ,4,0.0004
617,AGK,4,0.0004
618,AGL,4,0.0004
619,AGM,4,0.0004
620,AGN,4,0.0004
621,AGO,4,0.0004
622,AGP,4,0.0004
623,AGQ,4,0.0004
624,AGR,4,0.0004
625,AGS,4,0.0004
626,AGT,4,0.0004
627,AGU,4,0.0004
628,AGV,4,0.0004
629,AGW,4,0.0004
630,AGX,4,0.0004
631,AGY,4,0.0004
632,AGZ,4,0.0004
633,AH,4,0.0004
634,AHA,4,0.0004
635,AHB,4,0.0004
636,AHC,4,0.0004
637,AHD,4,0.0004
638,AHE,4,0.0004
639,AHF,4,0.0004
640,AHG,4,0.0004
641,AHH,4,0.0004
642,AHI,4,0.0004
643,AHJ,4,0.0004
644,AHK,4,0.0004
645,AHL,4,0.0004
646,AHM,4,0.0004
647,AHN,4,0.0004
648,AHO,4,0.0004
649,AHP,4,0.0004
650,AHQ,4,0.0004
651,AHR,4,0.0004
652,AHS,4,0.0004
653,AHT,4,0.0004
654,AHU,4,0.0004
655,AHV,4,0.0004
656,AHW,4,0.0004
657,AHX,4,0.0004
658,AHY,4,0.0004
659,AHZ,4,0.0004
660,AI,4,0.0004
661,AIA,4,0.0004
662,AIB,4,0.0004
663,AIC,4,0.0004
664,AID,4,0.0004
665,AIE,4,0.0004
666,AIF,4,0.0004
667,AIG,4,0.0004
668,AIH,4,0.0004
669,AII,4,0.0004
670,AIJ,4,0.0004
671,AIK,4,0.0004
672,AIL,4,0.0004
673,AIM,4,0.0004
674,AIN,4,0.0004
675,AIO,4,0.0004
676,AIP,4,0.0004
677,AIQ,4,0.0004
678,AIR,4,0.0004
679,AIS,4,0.0004
680,AIT,4,0.0004
681,AIU,4,0.0004
682,AIV,4,0.0004
683,AIW,4,0.0004
684,AIX,4,0.0004
685,AIY,4,0.0004
686,AIZ,4,0.0004
687,AJ,4,0.0004
688,AJA,4,0.0004
689,AJB,4,0.0004
690,AJC,4,0.0004
691,AJD,4,0.0004
692,AJE,4,0.0004
693,AJF,4,0.0004
694,AJG,4,0.0004
695,AJH,4,0.0004
696,AJI,4,0.0004
697,AJJ,4,0.0004
698,AJK,4,0.0004
699,AJL,4,0.0004
700,AJM,4,0.0004
701,AJN,4,0.0004
702,AJO,4,0.0004
703,AJP,4,0.0004
704,AJQ,4,0.0004
705,AJR,4,0.0004
706,AJS,4,0.0004
707,AJT,4,0.0004
708,AJU,4,0.0004
709,AJV,4,0.0004
710,AJW,4,0.0004
711,AJX,4,0.0004
712,AJY,4,0.0004
713,AJZ,4,0.0004
714,AK,4,0.0004
715,AKA,4,0.0004
716,AKB,4,0.0004
717,AKC,4,0.0004
718,AKD,4,0.0004
719,AKE,4,0.0004
720,AKF,4,0.0004
721,AKG,4,0.0004
722,AKH,4,0.0004
723,AKI,4,0.0004
724,AKJ,4,0.0004
725,AKK,4,0.0004
726,AKL,4,0.0004
727,AKM,4,0.0004
728,AKN,4,0.0004
729,AKO,4,0.0004
730,AKP,4,0.0004
731,AKQ,4,0.0004
732,AKR,4,0.0004
733,AKS,4,0.0004
734,AKT,4,0.0004
735,AKU,4,0.0004
736,AKV,4,0.0004
737,AKW,4,0.0004
738,AKX,4,0.0004
739,AKY,4,0.0004
740,AKZ,4,0.0004
741,AL,4,0.0004
742,ALA,4,0.0004
743,ALB,4,0.0004
744,ALC,4,0.0004
745,ALD,4,0.0004
746,ALE,4,0.0004
747,ALF,4,0.0004
748,ALG,4,0.0004
749,ALH,4,0.0004
750,ALI,4,0.0004
751,ALJ,4,0.0004
752,ALK,4,0.0004
753,ALL,4,0.0004
754,ALM,4,0.0004
755,ALN,4,0.0004
756,ALO,4,0.0004
757,ALP,4,0.0004
758,ALQ,4,0.0004
759,ALR,4,0.0004
760,ALS,4,0.0004
761,ALT,4,0.0004
762,ALU,4,0.0004
763,ALV,4,0.0004
764,ALW,4,0.0004
765,ALX,4,0.0004
766,ALY,4,0.0004
767,ALZ,4,0.0004
768,AM,4,0.0004
769,AMA,4,0.0004
770,AMB,4,0.0004
771,AMC,4,0.0004
772,AMD,4,0.0004
773,AME,4,0.0004
774,AMF,4,0.0004
775,AMG,4,0.0004
776,AMH,4,0.0004
777,AMI,4,0.0004
778,AMJ,4,0.0004
779,AMK,4,0.0004
780,AML,4,0.0004
781,AMM,4,0.0004
782,AMN,4,0.0004
783,AMO,4,0.0004
784,AMP,4,0.0004
785,AMQ,4,0.0004
786,AMR,4,0.0004
787,AMS,4,0.0004
788,AMT,4,0.0004
789,AMU,4,0.0004
790,AMV,4,0.0004
791,AMW,4,0.0004
792,AMX,4,0.0004
793,AMZ,4,0.0004
794,AN,4,0.0004
795,ANB,4,0.0004
796,ANC,4,0.0004
797,AND,4,0.0004
798,ANE,4,0.0004
799,ANF,4,0.0004
800,ANG,4,0.0004
801,ANH,4,0.0004
802,ANI,4,0.0004
803,ANJ,4,0.0004
804,ANK,4,0.0004
805,ANL,4,0.0004
806,ANM,4,0.0004
807,ANN,4,0.0004
808,ANO,4,0.0004
809,ANP,4,0.0004
810,ANQ,4,0.0004
811,ANR,4,0.0004
812,ANS,4,0.0004
813,ANT,4,0.0004
814,ANU,4,0.0004
815,ANV,4,0.0004
816,ANW,4,0.0004
817,ANX,4,0.0004
818,ANY,4,0.0004
819,ANZ,4,0.0004
820,AO,4,0.0004
821,AOA,4,0.0004
822,AOB,4,0.0004
823,AOC,4,0.0004
824,AOD,4,0.0004
825,AOE,4,0.0004
826,AOF,4,0.0004
827,AOG,4,0.0004
828,AOH,4,0.0004
829,AOI,4,0.0004
830,AOJ,4,0.0004
831,AOK,4,0.0004
832,AOL,4,0.0004
833,AOM,4,0.0004
834,AON,4,0.0004
835,AOO,4,0.0004
836,AOP,4,0.0004
837,AOQ,4,0.0004
838,AOR,4,0.0004
839,AOS,4,0.0004
840,AOT,4,0.0004
841,AOU,4,0.0004
842,AOV,4,0.0004
843,AOW,4,0.0004
844,AOX,4,0.0004
845,AOY,4,0.0004
846,AOZ,4,0.0004
847,AP,4,0.0004
848,APA,4,0.0004
849,APB,4,0.0004
850,APC,4,0.0004
851,APD,4,0.0004
852,APE,4,0.0004
853,APF,4,0.0004
854,APG,4,0.0004
855,APH,4,0.0004
856,API,4,0.0004
857,APJ,4,0.0004
858,APK,4,0.0004
859,APL,4,0.0004
860,APM,4,0.0004
861,APN,4,0.0004
862,APO,4,0.0004
863,APP,4,0.0004
864,APQ,4,0.0004
865,APR,4,0.0004
866,APS,4,0.0004
867,APT,4,0.0004
868,APU,4,0.0004
869,APV,4,0.0004
870,APW,4,0.0004
871,APX,4,0.0004
872,APY,4,0.0004
873,APZ,4,0.0004
874,AQ,4,0.0004
875,AQA,4,0.0004
876,AQB,4,0.0004
877,AQC,4,0.0004
878,AQD,4,0.0004
879,AQE,4,0.0004
880,AQF,4,0.0004
881,AQG,4,0.0004
882,AQH,4,0.0004
883,AQI,4,0.0004
884,AQJ,4,0.0004
885,AQK,4,0.0004
886,AQL,4,0.0004
887,AQM,4,0.0004
888,AQN,4,0.0004
889,AQO,4,0.0004
890,AQP,4,0.0004
891,AQQ,4,0.0004
892,AQR,4,0.0004
893,AQS,4,0.0004
894,AQT,4,0.0004
895,AQU,4,0.0004
896,AQV,4,0.0004
897,AQW,4,0.0004
898,AQX,4,0.0004
899,AQY,4,0.0004
900,AQZ,4,0.0004
901,AR,4,0.0004
902,ARA,4,0.0004
903,ARB,4,0.0004
904,ARC,4,0.0004
905,ARD,4,0.0004
906,ARE,4,0.0004
907,ARF,4,0.0004
908,ARG,4,0.0004
909,ARH,4,0.0004
910,ARI,4,0.0004
911,ARJ,4,0.0004
912,ARK,4,0.0004
913,ARL,4,0.0004
914,ARM,4,0.0004
915,ARN,4,0.0004
916,ARO,4,0.0004
917,ARP,4,0.0004
918,ARQ,4,0.0004
919,ARR,4,0.0004
920,ARS,4,0.0004
921,ART,4,0.0004
922,ARU,4,0.0004
923,ARV,4,0.0004
924,ARW,4,0.0004
925,ARX,4,0.0004
926,ARY,4,0.0004
927,ARZ,4,0.0004
928,AS,4,0.0004
929,ASA,4,0.0004
930,ASB,4,0.0004
931,ASC,4,0.0004
932,ASD,4,0.0004
933,ASE,4,0.0004
934,ASF,4,0.0004
935,ASG,4,0.0004
936,ASH,4,0.0004
937,ASI,4,0.0004
938,ASJ,4,0.0004
939,ASK,4,0.0004
940,ASL,4,0.0004
941,ASM,4,0.0004
942,ASN,4,0.0004
943,ASO,4,0.0004
944,ASP,4,0.0004
945,ASQ,4,0.0004
946,ASR,4,0.0004
947,ASS,4,0.0004
948,AST,4,0.0004
949,ASU,4,0.0004
950,ASV,4,0.0004
951,ASW,4,0.0004
952,ASX,4,0.0004
953,ASY,4,0.0004
954,ASZ,4,0.0004
955,AT,4,0.0004
956,ATA,4,0.0004
957,ATB,4,0.0004
958,ATC,4,0.0004
959,ATD,4,0.0004
960,ATE,4,0.0004
961,ATF,4,0.0004
962,ATG,4,0.0004
963,ATH,4,0.0004
964,ATI,4,0.0004
965,ATJ,4,0.0004
966,ATK,4,0.0004
967,ATL,4,0.0004
968,ATM,4,0.0004
969,ATN,4,0.0004
970,ATO,4,0.0004
971,ATP,4,0.0004
972,ATQ,4,0.0004
973,ATR,4,0.0004
974,ATS,4,0.0004
975,ATT,4,0.0004
976,ATU,4,0.0004
977,ATV,4,0.0004
978,ATW,4,0.0004
979,ATX,4,0.0004
980,ATY,4,0.0004
981,ATZ,4,0.0004
982,AU,4,0.0004
983,AUA,4,0.0004
984,AUB,4,0.0004
985,AUC,4,0.0004
986,AUD,4,0.0004
987,AUE,4,0.0004
988,AUF,4,0.0004
989,AUG,4,0.0004
990,AUH,4,0.0004
991,AUI,4,0.0004
992,AUJ,4,0.0004
993,AUK,4,0.0004
994,AUL,4,0.0004
995,AUM,4,0.0004
996,AUN,4,0.0004
997,AUO,4,0.0004
998,AUP,4,0.0004
999,AUQ,4,0.0004
1000,AUR,4,0.0004
1001,AUS,4,0.0004
1002,AUT,4,0.0004
1003,AUU,4,0.0004
1004,AUV,4,0.0004
1005,AUW,4,0.0004
1006,AUX,4,0.0004
1007,AUY,4,0.0004
1008,AUZ,4,0.0004
1009,AV,4,0.0004
1010,AVB,4,0.0004
1011,AVC,4,0.0004
1012,AVD,4,0.0004
1013,AVE,4,0.0004
1014,AVF,4,0.0004
1015,AVG,4,0.0004
1016,AVH,4,0.0004
1017,AVI,4,0.0004
1018,AVJ,4,0.0004
1019,AVK,4,0.0004
1020,AVL,4,0.0004
1021,AVM,4,0.0004
1022,AVN,4,0.0004
1023,AVO,4,0.0004
1024,AVP,4,0.0004
1025,AVQ,4,0.0004
1026,AVR,4,0.0004
1027,AVS,4,0.0004
1028,AVT,4,0.0004
1029,AVU,4,0.0004
1030,AVV,4,0.0004
1031,AVW,4,0.0004
1032,AVX,4,0.0004
1033,AVY,4,0.0004
1034,AVZ,4,0.0004
1035,AW,4,0.0004
1036,AWA,4,0.0004
1037,AWB,4,0.0004
1038,AWC,4,0.0004
1039,AWD,4,0.0004
1040,AWE,4,0.0004
1041,AWF,4,0.0004
1042,AWG,4,0.0004
1043,AWH,4,0.0004
1044,AWI,4,0.0004
1045,AWJ,4,0.0004
1046,AWK,4,0.0004
1047,AWL,4,0.0004
1048,AWM,4,0.0004
1049,AWN,4,0.0004
1050,AWO,4,0.0004
1051,AWP,4,0.0004
1052,AWQ,4,0.0004
1053,AWR,4,0.0004
1054,AWS,4,0.0004
1055,AWT,4,0.0004
1056,AWU,4,0.0004
1057,AWV,4,0.0004
1058,AWW,4,0.0004
1059,AWX,4,0.0004
1060,AWY,4,0.0004
1061,AWZ,4,0.0004
1062,AX,4,0.0004
1063,AXA,4,0.0004
1064,AXB,4,0.0004
1065,AXC,4,0.0004
1066,AXD,4,0.0004
1067,AXE,4,0.0004
1068,AXF,4,0.0004
1069,AXG,4,0.0004
1070,AXH,4,0.0004
1071,AXI,4,0.0004
1072,AXJ,4,0.0004
1073,AXK,4,0.0004
1074,AXL,4,0.0004
1075,AXM,4,0.0004
1076,AXN,4,0.0004
1077,AXO,4,0.0004
1078,AXP,4,0.0004
1079,AXQ,4,0.0004
1080,AXR,4,0.0004
1081,AXS,4,0.0004
1082,AXT,4,0.0004
1083,AXU,4,0.0004
1084,AXV,4,0.0004
1085,AXW,4,0.0004
1086,AXX,4,0.0004
1087,AXY,4,0.0004
1088,AXZ,4,0.0004
1089,AY,4,0.0004
1090,AYA,4,0.0004
1091,AYB,4,0.0004
1092,AYC,4,0.0004
1093,AYD,4,0.0004
1094,AYE,4,0.0004
1095,AYF,4,0.0004
1096,AYG,4,0.0004
1097,AYH,4,0.0004
1098,AYI,4,0.0004
1099,AYJ,4,0.0004
1100,AYK,4,0.0004
1101,AYL,4,0.0004
1102,AYM,4,0.0004
1103,AYN,4,0.0004
1104,AYO,4,0.0004
1105,AYP,4,0.0004
1106,AYQ,4,0.0004
1107,AYR,4,0.0004
1108,AYS,4,0.0004
1109,AYT,4,0.0004
1110,AYU,4,0.0004
1111,AYV,4,0.0004
1112,AYW,4,0.0004
1113,AYX,4,0.0004
1114,AYY,4,0.0004
1115,AYZ,4,0.0004
1116,AZ,4,0.0004
1117,AZA,4,0.0004
1118,AZB,4,0.0004
1119,AZC,4,0.0004
1120,AZD,4,0.0004
1121,AZE,4,0.0004
1122,AZF,4,0.0004
1123,AZG,4,0.0004
1124,AZH,4,0.0004
1125,AZI,4,0.0004
1126,AZJ,4,0.0004
1127,AZK,4,0.0004
1128,AZL,4,0.0004
1129,AZM,4,0.0004
1130,AZN,4,0.0004
1131,AZO,4,0.0004
1132,AZP,4,0.0004
1133,AZQ,4,0.0004
1134,AZR,4,0.0004
1135,AZS,4,0.0004
1136,AZT,4,0.0004
1137,AZU,4,0.0004
1138,AZV,4,0.0004
1139,AZW,4,0.0004
1140,AZX,4,0.0004
1141,AZY,4,0.0004
1142,AZZ,4,0.0004
1143,B,4,0.0004
1144,BA,4,0.0004
1145,BAA,4,0.0004
1146,BAB,4,0.0004
1147,BAC,4,0.0004
1148,BAD,4,0.0004
1149,BAE,4,0.0004
1150,BAF,4,0.0004
1151,BAG,4,0.0004
1152,BAH,4,0.0004
1153,BAI,4,0.0004
1154,BAJ,4,0.0004
1155,BAK,4,0.0004
1156,BAL,4,0.0004
1157,BAM,4,0.0004
1158,BAN,4,0.0004
1159,BAO,4,0.0004
1160,BAP,4,0.0004
1161,BAQ,4,0.0004
1162,BAR,4,0.0004
1163,BAS,4,0.0004
1164,BAT,4,0.0004
1165,BAU,4,0.0004
1166,BAV,4,0.0004
1167,BAW,4,0.0004
1168,BAX,4,0.0004
1169,BAY,4,0.0004
1170,BAZ,4,0.0004
1171,BB,4,0.0004
1172,BBA,4,0.0004
1173,BBB,4,0.0004
1174,BBC,4,0.0004
1175,BBD,4,0.0004
1176,BBE,4,0.0004
1177,BBF,4,0.0004
1178,BBG,4,0.0004
1179,BBH,4,0.0004
1180,BBI,4,0.0004
1181,BBJ,4,0.0004
1182,BBK,4,0.0004
1183,BBL,4,0.0004
1184,BBM,4,0.0004
1185,BBN,4,0.0004
1186,BBO,4,0.0004
1187,BBP,4,0.0004
1188,BBQ,4,0.0004
1189,BBR,4,0.0004
1190,BBS,4,0.0004
1191,BBT,4,0.0004
1192,BBU,4,0.0004
1193,BBV,4,0.0004
1194,BBW,4,0.0004
1195,BBX,4,0.0004
1196,BBY,4,0.0004
1197,BBZ,4,0.0004
1198,BC,4,0.0004
1199,BCA,4,0.0004
1200,BCB,4,0.0004
1201,BCC,4,0.0004
1202,BCD,4,0.0004
1203,BCE,4,0.0004
1204,BCF,4,0.0004
1205,BCG,4,0.0004
1206,BCH,4,0.0004
1207,BCI,4,0.0004
1208,BCJ,4,0.0004
1209,BCK,4,0.0004
1210,BCL,4,0.0004
1211,BCM,4,0.0004
1212,BCN,4,0.0004
1213,BCO,4,0.0004
1214,BCP,4,0.0004
1215,BCQ,4,0.0004
1216,BCR,4,0.0004
1217,BCS,4,0.0004
1218,BCT,4,0.0004
1219,BCU,4,0.0004
1220,BCV,4,0.0004
1221,BCW,4,0.0004
1222,BCX,4,0.0004
1223,BCY,4,0.0004
1224,BCZ,4,0.0004
1225,BD,4,0.0004
1226,BDA,4,0.0004
1227,BDB,4,0.0004
1228,BDC,4,0.0004
1229,BDD,4,0.0004
1230,BDE,4,0.0004
1231,BDF,4,0.0004
1232,BDG,4,0.0004
1233,BDH,4,0.0004
1234,BDI,4,0.0004
1235,BDJ,4,0.0004
1236,BDK,4,0.0004
1237,BDL,4,0.0004
1238,BDM,4,0.0004
1239,BDN,4,0.0004
1240,BDO,4,0.0004
1241,BDP,4,0.0004
1242,BDQ,4,0.0004
1243,BDR,4,0.0004
1244,BDS,4,0.0004
1245,BDT,4,0.0004
1246,BDU,4,0.0004
1247,BDV,4,0.0004
1248,BDW,4,0.0004
1249,BDX,4,0.0004
1250,BDY,4,0.0004
1251,BDZ,4,0.0004
1252,BE,4,0.0004
1253,BEA,4,0.0004
1254,BEB,4,0.0004
1255,BEC,4,0.0004
1256,BED,4,0.0004
1257,BEE,4,0.0004
1258,BEF,4,0.0004
1259,BEG,4,0.0004
1260,BEH,4,0.0004
1261,BEI,4,0.0004
1262,BEJ,4,0.0004
1263,BEK,4,0.0004
1264,BEL,4,0.0004
1265,BEM,4,0.0004
1266,BEN,4,0.0004
1267,BEO,4,0.0004
1268,BEP,4,0.0004
1269,BEQ,4,0.0004
1270,BER,4,0.0004
1271,BES,4,0.0004
1272,BET,4,0.0004
1273,BEU,4,0.0004
1274,BEV,4,0.0004
1275,BEW,4,0.0004
1276,BEX,4,0.0004
1277,BEY,4,0.0004
1278,BEZ,4,0.0004
1279,BF,4,0.0004
1280,BFA,4,0.0004
1281,BFB,4,0.0004
1282,BFC,4,0.0004
1283,BFD,4,0.0004
1284,BFE,4,0.0004
1285,BFF,4,0.0004
1286,BFG,4,0.0004
1287,BFH,4,0.0004
1288,BFI,4,0.0004
1289,BFJ,4,0.0004
1290,BFK,4,0.0004
1291,BFL,4,0.0004
1292,BFM,4,0.0004
1293,BFN,4,0.0004
1294,BFO,4,0.0004
1295,BFP,4,0.0004
1296,BFQ,4,0.0004
1297,BFR,4,0.0004
1298,BFS,4,0.0004
1299,BFT,4,0.0004
1300,BFU,4,0.0004
1301,BFV,4,0.0004
1302,BFW,4,0.0004
1303,BFX,4,0.0004
1304,BFY,4,0.0004
1305,BFZ,4,0.0004
1306,BG,4,0.0004
1307,BGA,4,0.0004
1308,BGB,4,0.0004
1309,BGC,4,0.0004
1310,BGD,4,0.0004
1311,BGE,4,0.0004
1312,BGF,4,0.0004
1313,BGG,4,0.0004
1314,BGH,4,0.0004
1315,BGI,4,0.0004
1316,BGJ,4,0.0004
1317,BGK,4,0.0004
1318,BGL,4,0.0004
1319,BGM,4,0.0004
1320,BGN,4,0.0004
1321,BGO,4,0.0004
1322,BGP,4,0.0004
1323,BGQ,4,0.0004
1324,BGR,4,0.0004
1325,BGS,4,0.0004
1326,BGT,4,0.0004
1327,BGU,4,0.0004
1328,BGV,4,0.0004
1329,BGW,4,0.0004
1330,BGX,4,0.0004
1331,BGY,4,0.0004
1332,BGZ,4,0.0004
1333,BH,4,0.0004
1334,BHA,4,0.0004
1335,BHB,4,0.0004
1336,BHC,4,0.0004
1337,BHD,4,0.0004
1338,BHE,4,0.0004
1339,BHF,4,0.0004
1340,BHG,4,0.0004
1341,BHH,4,0.0004
1342,BHI,4,0.0004
1343,BHJ,4,0.0004
1344,BHK,4,0.0004
1345,BHL,4,0.0004
1346,BHM,4,0.0004
1347,BHN,4,0.0004
1348,BHO,4,0.0004
1349,BHP,4,0.0004
1350,BHQ,4,0.0004
1351,BHR,4,0.0004
1352,BHS,4,0.0004
1353,BHT,4,0.0004
1354,BHU,4,0.0004
1355,BHV,4,0.0004
1356,BHW,4,0.0004
1357,BHX,4,0.0004
1358,BHY,4,0.0004
1359,BHZ,4,0.0004
1360,BI,4,0.0004
1361,BIA,4,0.0004
1362,BIB,4,0.0004
1363,BIC,4,0.0004
1364,BID,4,0.0004
1365,BIE,4,0.0004
1366,BIF,4,0.0004
1367,BIG,4,0.0004
1368,BIH,4,0.0004
1369,BII,4,0.0004
1370,BIJ,4,0.0004
1371,BIK,4,0.0004
1372,BIL,4,0.0004
1373,BIM,4,0.0004
1374,BIN,4,0.0004
1375,BIO,4,0.0004
1376,BIP,4,0.0004
1377,BIQ,4,0.0004
1378,BIR,4,0.0004
1379,BIS,4,0.0004
1380,BIT,4,0.0004
1381,BIU,4,0.0004
1382,BIV,4,0.0004
1383,BIW,4,0.0004
1384,BIX,4,0.0004
1385,BIY,4,0.0004
1386,BIZ,4,0.0004
1387,BJ,4,0.0004
1388,BJA,4,0.0004
1389,BJB,4,0.0004
1390,BJC,4,0.0004
1391,BJD,4,0.0004
1392,BJE,4,0.0004
1393,BJF,4,0.0004
1394,BJG,4,0.0004
1395,BJH,4,0.0004
1396,BJI,4,0.0004
1397,BJJ,4,0.0004
1398,BJK,4,0.0004
1399,BJL,4,0.0004
1400,BJM,4,0.0004
1401,BJN,4,0.0004
1402,BJO,4,0.0004
1403,BJP,4,0.0004
1404,BJQ,4,0.0004
1405,BJR,4,0.0004
1406,BJS,4,0.0004
1407,BJT,4,0.0004
1408,BJU,4,0.0004
1409,BJV,4,0.0004
1410,BJW,4,0.0004
1411,BJX,4,0.0004
1412,BJY,4,0.0004
1413,BJZ,4,0.0004
1414,BK,4,0.0004
1415,BKA,4,0.0004
1416,BKB,4,0.0004
1417,BKC,4,0.0004
1418,BKD,4,0.0004
1419,BKE,4,0.0004
1420,BKF,4,0.0004
1421,BKG,4,0.0004
1422,BKH,4,0.0004
1423,BKI,4,0.0004
1424,BKJ,4,0.0004
1425,BKK,4,0.0004
1426,BKL,4,0.0004
1427,BKM,4,0.0004
1428,BKN,4,0.0004
1429,BKO,4,0.0004
1430,BKP,4,0.0004
1431,BKQ,4,0.0004
1432,BKR,4,0.0004
1433,BKS,4,0.0004
1434,BKT,4,0.0004
1435,BKU,4,0.0004
1436,BKV,4,0.0004
1437,BKW,4,0.0004
1438,BKX,4,0.0004
1439,BKY,4,0.0004
1440,BKZ,4,0.0004
1441,BL,4,0.0004
1442,BLA,4,0.0004
1443,BLB,4,0.0004
1444,BLC,4,0.0004
1445,BLD,4,0.0004
1446,BLE,4,0.0004
1447,BLF,4,0.0004
1448,BLG,4,0.0004
1449,BLH,4,0.0004
1450,BLI,4,0.0004
1451,BLJ,4,0.0004
1452,BLK,4,0.0004
1453,BLL,4,0.0004
1454,BLM,4,0.0004
1455,BLN,4,0.0004
1456,BLO,4,0.0004
1457,BLP,4,0.0004
1458,BLQ,4,0.0004
1459,BLR,4,0.0004
1460,BLS,4,0.0004
1461,BLT,4,0.0004
1462,BLU,4,0.0004
1463,BLV,4,0.0004
1464,BLW,4,0.0004
1465,BLX,4,0.0004
1466,BLY,4,0.0004
1467,BLZ,4,0.0004
1468,BM,4,0.0004
1469,BMA,4,0.0004
1470,BMB,4,0.0004
1471,BMC,4,0.0004
1472,BMD,4,0.0004
1473,BME,4,0.0004
1474,BMF,4,0.0004
1475,BMG,4,0.0004
1476,BMH,4,0.0004
1477,BMI,4,0.0004
1478,BMJ,4,0.0004
1479,BMK,4,0.0004
1480,BML,4,0.0004
1481,BMM,4,0.0004
1482,BMN,4,0.0004
1483,BMO,4,0.0004
1484,BMP,4,0.0004
1485,BMQ,4,0.0004
1486,BMR,4,0.0004
1487,BMS,4,0.0004
1488,BMT,4,0.0004
1489,BMU,4,0.0004
1490,BMV,4,0.0004
1491,BMW,4,0.0004
1492,BMX,4,0.0004
1493,BMY,4,0.0004
1494,BMZ,4,0.0004
1495,BN,4,0.0004
1496,BNA,4,0.0004
1497,BNB,4,0.0004
1498,BNC,4,0.0004
1499,BND,4,0.0004
1500,BNE,4,0.0004
1501,BNF,4,0.0004
1502,BNG,4,0.0004
1503,BNH,4,0.0004
1504,BNI,4,0.0004
1505,BNJ,4,0.0004
1506,BNK,4,0.0004
1507,BNL,4,0.0004
1508,BNM,4,0.0004
1509,BNN,4,0.0004
1510,BNO,4,0.0004
1511,BNP,4,0.0004
1512,BNQ,4,0.0004
1513,BNR,4,0.0004
1514,BNS,4,0.0004
1515,BNT,4,0.0004
1516,BNU,4,0.0004
1517,BNV,4,0.0004
1518,BNW,4,0.0004
1519,BNX,4,0.0004
1520,BNY,4,0.0004
1521,BNZ,4,0.0004
1522,BO,4,0.0004
1523,BOA,4,0.0004
1524,BOB,4,0.0004
1525,BOC,4,0.0004
1526,BOD,4,0.0004
1527,BOE,4,0.0004
1528,BOF,4,0.0004
1529,BOG,4,0.0004
1530,BOH,4,0.0004
1531,BOI,4,0.0004
1532,BOJ,4,0.0004
1533,BOK,4,0.0004
1534,BOL,4,0.0004
1535,BOM,4,0.0004
1536,BON,4,0.0004
1537,BOO,4,0.0004
1538,BOP,4,0.0004
1539,BOQ,4,0.0004
1540,BOR,4,0.0004
1541,BOS,4,0.0004
1542,BOT,4,0.0004
1543,BOU,4,0.0004
1544,BOV,4,0.0004
1545,BOW,4,0.0004
1546,BOX,4,0.0004
1547,BOY,4,0.0004
1548,BOZ,4,0.0004
1549,BP,4,0.0004
1550,BPA,4,0.0004
1551,BPB,4,0.0004
1552,BPC,4,0.0004
1553,BPD,4,0.0004
1554,BPE,4,0.0004
1555,BPF,4,0.0004
1556,BPG,4,0.0004
1557,BPH,4,0.0004
1558,BPI,4,0.0004
1559,BPJ,4,0.0004
1560,BPK,4,0.0004
1561,BPL,4,0.0004
1562,BPM,4,0.0004
1563,BPN,4,0.0004
1564,BPO,4,0.0004
1565,BPP,4,0.0004
1566,BPQ,4,0.0004
1567,BPR,4,0.0004
1568,BPS,4,0.0004
1569,BPT,4,0.0004
1570,BPU,4,0.0004
1571,BPV,4,0.0004
1572,BPW,4,0.0004
1573,BPX,4,0.0004
1574,BPY,4,0.0004
1575,BPZ,4,0.0004
1576,BQ,4,0.0004
1577,BQA,4,0.0004
1578,BQB,4,0.0004
1579,BQC,4,0.0004
1580,BQD,4,0.0004
1581,BQE,4,0.0004
1582,BQF,4,0.0004
1583,BQG,4,0.0004
1584,BQH,4,0.0004
1585,BQI,4,0.0004
1586,BQJ,4,0.0004
1587,BQK,4,0.0004
1588,BQL,4,0.0004
1589,BQM,4,0.0004
1590,BQN,4,0.0004
1591,BQO,4,0.0004
1592,BQP,4,0.0004
1593,BQQ,4,0.0004
1594,BQR,4,0.0004
1595,BQS,4,0.0004
1596,BQT,4,0.0004
1597,BQU,4,0.0004
1598,BQV,4,0.0004
1599,BQW,4,0.0004
1600,BQX,4,0.0004
1601,BQY,4,0.0004
1602,BQZ,4,0.0004
1603,BR,4,0.0004
1604,BRA,4,0.0004
1605,BRB,4,0.0004
1606,BRC,4,0.0004
1607,BRD,4,0.0004
1608,BRE,4,0.0004
1609,BRF,4,0.0004
1610,BRG,4,0.0004
1611,BRH,4,0.0004
1612,BRI,4,0.0004
1613,BRJ,4,0.0004
1614,BRK,4,0.0004
1615,BRL,4,0.0004
1616,BRM,4,0.0004
1617,BRN,4,0.0004
1618,BRO,4,0.0004
1619,BRP,4,0.0004
1620,BRQ,4,0.0004
1621,BRR,4,0.0004
1622,BRS,4,0.0004
1623,BRT,4,0.0004
1624,BRU,4,0.0004
1625,BRV,4,0.0004
1626,BRW,4,0.0004
1627,BRX,4,0.0004
1628,BRY,4,0.0004
1629,BRZ,4,0.0004
1630,BS,4,0.0004
1631,BSA,4,0.0004
1632,BSB,4,0.0004
1633,BSC,4,0.0004
1634,BSD,4,0.0004
1635,BSE,4,0.0004
1636,BSF,4,0.0004
1637,BSG,4,0.0004
1638,BSH,4,0.0004
1639,BSI,4,0.0004
1640,BSJ,4,0.0004
1641,BSK,4,0.0004
1642,BSL,4,0.0004
1643,BSM,4,0.0004
1644,BSN,4,0.0004
1645,BSO,4,0.0004
1646,BSP,4,0.0004
1647,BSQ,4,0.0004
1648,BSR,4,0.0004
1649,BSS,4,0.0004
1650,BST,4,0.0004
1651,BSU,4,0.0004
1652,BSV,4,0.0004
1653,BSW,4,0.0004
1654,BSX,4,0.0004
1655,BSY,4,0.0004
1656,BSZ,4,0.0004
1657,BT,4,0.0004
1658,BTA,4,0.0004
1659,BTB,4,0.0004
1660,BTC,4,0.0004
1661,BTD,4,0.0004
1662,BTE,4,0.0004
1663,BTF,4,0.0004
1664,BTG,4,0.0004
1665,BTH,4,0.0004
1666,BTI,4,0.0004
1667,BTJ,4,0.0004
1668,BTK,4,0.0004
1669,BTL,4,0.0004
1670,BTM,4,0.0004
1671,BTN,4,0.0004
1672,BTO,4,0.0004
1673,BTP,4,0.0004
1674,BTQ,4,0.0004
1675,BTR,4,0.0004
1676,BTS,4,0.0004
1677,BTT,4,0.0004
1678,BTU,4,0.0004
1679,BTV,4,0.0004
1680,BTW,4,0.0004
1681,BTX,4,0.0004
1682,BTY,4,0.0004
1683,BTZ,4,0.0004
1684,BU,4,0.0004
1685,BUA,4,0.0004
1686,BUB,4,0.0004
1687,BUC,4,0.0004
1688,BUD,4,0.0004
1689,BUE,4,0.0004
1690,BUF,4,0.0004
1691,BUG,4,0.0004
1692,BUH,4,0.0004
1693,BUI,4,0.0004
1694,BUJ,4,0.0004
1695,BUK,4,0.0004
1696,BUL,4,0.0004
1697,BUM,4,0.0004
1698,BUN,4,0.0004
1699,BUO,4,0.0004
1700,BUP,4,0.0004
1701,BUQ,4,0.0004
1702,BUR,4,0.0004
1703,BUS,4,0.0004
1704,BUT,4,0.0004
1705,BUU,4,0.0004
1706,BUV,4,0.0004
1707,BUW,4,0.0004
1708,BUX,4,0.0004
1709,BUY,4,0.0004
1710,BUZ,4,0.0004
1711,BV,4,0.0004
1712,BVA,4,0.0004
1713,BVB,4,0.0004
1714,BVC,4,0.0004
1715,BVD,4,0.0004
1716,BVE,4,0.0004
1717,BVF,4,0.0004
1718,BVG,4,0.0004
1719,BVH,4,0.0004
1720,BVI,4,0.0004
1721,BVJ,4,0.0004
1722,BVK,4,0.0004
1723,BVL,4,0.0004
1724,BVM,4,0.0004
1725,BVN,4,0.0004
1726,BVO,4,0.0004
1727,BVP,4,0.0004
1728,BVQ,4,0.0004
1729,BVR,4,0.0004
1730,BVS,4,0.0004
1731,BVT,4,0.0004
1732,BVU,4,0.0004
1733,BVV,4,0.0004
1734,BVW,4,0.0004
1735,BVX,4,0.0004
1736,BVY,4,0.0004
1737,BVZ,4,0.0004
1738,BW,4,0.0004
1739,BWA,4,0.0004
1740,BWB,4,0.0004
1741,BWC,4,0.0004
1742,BWD,4,0.0004
1743,BWE,4,0.0004
1744,BWF,4,0.0004
1745,BWG,4,0.0004
1746,BWH,4,0.0004
1747,BWI,4,0.0004
1748,BWJ,4,0.0004
1749,BWK,4,0.0004
1750,BWL,4,0.0004
1751,BWM,4,0.0004
1752,BWN,4,0.0004
1753,BWO,4,0.0004
1754,BWP,4,0.0004
1755,BWQ,4,0.0004
1756,BWR,4,0.0004
1757,BWS,4,0.0004
1758,BWT,4,0.0004
1759,BWU,4,0.0004
1760,BWV,4,0.0004
1761,BWW,4,0.0004
1762,BWX,4,0.0004
1763,BWY,4,0.0004
1764,BWZ,4,0.0004
1765,BX,4,0.0004
1766,BXA,4,0.0004
1767,BXB,4,0.0004
1768,BXC,4,0.0004
1769,BXD,4,0.0004
1770,BXE,4,0.0004
1771,BXF,4,0.0004
1772,BXG,4,0.0004
1773,BXH,4,0.0004
1774,BXI,4,0.0004
1775,BXJ,4,0.0004
1776,BXK,4,0.0004
1777,BXL,4,0.0004
1778,BXM,4,0.0004
1779,BXN,4,0.0004
1780,BXO,4,0.0004
1781,BXP,4,0.0004
1782,BXQ,4,0.0004
1783,BXR,4,0.0004
1784,BXS,4,0.0004
1785,BXT,4,0.0004
1786,BXU,4,0.0004
1787,BXV,4,0.0004
1788,BXW,4,0.0004
1789,BXX,4,0.0004
1790,BXY,4,0.0004
1791,BXZ,4,0.0004
1792,BY,4,0.0004
1793,BYA,4,0.0004
1794,BYB,4,0.0004
1795,BYC,4,0.0004
1796,BYD,4,0.0004
1797,BYE,4,0.0004
1798,BYF,4,0.0004
1799,BYG,4,0.0004
1800,BYH,4,0.0004
1801,BYI,4,0.0004
1802,BYJ,4,0.0004
1803,BYK,4,0.0004
1804,BYL,4,0.0004
1805,BYM,4,0.0004
1806,BYN,4,0.0004
1807,BYO,4,0.0004
1808,BYP,4,0.0004
1809,BYQ,4,0.0004
1810,BYR,4,0.0004
1811,BYS,4,0.0004
1812,BYT,4,0.0004
1813,BYU,4,0.0004
1814,BYV,4,0.0004
1815,BYW,4,0.0004
1816,BYX,4,0.0004
1817,BYY,4,0.0004
1818,BYZ,4,0.0004
1819,BZ,4,0.0004
1820,BZA,4,0.0004
1821,BZB,4,0.0004
1822,BZC,4,0.0004
1823,BZD,4,0.0004
1824,BZE,4,0.0004
1825,BZF,4,0.0004
1826,BZG,4,0.0004
1827,BZH,4,0.0004
1828,BZI,4,0.0004
1829,BZJ,4,0.0004
1830,BZK,4,0.0004
1831,BZL,4,0.0004
1832,BZM,4,0.0004
1833,BZN,4,0.0004
1834,BZO,4,0.0004
1835,BZP,4,0.0004
1836,BZQ,4,0.0004
1837,BZR,4,0.0004
1838,BZS,4,0.0004
1839,BZT,4,0.0004
1840,BZU,4,0.0004
1841,BZV,4,0.0004
1842,BZW,4,0.0004
1843,BZX,4,0.0004
1844,BZY,4,0.0004
1845,BZZ,4,0.0004
1846,C,4,0.0004
1847,CA,4,0.0004
1848,CAA,4,0.0004
1849,CAB,4,0.0004
1850,CAC,4,0.0004
1851,CAD,4,0.0004
1852,CAE,4,0.0004
1853,CAF,4,0.0004
1854,CAG,4,0.0004
1855,CAH,4,0.0004
1856,CAI,4,0.0004
1857,CAJ,4,0.0004
1858,CAK,4,0.0004
1859,CAL,4,0.0004
1860,CAM,4,0.0004
1861,CAN,4,0.0004
1862,CAO,4,0.0004
1863,CAP,4,0.0004
1864,CAQ,4,0.0004
1865,CAR,4,0.0004
1866,CAS,4,0.0004
1867,CAT,4,0.0004
1868,CAU,4,0.0004
1869,CAV,4,0.0004
1870,CAW,4,0.0004
1871,CAX,4,0.0004
1872,CAY,4,0.0004
1873,CAZ,4,0.0004
1874,CB,4,0.0004
1875,CBA,4,0.0004
1876,CBB,4,0.0004
1877,CBC,4,0.0004
1878,CBD,4,0.0004
1879,CBE,4,0.0004
1880,CBF,4,0.0004
1881,CBG,4,0.0004
1882,CBH,4,0.0004
1883,CBI,4,0.0004
1884,CBJ,4,0.0004
1885,CBK,4,0.0004
1886,CBL,4,0.0004
1887,CBM,4,0.0004
1888,CBN,4,0.0004
1889,CBO,4,0.0004
1890,CBP,4,0.0004
1891,CBQ,4,0.0004
1892,CBR,4,0.0004
1893,CBS,4,0.0004
1894,CBT,4,0.0004
1895,CBU,4,0.0004
1896,CBV,4,0.0004
1897,CBW,4,0.0004
1898,CBX,4,0.0004
1899,CBY,4,0.0004
1900,CBZ,4,0.0004
1901,CC,4,0.0004
1902,CCA,4,0.0004
1903,CCB,4,0.0004
1904,CCC,4,0.0004
1905,CCD,4,0.0004
1906,CCE,4,0.0004
1907,CCF,4,0.0004
1908,CCG,4,0.0004
1909,CCH,4,0.0004
1910,CCI,4,0.0004
1911,CCJ,4,0.0004
1912,CCK,4,0.0004
1913,CCL,4,0.0004
1914,CCM,4,0.0004
1915,CCN,4,0.0004
1916,CCO,4,0.0004
1917,CCP,4,0.0004
1918,CCQ,4,0.0004
1919,CCR,4,0.0004
1920,CCS,4,0.0004
1921,CCT,4,0.0004
1922,CCU,4,0.0004
1923,CCV,4,0.0004
1924,CCW,4,0.0004
1925,CCX,4,0.0004
1926,CCY,4,0.0004
1927,CCZ,4,0.0004
1928,CD,4,0.0004
1929,CDA,4,0.0004
1930,CDB,4,0.0004
1931,CDC,4,0.0004
1932,CDD,4,0.0004
1933,CDE,4,0.0004
1934,CDF,4,0.0004
1935,CDG,4,0.0004
1936,CDH,4,0.0004
1937,CDI,4,0.0004
1938,CDJ,4,0.0004
1939,CDK,4,0.0004
1940,CDL,4,0.0004
1941,CDM,4,0.0004
1942,CDN,4,0.0004
1943,CDO,4,0.0004
1944,CDP,4,0.0004
1945,CDQ,4,0.0004
1946,CDR,4,0.0004
1947,CDS,4,0.0004
1948,CDT,4,0.0004
1949,CDU,4,0.0004
1950,CDV,4,0.0004
1951,CDW,4,0.0004
1952,CDX,4,0.0004
1953,CDY,4,0.0004
1954,CDZ,4,0.0004
1955,CE,4,0.0004
1956,CEA,4,0.0004
1957,CEB,4,0.0004
1958,CEC,4,0.0004
1959,CED,4,0.0004
1960,CEE,4,0.0004
1961,CEF,4,0.0004
1962,CEG,4,0.0004
1963,CEH,4,0.0004
1964,CEI,4,0.0004
1965,CEJ,4,0.0004
1966,CEK,4,0.0004
1967,CEL,4,0.0004
1968,CEM,4,0.0004
1969,CEN,4,0.0004
1970,CEO,4,0.0004
1971,CEP,4,0.0004
1972,CEQ,4,0.0004
1973,CER,4,0.0004
1974,CES,4,0.0004
1975,CET,4,0.0004
1976,CEU,4,0.0004
1977,CEV,4,0.0004
1978,CEW,4,0.0004
1979,CEX,4,0.0004
1980,CEY,4,0.0004
1981,CEZ,4,0.0004
1982,CF,4,0.0004
1983,CFA,4,0.0004
1984,CFB,4,0.0004
1985,CFC,4,0.0004
1986,CFD,4,0.0004
1987,CFE,4,0.0004
1988,CFF,4,0.0004
1989,CFG,4,0.0004
1990,CFH,4,0.0004
1991,CFI,4,0.0004
1992,CFJ,4,0.0004
1993,CFK,4,0.0004
1994,CFL,4,0.0004
1995,CFM,4,0.0004
1996,CFN,4,0.0004
1997,CFO,4,0.0004
1998,CFP,4,0.0004
1999,CFQ,4,0.0004
2000,CFR,4,0.0004
2001,CFS,4,0.0004
2002,CFT,4,0.0004
2003,CFU,4,0.0004
2004,CFV,4,0.0004
2005,CFW,4,0.0004
2006,CFX,4,0.0004
2007,CFY,4,0.0004
2008,CFZ,4,0.0004
2009,CG,4,0.0004
2010,CGA,4,0.0004
2011,CGB,4,0.0004
2012,CGC,4,0.0004
2013,CGD,4,0.0004
2014,CGE,4,0.0004
2015,CGF,4,0.0004
2016,CGG,4,0.0004
2017,CGH,4,0.0004
2018,CGI,4,0.0004
2019,CGJ,4,0.0004
2020,CGK,4,0.0004
2021,CGL,4,0.0004
2022,CGM,4,0.0004
2023,CGN,4,0.0004
2024,CGO,4,0.0004
2025,CGP,4,0.0004
2026,CGQ,4,0.0004
2027,CGR,4,0.0004
2028,CGS,4,0.0004
2029,CGT,4,0.0004
2030,CGU,4,0.0004
2031,CGV,4,0.0004
2032,CGW,4,0.0004
2033,CGX,4,0.0004
2034,CGY,4,0.0004
2035,CGZ,4,0.0004
2036,CH,4,0.0004
2037,CHA,4,0.0004
2038,CHB,4,0.0004
2039,CHC,4,0.0004
2040,CHD,4,0.0004
2041,CHE,4,0.0004
2042,CHF,4,0.0004
2043,CHG,4,0.0004
2044,CHH,4,0.0004
2045,CHI,4,0.0004
2046,CHJ,4,0.0004
2047,CHK,4,0.0004
2048,CHL,4,0.0004
2049,CHM,4,0.0004
2050,CHN,4,0.0004
2051,CHO,4,0.0004
2052,CHP,4,0.0004
2053,CHQ,4,0.0004
2054,CHR,4,0.0004
2055,CHS,4,0.0004
2056,CHT,4,0.0004
2057,CHU,4,0.0004
2058,CHV,4,0.0004
2059,CHW,4,0.0004
2060,CHX,4,0.0004
2061,CHY,4,0.0004
2062,CHZ,4,0.0004
2063,CI,4,0.0004
2064,CIA,4,0.0004
2065,CIB,4,0.0004
2066,CIC,4,0.0004
2067,CID,4,0.0004
2068,CIE,4,0.0004
2069,CIF,4,0.0004
2070,CIG,4,0.0004
2071,CIH,4,0.0004
2072,CII,4,0.0004
2073,CIJ,4,0.0004
2074,CIK,4,0.0004
2075,CIL,4,0.0004
2076,CIM,4,0.0004
2077,CIN,4,0.0004
2078,CIO,4,0.0004
2079,CIP,4,0.0004
2080,CIQ,4,0.0004
2081,CIR,4,0.0004
2082,CIS,4,0.0004
2083,CIT,4,0.0004
2084,CIU,4,0.0004
2085,CIV,4,0.0004
2086,CIW,4,0.0004
2087,CIX,4,0.0004
2088,CIY,4,0.0004
2089,CIZ,4,0.0004
2090,CJ,4,0.0004
2091,CJA,4,0.0004
2092,CJB,4,0.0004
2093,CJC,4,0.0004
2094,CJD,4,0.0004
2095,CJE,4,0.0004
2096,CJF,4,0.0004
2097,CJG,4,0.0004
2098,CJH,4,0.0004
2099,CJI,4,0.0004
2100,CJJ,4,0.0004
2101,CJK,4,0.0004
2102,CJL,4,0.0004
2103,CJM,4,0.0004
2104,CJN,4,0.0004
2105,CJO,4,0.0004
2106,CJP,4,0.0004
2107,CJQ,4,0.0004
2108,CJR,4,0.0004
2109,CJS,4,0.0004
2110,CJT,4,0.0004
2111,CJU,4,0.0004
2112,CJV,4,0.0004
2113,CJW,4,0.0004
2114,CJX,4,0.0004
2115,CJY,4,0.0004
2116,CJZ,4,0.0004
2117,CK,4,0.0004
2118,CKA,4,0.0004
2119,CKB,4,0.0004
2120,CKC,4,0.0004
2121,CKD,4,0.0004
2122,CKE,4,0.0004
2123,CKF,4,0.0004
2124,CKG,4,0.0004
2125,CKH,4,0.0004
2126,CKI,4,0.0004
2127,CKJ,4,0.0004
2128,CKK,4,0.0004
2129,CKL,4,0.0004
2130,CKM,4,0.0004
2131,CKN,4,0.0004
2132,CKO,4,0.0004
2133,CKP,4,0.0004
2134,CKQ,4,0.0004
2135,CKR,4,0.0004
2136,CKS,4,0.0004
2137,CKT,4,0.0004
2138,CKU,4,0.0004
2139,CKV,4,0.0004
2140,CKW,4,0.0004
2141,CKX,4,0.0004
2142,CKY,4,0.0004
2143,CKZ,4,0.0004
2144,CL,4,0.0004
2145,CLA,4,0.0004
2146,CLB,4,0.0004
2147,CLC,4,0.0004
2148,CLD,4,0.0004
2149,CLE,4,0.0004
2150,CLF,4,0.0004
2151,CLG,4,0.0004
2152,CLH,4,0.0004
2153,CLI,4,0.0004
2154,CLJ,4,0.0004
2155,CLK,4,0.0004
2156,CLL,4,0.0004
2157,CLM,4,0.0004
2158,CLN,4,0.0004
2159,CLO,4,0.0004
2160,CLP,4,0.0004
2161,CLQ,4,0.0004
2162,CLR,4,0.0004
2163,CLS,4,0.0004
2164,CLT,4,0.0004
2165,CLU,4,0.0004
2166,CLV,4,0.0004
2167,CLW,4,0.0004
2168,CLX,4,0.0004
2169,CLY,4,0.0004
2170,CLZ,4,0.0004
2171,CM,4,0.0004
2172,CMA,4,0.0004
2173,CMB,4,0.0004
2174,CMC,4,0.0004
2175,CMD,4,0.0004
2176,CME,4,0.0004
2177,CMF,4,0.0004
2178,CMG,4,0.0004
2179,CMH,4,0.0004
2180,CMI,4,0.0004
2181,CMJ,4,0.0004
2182,CMK,4,0.0004
2183,CML,4,0.0004
2184,CMM,4,0.0004
2185,CMN,4,0.0004
2186,CMO,4,0.0004
2187,CMP,4,0.0004
2188,CMQ,4,0.0004
2189,CMR,4,0.0004
2190,CMS,4,0.0004
2191,CMT,4,0.0004
2192,CMU,4,0.0004
2193,CMV,4,0.0004
2194,CMW,4,0.0004
2195,CMX,4,0.0004
2196,CMY,4,0.0004
2197,CMZ,4,0.0004
2198,CN,4,0.0004
2199,CNA,4,0.0004
2200,CNB,4,0.0004
2201,CNC,4,0.0004
2202,CND,4,0.0004
2203,CNE,4,0.0004
2204,CNF,4,0.0004
2205,CNG,4,0.0004
2206,CNH,4,0.0004
2207,CNI,4,0.0004
2208,CNJ,4,0.0004
2209,CNK,4,0.0004
2210,CNL,4,0.0004
2211,CNM,4,0.0004
2212,CNN,4,0.0004
2213,CNO,4,0.0004
2214,CNP,4,0.0004
2215,CNQ,4,0.0004
2216,CNR,4,0.0004
2217,CNS,4,0.0004
2218,CNT,4,0.0004
2219,CNU,4,0.0004
2220,CNV,4,0.0004
2221,CNW,4,0.0004
2222,CNX,4,0.0004
2223,CNY,4,0.0004
2224,CNZ,4,0.0004
2225,CO,4,0.0004
2226,COA,4,0.0004
2227,COB,4,0.0004
2228,COC,4,0.0004
2229,COD,4,0.0004
2230,COE,4,0.0004
2231,COF,4,0.0004
2232,COG,4,0.0004
2233,COH,4,0.0004
2234,COI,4,0.0004
2235,COJ,4,0.0004
2236,COK,4,0.0004
2237,COL,4,0.0004
2238,COM,4,0.0004
2239,CON,4,0.0004
2240,COO,4,0.0004
2241,COP,4,0.0004
2242,COQ,4,0.0004
2243,COR,4,0.0004
2244,COS,4,0.0004
2245,COT,4,0.0004
2246,COU,4,0.0004
2247,COV,4,0.0004
2248,COW,4,0.0004
2249,COX,4,0.0004
2250,COY,4,0.0004
2251,COZ,4,0.0004
2252,CP,4,0.0004
2253,CPA,4,0.0004
2254,CPB,4,0.0004
2255,CPC,4,0.0004
2256,CPD,4,0.0004
2257,CPE,4,0.0004
2258,CPF,4,0.0004
2259,CPG,4,0.0004
2260,CPH,4,0.0004
2261,CPI,4,0.0004
2262,CPJ,4,0.0004
2263,CPK,4,0.0004
2264,CPL,4,0.0004
2265,CPM,4,0.0004
2266,CPN,4,0.0004
2267,CPO,4,0.0004
2268,CPP,4,0.0004
2269,CPQ,4,0.0004
2270,CPR,4,0.0004
2271,CPS,4,0.0004
2272,CPT,4,0.0004
2273,CPU,4,0.0004
2274,CPV,4,0.0004
2275,CPW,4,0.0004
2276,CPX,4,0.0004
2277,CPY,4,0.0004
2278,CPZ,4,0.0004
2279,CQ,4,0.0004
2280,CQA,4,0.0004
2281,CQB,4,0.0004
2282,CQC,4,0.0004
2283,CQD,4,0.0004
2284,CQE,4,0.0004
2285,CQF,4,0.0004
2286,CQG,4,0.0004
2287,CQH,4,0.0004
2288,CQI,4,0.0004
2289,CQJ,4,0.0004
2290,CQK,4,0.0004
2291,CQL,4,0.0004
2292,CQM,4,0.0004
2293,CQN,4,0.0004
2294,CQO,4,0.0004
2295,CQP,4,0.0004
2296,CQQ,4,0.0004
2297,CQR,4,0.0004
2298,CQS,4,0.0004
2299,CQT,4,0.0004
2300,CQU,4,0.0004
2301,CQV,4,0.0004
2302,CQW,4,0.0004
2303,CQX,4,0.0004
2304,CQY,4,0.0004
2305,CQZ,4,0.0004
2306,CR,4,0.0004
2307,CRA,4,0.0004
2308,CRB,4,0.0004
2309,CRC,4,0.0004
2310,CRD,4,0.0004
2311,CRE,4,0.0004
2312,CRF,4,0.0004
2313,CRG,4,0.0004
2314,CRH,4,0.0004
2315,CRI,4,0.0004
2316,CRJ,4,0.0004
2317,CRK,4,0.0004
2318,CRL,4,0.0004
2319,CRM,4,0.0004
2320,CRN,4,0.0004
2321,CRO,4,0.0004
2322,CRP,4,0.0004
2323,CRQ,4,0.0004
2324,CRR,4,0.0004
2325,CRS,4,0.0004
2326,CRT,4,0.0004
2327,CRU,4,0.0004
2328,CRV,4,0.0004
2329,CRW,4,0.0004
2330,CRX,4,0.0004
2331,CRY,4,0.0004
2332,CRZ,4,0.0004
2333,CS,4,0.0004
2334,CSA,4,0.0004
2335,CSB,4,0.0004
2336,CSC,4,0.0004
2337,CSD,4,0.0004
2338,CSE,4,0.0004
2339,CSF,4,0.0004
2340,CSG,4,0.0004
2341,CSH,4,0.0004
2342,CSI,4,0.0004
2343,CSJ,4,0.0004
2344,CSK,4,0.0004
2345,CSL,4,0.0004
2346,CSM,4,0.0004
2347,CSN,4,0.0004
2348,CSO,4,0.0004
2349,CSP,4,0.0004
2350,CSQ,4,0.0004
2351,CSR,4,0.0004
2352,CSS,4,0.0004
2353,CST,4,0.0004
2354,CSU,4,0.0004
2355,CSV,4,0.0004
2356,CSW,4,0.0004
2357,CSX,4,0.0004
2358,CSY,4,0.0004
2359,CSZ,4,0.0004
2360,CT,4,0.0004
2361,CTA,4,0.0004
2362,CTB,4,0.0004
2363,CTC,4,0.0004
2364,CTD,4,0.0004
2365,CTE,4,0.0004
2366,CTF,4,0.0004
2367,CTG,4,0.0004
2368,CTH,4,0.0004
2369,CTI,4,0.0004
2370,CTJ,4,0.0004
2371,CTK,4,0.0004
2372,CTL,4,0.0004
2373,CTM,4,0.0004
2374,CTN,4,0.0004
2375,CTO,4,0.0004
2376,CTP,4,0.0004
2377,CTQ,4,0.0004
2378,CTR,4,0.0004
2379,CTS,4,0.0004
2380,CTT,4,0.0004
2381,CTU,4,0.0004
2382,CTV,4,0.0004
2383,CTW,4,0.0004
2384,CTX,4,0.0004
2385,CTY,4,0.0004
2386,CTZ,4,0.0004
2387,CU,4,0.0004
2388,CUA,4,0.0004
2389,CUB,4,0.0004
2390,CUC,4,0.0004
2391,CUD,4,0.0004
2392,CUE,4,0.0004
2393,CUF,4,0.0004
2394,CUG,4,0.0004
2395,CUH,4,0.0004
2396,CUI,4,0.0004
2397,CUJ,4,0.0004
2398,CUK,4,0.0004
2399,CUL,4,0.0004
2400,CUM,4,0.0004
2401,CUN,4,0.0004
2402,CUO,4,0.0004
2403,CUP,4,0.0004
2404,CUQ,4,0.0004
2405,CUR,4,0.0004
2406,CUS,4,0.0004
2407,CUT,4,0.0004
2408,CUU,4,0.0004
2409,CUV,4,0.0004
2410,CUW,4,0.0004
2411,CUX,4,0.0004
2412,CUY,4,0.0004
2413,CUZ,4,0.0004
2414,CV,4,0.0004
2415,CVA,4,0.0004
2416,CVB,4,0.0004
2417,CVC,4,0.0004
2418,CVD,4,0.0004
2419,CVE,4,0.0004
2420,CVF,4,0.0004
2421,CVG,4,0.0004
2422,CVH,4,0.0004
2423,CVI,4,0.0004
2424,CVJ,4,0.0004
2425,CVK,4,0.0004
2426,CVL,4,0.0004
2427,CVM,4,0.0004
2428,CVN,4,0.0004
2429,CVO,4,0.0004
2430,CVP,4,0.0004
2431,CVQ,4,0.0004
2432,CVR,4,0.0004
2433,CVS,4,0.0004
2434,CVT,4,0.0004
2435,CVU,4,0.0004
2436,CVV,4,0.0004
2437,CVW,4,0.0004
2438,CVX,4,0.0004
2439,CVY,4,0.0004
2440,CVZ,4,0.0004
2441,CW,4,0.0004
2442,CWA,4,0.0004
2443,CWB,4,0.0004
2444,CWC,4,0.0004
2445,CWD,4,0.0004
2446,CWE,4,0.0004
2447,CWF,4,0.0004
2448,CWG,4,0.0004
2449,CWH,4,0.0004
2450,CWI,4,0.0004
2451,CWJ,4,0.0004
2452,CWK,4,0.0004
2453,CWL,4,0.0004
2454,CWM,4,0.0004
2455,CWN,4,0.0004
2456,CWO,4,0.0004
2457,CWP,4,0.0004
2458,CWQ,4,0.0004
2459,CWR,4,0.0004
2460,CWS,4,0.0004
2461,CWT,4,0.0004
2462,CWU,4,0.0004
2463,CWV,4,0.0004
2464,CWW,4,0.0004
2465,CWX,4,0.0004
2466,CWY,4,0.0004
2467,CWZ,4,0.0004
2468,CX,4,0.0004
2469,CXA,4,0.0004
2470,CXB,4,0.0004
2471,CXC,4,0.0004
2472,CXD,4,0.0004
2473,CXE,4,0.0004
2474,CXF,4,0.0004
2475,CXG,4,0.0004
2476,CXH,4,0.0004
2477,CXI,4,0.0004
2478,CXJ,4,0.0004
2479,CXK,4,0.0004
2480,CXL,4,0.0004
2481,CXM,4,0.0004
2482,CXN,4,0.0004
2483,CXO,4,0.0004
2484,CXP,4,0.0004
2485,CXQ,4,0.0004
2486,CXR,4,0.0004
2487,CXS,4,0.0004
2488,CXT,4,0.0004
2489,CXU,4,0.0004
2490,CXV,4,0.0004
2491,CXW,4,0.0004
2492,CXX,4,0.0004
2493,CXY,4,0.0004
2494,CXZ,4,0.0004
2495,CY,4,0.0004
2496,CYA,4,0.0004
2497,CYB,4,0.0004
2498,CYC,4,0.0004
2499,CYD,4,0.0004
2500,CYE,4,0.0004
2501,CYF,4,0.0004
2502,CYG,4,0.0004
2503,CYH,4,0.0004
2504,CYI,4,0.0004
2505,CYJ,4,0.0004
2506,CYK,4,0.0004
2507,CYL,4,0.0004
2508,CYM,4,0.0004
2509,CYN,4,0.0004
2510,CYO,4,0.0004
2511,CYP,4,0.0004
2512,CYQ,4,0.0004
2513,CYR,4,0.0004
2514,CYS,4,0.0004
2515,CYT,4,0.0004
2516,CYU,4,0.0004
2517,CYV,4,0.0004
2518,CYW,4,0.0004
2519,CYX,4,0.0004
2520,CYY,4,0.0004
2521,CYZ,4,0.0004
2522,CZ,4,0.0004
2523,CZA,4,0.0004
2524,CZB,4,0.0004
2525,CZC,4,0.0004
2526,CZD,4,0.0004
2527,CZE,4,0.0004
2528,CZF,4,0.0004
2529,CZG,4,0.0004
2530,CZH,4,0.0004
2531,CZI,4,0.0004
2532,CZJ,4,0.0004
2533,CZK,4,0.0004
2534,CZL,4,0.0004
2535,CZM,4,0.0004
2536,CZN,4,0.0004
2537,CZO,4,0.0004
2538,CZP,4,0.0004
2539,CZQ,4,0.0004
2540,CZR,4,0.0004
2541,CZS,4,0.0004
2542,CZT,4,0.0004
2543,CZU,4,0.0004
2544,CZV,4,0.0004
2545,CZW,4,0.0004
2546,CZX,4,0.0004
2547,CZY,4,0.0004
2548,CZZ,4,0.0004
2549,DA,4,0.0004
2550,DAA,4,0.0004
2551,DAB,4,0.0004
2552,DAC,4,0.0004
2553,DAD,4,0.0004
2554,DAE,4,0.0004
2555,DAF,4,0.0004
2556,DAG,4,0.0004
2557,DAH,4,0.0004
2558,DAI,4,0.0004
2559,DAJ,4,0.0004
2560,DAK,4,0.0004
2561,DAL,4,0.0004
2562,DAM,4,0.0004
2563,DAN,4,0.0004
2564,DAO,4,0.0004
2565,DAP,4,0.0004
2566,DAQ,4,0.0004
2567,DAR,4,0.0004
2568,DAS,4,0.0004
2569,DAT,4,0.0004
2570,DAU,4,0.0004
2571,DAV,4,0.0004
2572,DAW,4,0.0004
2573,DAX,4,0.0004
2574,DAY,4,0.0004
2575,DAZ,4,0.0004
2576,DB,4,0.0004
2577,DBA,4,0.0004
2578,DBB,4,0.0004
2579,DBC,4,0.0004
2580,DBD,4,0.0004
2581,DBE,4,0.0004
2582,DBF,4,0.0004
2583,DBG,4,0.0004
2584,DBH,4,0.0004
2585,DBI,4,0.0004
2586,DBJ,4,0.0004
2587,DBK,4,0.0004
2588,DBL,4,0.0004
2589,DBM,4,0.0004
2590,DBN,4,0.0004
2591,DBO,4,0.0004
2592,DBP,4,0.0004
2593,DBQ,4,0.0004
2594,DBR,4,0.0004
2595,DBS,4,0.0004
2596,DBT,4,0.0004
2597,DBU,4,0.0004
2598,DBV,4,0.0004
2599,DBW,4,0.0004
2600,DBX,4,0.0004
2601,DBY,4,0.0004
2602,DBZ,4,0.0004
2603,DC,4,0.0004
2604,DCA,4,0.0004
2605,DCB,4,0.0004
2606,DCC,4,0.0004
2607,DCD,4,0.0004
2608,DCE,4,0.0004
2609,DCF,4,0.0004
2610,DCG,4,0.0004
2611,DCH,4,0.0004
2612,DCI,4,0.0004
2613,DCJ,4,0.0004
2614,DCK,4,0.0004
2615,DCL,4,0.0004
2616,DCM,4,0.0004
2617,DCN,4,0.0004
2618,DCO,4,0.0004
2619,DCP,4,0.0004
2620,DCQ,4,0.0004
2621,DCR,4,0.0004
2622,DCS,4,0.0004
2623,DCT,4,0.0004
2624,DCU,4,0.0004
2625,DCV,4,0.0004
2626,DCW,4,0.0004
2627,DCX,4,0.0004
2628,DCY,4,0.0004
2629,DCZ,4,0.0004
2630,DD,4,0.0004
2631,DDA,4,0.0004
2632,DDB,4,0.0004
2633,DDC,4,0.0004
2634,DDD,4,0.0004
2635,DDE,4,0.0004
2636,DDF,4,0.0004
2637,DDG,4,0.0004
2638,DDH,4,0.0004
2639,DDI,4,0.0004
2640,DDJ,4,0.0004
2641,DDK,4,0.0004
2642,DDL,4,0.0004
2643,DDM,4,0.0004
2644,DDN,4,0.0004
2645,DDO,4,0.0004
2646,DDP,4,0.0004
2647,DDQ,4,0.0004
2648,DDR,4,0.0004
2649,DDS,4,0.0004
2650,DDT,4,0.0004
2651,DDU,4,0.0004
2652,DDV,4,0.0004
2653,DDW,4,0.0004
2654,DDX,4,0.0004
2655,DDY,4,0.0004
2656,DDZ,4,0.0004
2657,DEA,4,0.0004
2658,DEB,4,0.0004
2659,DEC,4,0.0004
2660,DED,4,0.0004
2661,DEE,4,0.0004
2662,DEF,4,0.0004
2663,DEG,4,0.0004
2664,DEH,4,0.0004
2665,DEI,4,0.0004
2666,DEJ,4,0.0004
2667,DEK,4,0.0004
2668,DEL,4,0.0004
2669,DEM,4,0.0004
2670,DEN,4,0.0004
2671,DEO,4,0.0004
2672,DEP,4,0.0004
2673,DEQ,4,0.0004
2674,DER,4,0.0004
2675,DET,4,0.0004
2676,DEU,4,0.0004
2677,DEV,4,0.0004
2678,DEW,4,0.0004
2679,DEX,4,0.0004
2680,DEY,4,0.0004
2681,DEZ,4,0.0004
2682,DF,4,0.0004
2683,DFA,4,0.0004
2684,DFB,4,0.0004
2685,DFC,4,0.0004
2686,DFD,4,0.0004
2687,DFE,4,0.0004
2688,DFF,4,0.0004
2689,DFG,4,0.0004
2690,DFH,4,0.0004
2691,DFI,4,0.0004
2692,DFJ,4,0.0004
2693,DFK,4,0.0004
2694,DFL,4,0.0004
2695,DFM,4,0.0004
2696,DFN,4,0.0004
2697,DFO,4,0.0004
2698,DFP,4,0.0004
2699,DFQ,4,0.0004
2700,DFR,4,0.0004
2701,DFS,4,0.0004
2702,DFT,4,0.0004
2703,DFU,4,0.0004
2704,DFV,4,0.0004
2705,DFW,4,0.0004
2706,DFX,4,0.0004
2707,DFY,4,0.0004
2708,DFZ,4,0.0004
2709,DG,4,0.0004
2710,DGA,4,0.0004
2711,DGB,4,0.0004
2712,DGC,4,0.0004
2713,DGD,4,0.0004
2714,DGE,4,0.0004
2715,DGF,4,0.0004
2716,DGG,4,0.0004
2717,DGH,4,0.0004
2718,DGI,4,0.0004
2719,DGJ,4,0.0004
2720,DGK,4,0.0004
2721,DGL,4,0.0004
2722,DGM,4,0.0004
2723,DGN,4,0.0004
2724,DGO,4,0.0004
2725,DGP,4,0.0004
2726,DGQ,4,0.0004
2727,DGR,4,0.0004
2728,DGS,4,0.0004
2729,DGT,4,0.0004
2730,DGU,4,0.0004
2731,DGV,4,0.0004
2732,DGW,4,0.0004
2733,DGX,4,0.0004
2734,DGY,4,0.0004
2735,DGZ,4,0.0004
2736,DH,4,0.0004
2737,DHA,4,0.0004
2738,DHB,4,0.0004
2739,DHC,4,0.0004
2740,DHD,4,0.0004
2741,DHE,4,0.0004
2742,DHF,4,0.0004
2743,DHG,4,0.0004
2744,DHH,4,0.0004
2745,DHI,4,0.0004
2746,DHJ,4,0.0004
2747,DHK,4,0.0004
2748,DHL,4,0.0004
2749,DHM,4,0.0004
2750,DHN,4,0.0004
2751,DHO,4,0.0004
2752,DHP,4,0.0004
2753,DHQ,4,0.0004
2754,DHR,4,0.0004
2755,DHS,4,0.0004
2756,DHT,4,0.0004
2757,DHU,4,0.0004
2758,DHV,4,0.0004
2759,DHW,4,0.0004
2760,DHX,4,0.0004
2761,DHY,4,0.0004
2762,DHZ,4,0.0004
2763,DI,4,0.0004
2764,DIA,4,0.0004
2765,DIB,4,0.0004
2766,DIC,4,0.0004
2767,DID,4,0.0004
2768,DIE,4,0.0004
2769,DIF,4,0.0004
2770,DIG,4,0.0004
2771,DIH,4,0.0004
2772,DII,4,0.0004
2773,DIJ,4,0.0004
2774,DIK,4,0.0004
2775,DIL,4,0.0004
2776,DIM,4,0.0004
2777,DIN,4,0.0004
2778,DIO,4,0.0004
2779,DIP,4,0.0004
2780,DIQ,4,0.0004
2781,DIR,4,0.0004
2782,DIS,4,0.0004
2783,DIT,4,0.0004
2784,DIU,4,0.0004
2785,DIV,4,0.0004
2786,DIW,4,0.0004
2787,DIX,4,0.0004
2788,DIY,4,0.0004
2789,DIZ,4,0.0004
2790,DJ,4,0.0004
2791,DJA,4,0.0004
2792,DJB,4,0.0004
2793,DJC,4,0.0004
2794,DJD,4,0.0004
2795,DJE,4,0.0004
2796,DJF,4,0.0004
2797,DJG,4,0.0004
2798,DJH,4,0.0004
2799,DJI,4,0.0004
2800,DJJ,4,0.0004
2801,DJK,4,0.0004
2802,DJL,4,0.0004
2803,DJM,4,0.0004
2804,DJN,4,0.0004
2805,DJO,4,0.0004
2806,DJP,4,0.0004
2807,DJQ,4,0.0004
2808,DJR,4,0.0004
2809,DJS,4,0.0004
2810,DJT,4,0.0004
2811,DJU,4,0.0004
2812,DJV,4,0.0004
2813,DJW,4,0.0004
2814,DJX,4,0.0004
2815,DJY,4,0.0004
2816,DJZ,4,0.0004
2817,DK,4,0.0004
2818,DKA,4,0.0004
2819,DKB,4,0.0004
2820,DKC,4,0.0004
2821,DKD,4,0.0004
2822,DKE,4,0.0004
2823,DKF,4,0.0004
2824,DKG,4,0.0004
2825,DKH,4,0.0004
2826,DKI,4,0.0004
2827,DKJ,4,0.0004
2828,DKK,4,0.0004
2829,DKL,4,0.0004
2830,DKM,4,0.0004
2831,DKN,4,0.0004
2832,DKO,4,0.0004
2833,DKP,4,0.0004
2834,DKQ,4,0.0004
2835,DKR,4,0.0004
2836,DKS,4,0.0004
2837,DKT,4,0.0004
2838,DKU,4,0.0004
2839,DKV,4,0.0004
2840,DKW,4,0.0004
2841,DKX,4,0.0004
2842,DKY,4,0.0004
2843,DKZ,4,0.0004
2844,DL,4,0.0004
2845,DLA,4,0.0004
2846,DLB,4,0.0004
2847,DLC,4,0.0004
2848,DLD,4,0.0004
2849,DLE,4,0.0004
2850,DLF,4,0.0004
2851,DLG,4,0.0004
2852,DLH,4,0.0004
2853,DLI,4,0.0004
2854,DLJ,4,0.0004
2855,DLK,4,0.0004
2856,DLL,4,0.0004
2857,DLM,4,0.0004
2858,DLN,4,0.0004
2859,DLO,4,0.0004
2860,DLP,4,0.0004
2861,DLQ,4,0.0004
2862,DLR,4,0.0004
2863,DLS,4,0.0004
2864,DLT,4,0.0004
2865,DLU,4,0.0004
2866,DLV,4,0.0004
2867,DLW,4,0.0004
2868,DLX,4,0.0004
2869,DLY,4,0.0004
2870,DLZ,4,0.0004
2871,DM,4,0.0004
2872,DMA,4,0.0004
2873,DMB,4,0.0004
2874,DMC,4,0.0004
2875,DMD,4,0.0004
2876,DME,4,0.0004
2877,DMF,4,0.0004
2878,DMG,4,0.0004
2879,DMH,4,0.0004
2880,DMI,4,0.0004
2881,DMJ,4,0.0004
2882,DMK,4,0.0004
2883,DML,4,0.0004
2884,DMM,4,0.0004
2885,DMN,4,0.0004
2886,DMO,4,0.0004
2887,DMP,4,0.0004
2888,DMQ,4,0.0004
2889,DMR,4,0.0004
2890,DMS,4,0.0004
2891,DMT,4,0.0004
2892,DMU,4,0.0004
2893,DMV,4,0.0004
2894,DMW,4,0.0004
2895,DMX,4,0.0004
2896,DMY,4,0.0004
2897,DMZ,4,0.0004
2898,DN,4,0.0004
2899,DNA,4,0.0004
2900,DNB,4,0.0004
2901,DNC,4,0.0004
2902,DND,4,0.0004
2903,DNE,4,0.0004
2904,DNF,4,0.0004
2905,DNG,4,0.0004
2906,DNH,4,0.0004
2907,DNI,4,0.0004
2908,DNJ,4,0.0004
2909,DNK,4,0.0004
2910,DNL,4,0.0004
2911,DNM,4,0.0004
2912,DNN,4,0.0004
2913,DNO,4,0.0004
2914,DNP,4,0.0004
2915,DNQ,4,0.0004
2916,DNR,4,0.0004
2917,DNS,4,0.0004
2918,DNT,4,0.0004
2919,DNU,4,0.0004
2920,DNV,4,0.0004
2921,DNW,4,0.0004
2922,DNX,4,0.0004
2923,DNY,4,0.0004
2924,DNZ,4,0.0004
2925,DO,4,0.0004
2926,DOA,4,0.0004
2927,DOB,4,0.0004
2928,DOC,4,0.0004
2929,DOD,4,0.0004
2930,DOE,4,0.0004
2931,DOF,4,0.0004
2932,DOG,4,0.0004
2933,DOH,4,0.0004
2934,DOI,4,0.0004
2935,DOJ,4,0.0004
2936,DOK,4,0.0004
2937,DOL,4,0.0004
2938,DOM,4,0.0004
2939,DON,4,0.0004
2940,DOO,4,0.0004
2941,DOP,4,0.0004
2942,DOQ,4,0.0004
2943,DOR,4,0.0004
2944,DOS,4,0.0004
2945,DOT,4,0.0004
2946,DOU,4,0.0004
2947,DOV,4,0.0004
2948,DOW,4,0.0004
2949,DOX,4,0.0004
2950,DOY,4,0.0004
2951,DOZ,4,0.0004
2952,DP,4,0.0004
2953,DPA,4,0.0004
2954,DPB,4,0.0004
2955,DPC,4,0.0004
2956,DPD,4,0.0004
2957,DPE,4,0.0004
2958,DPF,4,0.0004
2959,DPG,4,0.0004
2960,DPH,4,0.0004
2961,DPI,4,0.0004
2962,DPJ,4,0.0004
2963,DPK,4,0.0004
2964,DPL,4,0.0004
2965,DPM,4,0.0004
2966,DPN,4,0.0004
2967,DPO,4,0.0004
2968,DPP,4,0.0004
2969,DPQ,4,0.0004
2970,DPR,4,0.0004
2971,DPS,4,0.0004
2972,DPT,4,0.0004
2973,DPU,4,0.0004
2974,DPV,4,0.0004
2975,DPW,4,0.0004
2976,DPX,4,0.0004
2977,DPY,4,0.0004
2978,DPZ,4,0.0004
2979,DQ,4,0.0004
2980,DQA,4,0.0004
2981,DQB,4,0.0004
2982,DQC,4,0.0004
2983,DQD,4,0.0004
2984,DQE,4,0.0004
2985,DQF,4,0.0004
2986,DQG,4,0.0004
2987,DQH,4,0.0004
2988,DQI,4,0.0004
2989,DQJ,4,0.0004
2990,DQK,4,0.0004
2991,DQL,4,0.0004
2992,DQM,4,0.0004
2993,DQN,4,0.0004
2994,DQO,4,0.0004
2995,DQP,4,0.0004
2996,DQQ,4,0.0004
2997,DQR,4,0.0004
2998,DQS,4,0.0004
2999,DQT,4,0.0004
3000,DQU,4,0.0004
3001,DQV,4,0.0004
3002,DQW,4,0.0004
3003,DQX,4,0.0004
3004,DQY,4,0.0004
3005,DQZ,4,0.0004
3006,DR,4,0.0004
3007,DRA,4,0.0004
3008,DRB,4,0.0004
3009,DRC,4,0.0004
3010,DRE,4,0.0004
3011,DRF,4,0.0004
3012,DRG,4,0.0004
3013,DRH,4,0.0004
3014,DRI,4,0.0004
3015,DRJ,4,0.0004
3016,DRK,4,0.0004
3017,DRL,4,0.0004
3018,DRM,4,0.0004
3019,DRN,4,0.0004
3020,DRO,4,0.0004
3021,DRP,4,0.0004
3022,DRQ,4,0.0004
3023,DRR,4,0.0004
3024,DRS,4,0.0004
3025,DRT,4,0.0004
3026,DRU,4,0.0004
3027,DRV,4,0.0004
3028,DRW,4,0.0004
3029,DRX,4,0.0004
3030,DRY,4,0.0004
3031,DRZ,4,0.0004
3032,DS,4,0.0004
3033,DSA,4,0.0004
3034,DSB,4,0.0004
3035,DSC,4,0.0004
3036,DSD,4,0.0004
3037,DSE,4,0.0004
3038,DSF,4,0.0004
3039,DSG,4,0.0004
3040,DSH,4,0.0004
3041,DSI,4,0.0004
3042,DSJ,4,0.0004
3043,DSK,4,0.0004
3044,DSL,4,0.0004
3045,DSM,4,0.0004
3046,DSN,4,0.0004
3047,DSO,4,0.0004
3048,DSP,4,0.0004
3049,DSQ,4,0.0004
3050,DSR,4,0.0004
3051,DSS,4,0.0004
3052,DST,4,0.0004
3053,DSU,4,0.0004
3054,DSV,4,0.0004
3055,DSW,4,0.0004
3056,DSX,4,0.0004
3057,DSY,4,0.0004
3058,DSZ,4,0.0004
3059,DTA,4,0.0004
3060,DTB,4,0.0004
3061,DTC,4,0.0004
3062,DTD,4,0.0004
3063,DTE,4,0.0004
3064,DTF,4,0.0004
3065,DTG,4,0.0004
3066,DTH,4,0.0004
3067,DTI,4,0.0004
3068,DTJ,4,0.0004
3069,DTK,4,0.0004
3070,DTL,4,0.0004
3071,DTM,4,0.0004
3072,DTN,4,0.0004
3073,DTO,4,0.0004
3074,DTP,4,0.0004
3075,DTQ,4,0.0004
3076,DTR,4,0.0004
3077,DTS,4,0.0004
3078,DTT,4,0.0004
3079,DTU,4,0.0004
3080,DTV,4,0.0004
3081,DTW,4,0.0004
3082,DTX,4,0.0004
3083,DTY,4,0.0004
3084,DTZ,4,0.0004
3085,DU,4,0.0004
3086,DUA,4,0.0004
3087,DUB,4,0.0004
3088,DUC,4,0.0004
3089,DUD,4,0.0004
3090,DUE,4,0.0004
3091,DUF,4,0.0004
3092,DUG,4,0.0004
3093,DUH,4,0.0004
3094,DUI,4,0.0004
3095,DUJ,4,0.0004
3096,DUK,4,0.0004
3097,DUL,4,0.0004
3098,DUM,4,0.0004
3099,DUN,4,0.0004
3100,DUO,4,0.0004
3101,DUP,4,0.0004
3102,DUQ,4,0.0004
3103,DUR,4,0.0004
3104,DUS,4,0.0004
3105,DUT,4,0.0004
3106,DUU,4,0.0004
3107,DUV,4,0.0004
3108,DUW,4,0.0004
3109,DUX,4,0.0004
3110,DUY,4,0.0004
3111,DUZ,4,0.0004
3112,DV,4,0.0004
3113,DVA,4,0.0004
3114,DVB,4,0.0004
3115,DVC,4,0.0004
3116,DVD,4,0.0004
3117,DVE,4,0.0004
3118,DVF,4,0.0004
3119,DVG,4,0.0004
3120,DVH,4,0.0004
3121,DVI,4,0.0004
3122,DVJ,4,0.0004
3123,DVK,4,0.0004
3124,DVL,4,0.0004
3125,DVM,4,0.0004
3126,DVN,4,0.0004
3127,DVO,4,0.0004
3128,DVP,4,0.0004
3129,DVQ,4,0.0004
3130,DVR,4,0.0004
3131,DVS,4,0.0004
3132,DVT,4,0.0004
3133,DVU,4,0.0004
3134,DVV,4,0.0004
3135,DVW,4,0.0004
3136,DVX,4,0.0004
3137,DVY,4,0.0004
3138,DVZ,4,0.0004
3139,DW,4,0.0004
3140,DWA,4,0.0004
3141,DWB,4,0.0004
3142,DWC,4,0.0004
3143,DWD,4,0.0004
3144,DWE,4,0.0004
3145,DWF,4,0.0004
3146,DWG,4,0.0004
3147,DWH,4,0.0004
3148,DWI,4,0.0004
3149,DWJ,4,0.0004
3150,DWK,4,0.0004
3151,DWL,4,0.0004
3152,DWM,4,0.0004
3153,DWN,4,0.0004
3154,DWO,4,0.0004
3155,DWP,4,0.0004
3156,DWQ,4,0.0004
3157,DWR,4,0.0004
3158,DWS,4,0.0004
3159,DWT,4,0.0004
3160,DWU,4,0.0004
3161,DWV,4,0.0004
3162,DWW,4,0.0004
3163,DWX,4,0.0004
3164,DWY,4,0.0004
3165,DWZ,4,0.0004
3166,DX,4,0.0004
3167,DXA,4,0.0004
3168,DXB,4,0.0004
3169,DXC,4,0.0004
3170,DXD,4,0.0004
3171,DXE,4,0.0004
3172,DXF,4,0.0004
3173,DXG,4,0.0004
3174,DXH,4,0.0004
3175,DXI,4,0.0004
3176,DXJ,4,0.0004
3177,DXK,4,0.0004
3178,DXL,4,0.0004
3179,DXM,4,0.0004
3180,DXN,4,0.0004
3181,DXO,4,0.0004
3182,DXP,4,0.0004
3183,DXQ,4,0.0004
3184,DXR,4,0.0004
3185,DXS,4,0.0004
3186,DXT,4,0.0004
3187,DXU,4,0.0004
3188,DXV,4,0.0004
3189,DXW,4,0.0004
3190,DXX,4,0.0004
3191,DXY,4,0.0004
3192,DXZ,4,0.0004
3193,DY,4,0.0004
3194,DYA,4,0.0004
3195,DYB,4,0.0004
3196,DYC,4,0.0004
3197,DYD,4,0.0004
3198,DYE,4,0.0004
3199,DYF,4,0.0004
3200,DYG,4,0.0004
3201,DYH,4,0.0004
3202,DYI,4,0.0004
3203,DYJ,4,0.0004
3204,DYK,4,0.0004
3205,DYL,4,0.0004
3206,DYM,4,0.0004
3207,DYN,4,0.0004
3208,DYO,4,0.0004
3209,DYP,4,0.0004
3210,DYQ,4,0.0004
3211,DYR,4,0.0004
3212,DYS,4,0.0004
3213,DYT,4,0.0004
3214,DYU,4,0.0004
3215,DYV,4,0.0004
3216,DYW,4,0.0004
3217,DYX,4,0.0004
3218,DYY,4,0.0004
3219,DYZ,4,0.0004
3220,DZ,4,0.0004
3221,DZA,4,0.0004
3222,DZB,4,0.0004
3223,DZC,4,0.0004
3224,DZD,4,0.0004
3225,DZE,4,0.0004
3226,DZF,4,0.0004
3227,DZG,4,0.0004
3228,DZH,4,0.0004
3229,DZI,4,0.0004
3230,DZJ,4,0.0004
3231,DZK,4,0.0004
3232,DZL,4,0.0004
3233,DZM,4,0.0004
3234,DZN,4,0.0004
3235,DZO,4,0.0004
3236,DZP,4,0.0004
3237,DZQ,4,0.0004
3238,DZR,4,0.0004
3239,DZS,4,0.0004
3240,DZT,4,0.0004
3241,DZU,4,0.0004
3242,DZV,4,0.0004
3243,DZW,4,0.0004
3244,DZX,4,0.0004
3245,DZY,4,0.0004
3246,DZZ,4,0.0004
3247,E,4,0.0004
3248,EA,4,0.0004
3249,EAA,4,0.0004
3250,EAB,4,0.0004
3251,EAC,4,0.0004
3252,EAD,4,0.0004
3253,EAE,4,0.0004
3254,EAF,4,0.0004
3255,EAG,4,0.0004
3256,EAH,4,0.0004
3257,EAI,4,0.0004
3258,EAJ,4,0.0004
3259,EAK,4,0.0004
3260,EAL,4,0.0004
3261,EAM,4,0.0004
3262,EAN,4,0.0004
3263,EAO,4,0.0004
3264,EAP,4,0.0004
3265,EAQ,4,0.0004
3266,EAR,4,0.0004
3267,EAS,4,0.0004
3268,EAT,4,0.0004
3269,EAU,4,0.0004
3270,EAV,4,0.0004
3271,EAW,4,0.0004
3272,EAX,4,0.0004
3273,EAY,4,0.0004
3274,EAZ,4,0.0004
3275,EB,4,0.0004
3276,EBA,4,0.0004
3277,EBB,4,0.0004
3278,EBC,4,0.0004
3279,EBD,4,0.0004
3280,EBE,4,0.0004
3281,EBF,4,0.0004
3282,EBG,4,0.0004
3283,EBH,4,0.0004
3284,EBI,4,0.0004
3285,EBJ,4,0.0004
3286,EBK,4,0.0004
3287,EBL,4,0.0004
3288,EBM,4,0.0004
3289,EBN,4,0.0004
3290,EBO,4,0.0004
3291,EBP,4,0.0004
3292,EBQ,4,0.0004
3293,EBR,4,0.0004
3294,EBS,4,0.0004
3295,EBT,4,0.0004
3296,EBU,4,0.0004
3297,EBV,4,0.0004
3298,EBW,4,0.0004
3299,EBX,4,0.0004
3300,EBY,4,0.0004
3301,EBZ,4,0.0004
3302,EC,4,0.0004
3303,ECA,4,0.0004
3304,ECB,4,0.0004
3305,ECC,4,0.0004
3306,ECD,4,0.0004
3307,ECE,4,0.0004
3308,ECF,4,0.0004
3309,ECG,4,0.0004
3310,ECH,4,0.0004
3311,ECI,4,0.0004
3312,ECJ,4,0.0004
3313,ECK,4,0.0004
3314,ECL,4,0.0004
3315,ECM,4,0.0004
3316,ECN,4,0.0004
3317,ECO,4,0.0004
3318,ECP,4,0.0004
3319,ECQ,4,0.0004
3320,ECR,4,0.0004
3321,ECS,4,0.0004
3322,ECT,4,0.0004
3323,ECU,4,0.0004
3324,ECV,4,0.0004
3325,ECW,4,0.0004
3326,ECX,4,0.0004
3327,ECY,4,0.0004
3328,ECZ,4,0.0004
3329,ED,4,0.0004
3330,EDA,4,0.0004
3331,EDB,4,0.0004
3332,EDC,4,0.0004
3333,EDD,4,0.0004
3334,EDE,4,0.0004
3335,EDF,4,0.0004
3336,EDG,4,0.0004
3337,EDH,4,0.0004
3338,EDI,4,0.0004
3339,EDJ,4,0.0004
3340,EDK,4,0.0004
3341,EDL,4,0.0004
3342,EDM,4,0.0004
3343,EDN,4,0.0004
3344,EDO,4,0.0004
3345,EDP,4,0.0004
3346,EDQ,4,0.0004
3347,EDR,4,0.0004
3348,EDS,4,0.0004
3349,EDT,4,0.0004
3350,EDU,4,0.0004
3351,EDV,4,0.0004
3352,EDW,4,0.0004
3353,EDX,4,0.0004
3354,EDY,4,0.0004
3355,EDZ,4,0.0004
3356,EE,4,0.0004
3357,EEA,4,0.0004
3358,EEB,4,0.0004
3359,EEC,4,0.0004
3360,EED,4,0.0004
3361,EEE,4,0.0004
3362,EEF,4,0.0004
3363,EEG,4,0.0004
3364,EEH,4,0.0004
3365,EEI,4,0.0004
3366,EEJ,4,0.0004
3367,EEK,4,0.0004
3368,EEL,4,0.0004
3369,EEM,4,0.0004
3370,EEN,4,0.0004
3371,EEO,4,0.0004
3372,EEP,4,0.0004
3373,EEQ,4,0.0004
3374,EER,4,0.0004
3375,EES,4,0.0004
3376,EET,4,0.0004
3377,EEU,4,0.0004
3378,EEV,4,0.0004
3379,EEW,4,0.0004
3380,EEX,4,0.0004
3381,EEY,4,0.0004
3382,EEZ,4,0.0004
3383,EF,4,0.0004
3384,EFA,4,0.0004
3385,EFB,4,0.0004
3386,EFC,4,0.0004
3387,EFD,4,0.0004
3388,EFE,4,0.0004
3389,EFF,4,0.0004
3390,EFG,4,0.0004
3391,EFH,4,0.0004
3392,EFI,4,0.0004
3393,EFJ,4,0.0004
3394,EFK,4,0.0004
3395,EFL,4,0.0004
3396,EFM,4,0.0004
3397,EFN,4,0.0004
3398,EFO,4,0.0004
3399,EFP,4,0.0004
3400,EFQ,4,0.0004
3401,EFR,4,0.0004
3402,EFS,4,0.0004
3403,EFT,4,0.0004
3404,EFU,4,0.0004
3405,EFV,4,0.0004
3406,EFW,4,0.0004
3407,EFX,4,0.0004
3408,EFY,4,0.0004
3409,EFZ,4,0.0004
3410,EG,4,0.0004
3411,EGA,4,0.0004
3412,EGB,4,0.0004
3413,EGC,4,0.0004
3414,EGD,4,0.0004
3415,EGE,4,0.0004
3416,EGF,4,0.0004
3417,EGG,4,0.0004
3418,EGH,4,0.0004
3419,EGI,4,0.0004
3420,EGJ,4,0.0004
3421,EGK,4,0.0004
3422,EGL,4,0.0004
3423,EGM,4,0.0004
3424,EGN,4,0.0004
3425,EGO,4,0.0004
3426,EGP,4,0.0004
3427,EGQ,4,0.0004
3428,EGR,4,0.0004
3429,EGS,4,0.0004
3430,EGT,4,0.0004
3431,EGU,4,0.0004
3432,EGV,4,0.0004
3433,EGW,4,0.0004
3434,EGX,4,0.0004
3435,EGY,4,0.0004
3436,EGZ,4,0.0004
3437,EH,4,0.0004
3438,EHA,4,0.0004
3439,EHB,4,0.0004
3440,EHC,4,0.0004
3441,EHD,4,0.0004
3442,EHE,4,0.0004
3443,EHF,4,0.0004
3444,EHG,4,0.0004
3445,EHH,4,0.0004
3446,EHI,4,0.0004
3447,EHJ,4,0.0004
3448,EHK,4,0.0004
3449,EHL,4,0.0004
3450,EHM,4,0.0004
3451,EHN,4,0.0004
3452,EHO,4,0.0004
3453,EHP,4,0.0004
3454,EHQ,4,0.0004
3455,EHR,4,0.0004
3456,EHS,4,0.0004
3457,EHT,4,0.0004
3458,EHU,4,0.0004
3459,EHV,4,0.0004
3460,EHW,4,0.0004
3461,EHX,4,0.0004
3462,EHY,4,0.0004
3463,EHZ,4,0.0004
3464,EI,4,0.0004
3465,EIA,4,0.0004
3466,EIB,4,0.0004
3467,EIC,4,0.0004
3468,EID,4,0.0004
3469,EIE,4,0.0004
3470,EIF,4,0.0004
3471,EIG,4,0.0004
3472,EIH,4,0.0004
3473,EII,4,0.0004
3474,EIJ,4,0.0004
3475,EIK,4,0.0004
3476,EIL,4,0.0004
3477,EIM,4,0.0004
3478,EIN,4,0.0004
3479,EIO,4,0.0004
3480,EIP,4,0.0004
3481,EIQ,4,0.0004
3482,EIR,4,0.0004
3483,EIS,4,0.0004
3484,EIT,4,0.0004
3485,EIU,4,0.0004
3486,EIV,4,0.0004
3487,EIW,4,0.0004
3488,EIX,4,0.0004
3489,EIY,4,0.0004
3490,EIZ,4,0.0004
3491,EJ,4,0.0004
3492,EJA,4,0.0004
3493,EJB,4,0.0004
3494,EJC,4,0.0004
3495,EJD,4,0.0004
3496,EJE,4,0.0004
3497,EJF,4,0.0004
3498,EJG,4,0.0004
3499,EJH,4,0.0004
3500,EJI,4,0.0004
3501,EJJ,4,0.0004
3502,EJK,4,0.0004
3503,EJL,4,0.0004
3504,EJM,4,0.0004
3505,EJN,4,0.0004
3506,EJO,4,0.0004
3507,EJP,4,0.0004
3508,EJQ,4,0.0004
3509,EJR,4,0.0004
3510,EJS,4,0.0004
3511,EJT,4,0.0004
3512,EJU,4,0.0004
3513,EJV,4,0.0004
3514,EJW,4,0.0004
3515,EJX,4,0.0004
3516,EJY,4,0.0004
3517,EJZ,4,0.0004
3518,EK,4,0.0004
3519,EKA,4,0.0004
3520,EKB,4,0.0004
3521,EKC,4,0.0004
3522,EKD,4,0.0004
3523,EKE,4,0.0004
3524,EKF,4,0.0004
3525,EKG,4,0.0004
3526,EKH,4,0.0004
3527,EKI,4,0.0004
3528,EKJ,4,0.0004
3529,EKK,4,0.0004
3530,EKL,4,0.0004
3531,EKM,4,0.0004
3532,EKN,4,0.0004
3533,EKO,4,0.0004
3534,EKP,4,0.0004
3535,EKQ,4,0.0004
3536,EKR,4,0.0004
3537,EKS,4,0.0004
3538,EKT,4,0.0004
3539,EKU,4,0.0004
3540,EKV,4,0.0004
3541,EKW,4,0.0004
3542,EKX,4,0.0004
3543,EKY,4,0.0004
3544,EKZ,4,0.0004
3545,EL,4,0.0004
3546,ELA,4,0.0004
3547,ELB,4,0.0004
3548,ELC,4,0.0004
3549,ELD,4,0.0004
3550,ELE,4,0.0004
3551,ELF,4,0.0004
3552,ELG,4,0.0004
3553,ELH,4,0.0004
3554,ELI,4,0.0004
3555,ELJ,4,0.0004
3556,ELK,4,0.0004
3557,ELL,4,0.0004
3558,ELM,4,0.0004
3559,ELN,4,0.0004
3560,ELO,4,0.0004
3561,ELP,4,0.0004
3562,ELQ,4,0.0004
3563,ELR,4,0.0004
3564,ELS,4,0.0004
3565,ELT,4,0.0004
3566,ELU,4,0.0004
3567,ELV,4,0.0004
3568,ELW,4,0.0004
3569,ELX,4,0.0004
3570,ELY,4,0.0004
3571,ELZ,4,0.0004
3572,EM,4,0.0004
3573,EMA,4,0.0004
3574,EMB,4,0.0004
3575,EMC,4,0.0004
3576,EMD,4,0.0004
3577,EME,4,0.0004
3578,EMF,4,0.0004
3579,EMG,4,0.0004
3580,EMH,4,0.0004
3581,EMI,4,0.0004
3582,EMJ,4,0.0004
3583,EMK,4,0.0004
3584,EML,4,0.0004
3585,EMM,4,0.0004
3586,EMN,4,0.0004
3587,EMO,4,0.0004
3588,EMP,4,0.0004
3589,EMQ,4,0.0004
3590,EMR,4,0.0004
3591,EMS,4,0.0004
3592,EMT,4,0.0004
3593,EMU,4,0.0004
3594,EMV,4,0.0004
3595,EMW,4,0.0004
3596,EMX,4,0.0004
3597,EMY,4,0.0004
3598,EMZ,4,0.0004
3599,EN,4,0.0004
3600,ENA,4,0.0004
3601,ENB,4,0.0004
3602,ENC,4,0.0004
3603,END,4,0.0004
3604,ENE,4,0.0004
3605,ENF,4,0.0004
3606,ENG,4,0.0004
3607,ENH,4,0.0004
3608,ENI,4,0.0004
3609,ENJ,4,0.0004
3610,ENK,4,0.0004
3611,ENL,4,0.0004
3612,ENM,4,0.0004
3613,ENN,4,0.0004
3614,ENO,4,0.0004
3615,ENP,4,0.0004
3616,ENQ,4,0.0004
3617,ENR,4,0.0004
3618,ENS,4,0.0004
3619,ENT,4,0.0004
3620,ENU,4,0.0004
3621,ENV,4,0.0004
3622,ENW,4,0.0004
3623,ENX,4,0.0004
3624,ENY,4,0.0004
3625,ENZ,4,0.0004
3626,EO,4,0.0004
3627,EOA,4,0.0004
3628,EOB,4,0.0004
3629,EOC,4,0.0004
3630,EOD,4,0.0004
3631,EOE,4,0.0004
3632,EOF,4,0.0004
3633,EOG,4,0.0004
3634,EOH,4,0.0004
3635,EOI,4,0.0004
3636,EOJ,4,0.0004
3637,EOK,4,0.0004
3638,EOL,4,0.0004
3639,EOM,4,0.0004
3640,EON,4,0.0004
3641,EOO,4,0.0004
3642,EOP,4,0.0004
3643,EOQ,4,0.0004
3644,EOR,4,0.0004
3645,EOS,4,0.0004
3646,EOT,4,0.0004
3647,EOU,4,0.0004
3648,EOV,4,0.0004
3649,EOW,4,0.0004
3650,EOX,4,0.0004
3651,EOY,4,0.0004
3652,EOZ,4,0.0004
3653,EP,4,0.0004
3654,EPA,4,0.0004
3655,EPB,4,0.0004
3656,EPC,4,0.0004
3657,EPD,4,0.0004
3658,EPE,4,0.0004
3659,EPF,4,0.0004
3660,EPG,4,0.0004
3661,EPH,4,0.0004
3662,EPI,4,0.0004
3663,EPJ,4,0.0004
3664,EPK,4,0.0004
3665,EPL,4,0.0004
3666,EPM,4,0.0004
3667,EPN,4,0.0004
3668,EPO,4,0.0004
3669,EPP,4,0.0004
3670,EPQ,4,0.0004
3671,EPR,4,0.0004
3672,EPS,4,0.0004
3673,EPT,4,0.0004
3674,EPU,4,0.0004
3675,EPV,4,0.0004
3676,EPW,4,0.0004
3677,EPX,4,0.0004
3678,EPY,4,0.0004
3679,EPZ,4,0.0004
3680,EQ,4,0.0004
3681,EQA,4,0.0004
3682,EQB,4,0.0004
3683,EQC,4,0.0004
3684,EQD,4,0.0004
3685,EQE,4,0.0004
3686,EQF,4,0.0004
3687,EQG,4,0.0004
3688,EQH,4,0.0004
3689,EQI,4,0.0004
3690,EQJ,4,0.0004
3691,EQK,4,0.0004
3692,EQL,4,0.0004
3693,EQM,4,0.0004
3694,EQN,4,0.0004
3695,EQO,4,0.0004
3696,EQP,4,0.0004
3697,EQQ,4,0.0004
3698,EQR,4,0.0004
3699,EQS,4,0.0004
3700,EQT,4,0.0004
3701,EQU,4,0.0004
3702,EQV,4,0.0004
3703,EQW,4,0.0004
3704,EQX,4,0.0004
3705,EQY,4,0.0004
3706,EQZ,4,0.0004
3707,ER,4,0.0004
3708,ERA,4,0.0004
3709,ERB,4,0.0004
3710,ERC,4,0.0004
3711,ERD,4,0.0004
3712,ERE,4,0.0004
3713,ERF,4,0.0004
3714,ERG,4,0.0004
3715,ERH,4,0.0004
3716,ERI,4,0.0004
3717,ERJ,4,0.0004
3718,ERK,4,0.0004
3719,ERL,4,0.0004
3720,ERM,4,0.0004
3721,ERN,4,0.0004
3722,ERO,4,0.0004
3723,ERP,4,0.0004
3724,ERQ,4,0.0004
3725,ERR,4,0.0004
3726,ERS,4,0.0004
3727,ERT,4,0.0004
3728,ERU,4,0.0004
3729,ERV,4,0.0004
3730,ERW,4,0.0004
3731,ERX,4,0.0004
3732,ERY,4,0.0004
3733,ERZ,4,0.0004
3734,ES,4,0.0004
3735,ESA,4,0.0004
3736,ESB,4,0.0004
3737,ESC,4,0.0004
3738,ESD,4,0.0004
3739,ESE,4,0.0004
3740,ESF,4,0.0004
3741,ESG,4,0.0004
3742,ESH,4,0.0004
3743,ESI,4,0.0004
3744,ESJ,4,0.0004
3745,ESK,4,0.0004
3746,ESL,4,0.0004
3747,ESM,4,0.0004
3748,ESN,4,0.0004
3749,ESO,4,0.0004
3750,ESP,4,0.0004
3751,ESQ,4,0.0004
3752,ESR,4,0.0004
3753,ESS,4,0.0004
3754,EST,4,0.0004
3755,ESU,4,0.0004
3756,ESV,4,0.0004
3757,ESW,4,0.0004
3758,ESX,4,0.0004
3759,ESY,4,0.0004
3760,ESZ,4,0.0004
3761,ET,4,0.0004
3762,ETA,4,0.0004
3763,ETB,4,0.0004
3764,ETC,4,0.0004
3765,ETD,4,0.0004
3766,ETE,4,0.0004
3767,ETF,4,0.0004
3768,ETG,4,0.0004
3769,ETH,4,0.0004
3770,ETI,4,0.0004
3771,ETJ,4,0.0004
3772,ETK,4,0.0004
3773,ETL,4,0.0004
3774,ETM,4,0.0004
3775,ETN,4,0.0004
3776,ETO,4,0.0004
3777,ETP,4,0.0004
3778,ETQ,4,0.0004
3779,ETR,4,0.0004
3780,ETS,4,0.0004
3781,ETT,4,0.0004
3782,ETU,4,0.0004
3783,ETV,4,0.0004
3784,ETW,4,0.0004
3785,ETX,4,0.0004
3786,ETY,4,0.0004
3787,ETZ,4,0.0004
3788,EU,4,0.0004
3789,EUA,4,0.0004
3790,EUB,4,0.0004
3791,EUC,4,0.0004
3792,EUD,4,0.0004
3793,EUE,4,0.0004
3794,EUF,4,0.0004
3795,EUG,4,0.0004
3796,EUH,4,0.0004
3797,EUI,4,0.0004
3798,EUJ,4,0.0004
3799,EUK,4,0.0004
3800,EUL,4,0.0004
3801,EUM,4,0.0004
3802,EUN,4,0.0004
3803,EUO,4,0.0004
3804,EUP,4,0.0004
3805,EUQ,4,0.0004
3806,EUR,4,0.0004
3807,EUS,4,0.0004
3808,EUT,4,0.0004
3809,EUU,4,0.0004
3810,EUV,4,0.0004
3811,EUW,4,0.0004
3812,EUX,4,0.0004
3813,EUY,4,0.0004
3814,EUZ,4,0.0004
3815,EV,4,0.0004
3816,EVB,4,0.0004
3817,EVC,4,0.0004
3818,EVD,4,0.0004
3819,EVE,4,0.0004
3820,EVF,4,0.0004
3821,EVG,4,0.0004
3822,EVH,4,0.0004
3823,EVI,4,0.0004
3824,EVJ,4,0.0004
3825,EVK,4,0.0004
3826,EVL,4,0.0004
3827,EVM,4,0.0004
3828,EVN,4,0.0004
3829,EVO,4,0.0004
3830,EVP,4,0.0004
3831,EVQ,4,0.0004
3832,EVR,4,0.0004
3833,EVS,4,0.0004
3834,EVT,4,0.0004
3835,EVU,4,0.0004
3836,EVV,4,0.0004
3837,EVW,4,0.0004
3838,EVX,4,0.0004
3839,EVY,4,0.0004
3840,EVZ,4,0.0004
3841,EW,4,0.0004
3842,EWA,4,0.0004
3843,EWB,4,0.0004
3844,EWC,4,0.0004
3845,EWD,4,0.0004
3846,EWE,4,0.0004
3847,EWF,4,0.0004
3848,EWG,4,0.0004
3849,EWH,4,0.0004
3850,EWI,4,0.0004
3851,EWJ,4,0.0004
3852,EWK,4,0.0004
3853,EWL,4,0.0004
3854,EWM,4,0.0004
3855,EWN,4,0.0004
3856,EWO,4,0.0004
3857,EWP,4,0.0004
3858,EWQ,4,0.0004
3859,EWR,4,0.0004
3860,EWS,4,0.0004
3861,EWT,4,0.0004
3862,EWU,4,0.0004
3863,EWV,4,0.0004
3864,EWW,4,0.0004
3865,EWX,4,0.0004
3866,EWY,4,0.0004
3867,EWZ,4,0.0004
3868,EX,4,0.0004
3869,EXA,4,0.0004
3870,EXB,4,0.0004
3871,EXC,4,0.0004
3872,EXD,4,0.0004
3873,EXE,4,0.0004
3874,EXF,4,0.0004
3875,EXG,4,0.0004
3876,EXH,4,0.0004
3877,EXI,4,0.0004
3878,EXJ,4,0.0004
3879,EXK,4,0.0004
3880,EXL,4,0.0004
3881,EXM,4,0.0004
3882,EXN,4,0.0004
3883,EXO,4,0.0004
3884,EXP,4,0.0004
3885,EXQ,4,0.0004
3886,EXR,4,0.0004
3887,EXS,4,0.0004
3888,EXT,4,0.0004
3889,EXU,4,0.0004
3890,EXV,4,0.0004
3891,EXW,4,0.0004
3892,EXX,4,0.0004
3893,EXY,4,0.0004
3894,EXZ,4,0.0004
3895,EY,4,0.0004
3896,EYA,4,0.0004
3897,EYB,4,0.0004
3898,EYC,4,0.0004
3899,EYD,4,0.0004
3900,EYE,4,0.0004
3901,EYF,4,0.0004
3902,EYG,4,0.0004
3903,EYH,4,0.0004
3904,EYI,4,0.0004
3905,EYJ,4,0.0004
3906,EYK,4,0.0004
3907,EYL,4,0.0004
3908,EYM,4,0.0004
3909,EYN,4,0.0004
3910,EYO,4,0.0004
3911,EYP,4,0.0004
3912,EYQ,4,0.0004
3913,EYR,4,0.0004
3914,EYS,4,0.0004
3915,EYT,4,0.0004
3916,EYU,4,0.0004
3917,EYV,4,0.0004
3918,EYW,4,0.0004
3919,EYX,4,0.0004
3920,EYY,4,0.0004
3921,EYZ,4,0.0004
3922,EZ,4,0.0004
3923,EZA,4,0.0004
3924,EZB,4,0.0004
3925,EZC,4,0.0004
3926,EZD,4,0.0004
3927,EZE,4,0.0004
3928,EZF,4,0.0004
3929,EZG,4,0.0004
3930,EZH,4,0.0004
3931,EZI,4,0.0004
3932,EZJ,4,0.0004
3933,EZK,4,0.0004
3934,EZL,4,0.0004
3935,EZM,4,0.0004
3936,EZN,4,0.0004
3937,EZO,4,0.0004
3938,EZP,4,0.0004
3939,EZQ,4,0.0004
3940,EZR,4,0.0004
3941,EZS,4,0.0004
3942,EZT,4,0.0004
3943,EZU,4,0.0004
3944,EZV,4,0.0004
3945,EZW,4,0.0004
3946,EZX,4,0.0004
3947,EZY,4,0.0004
3948,EZZ,4,0.0004
3949,F,4,0.0004
3950,FA,4,0.0004
3951,FAA,4,0.0004
3952,FAB,4,0.0004
3953,FAC,4,0.0004
3954,FAD,4,0.0004
3955,FAE,4,0.0004
3956,FAF,4,0.0004
3957,FAG,4,0.0004
3958,FAH,4,0.0004
3959,FAI,4,0.0004
3960,FAJ,4,0.0004
3961,FAK,4,0.0004
3962,FAL,4,0.0004
3963,FAM,4,0.0004
3964,FAN,4,0.0004
3965,FAO,4,0.0004
3966,FAP,4,0.0004
3967,FAQ,4,0.0004
3968,FAR,4,0.0004
3969,FAS,4,0.0004
3970,FAT,4,0.0004
3971,FAU,4,0.0004
3972,FAV,4,0.0004
3973,FAW,4,0.0004
3974,FAY,4,0.0004
3975,FAZ,4,0.0004
3976,FB,4,0.0004
3977,FBA,4,0.0004
3978,FBB,4,0.0004
3979,FBC,4,0.0004
3980,FBD,4,0.0004
3981,FBE,4,0.0004
3982,FBF,4,0.0004
3983,FBG,4,0.0004
3984,FBH,4,0.0004
3985,FBI,4,0.0004
3986,FBJ,4,0.0004
3987,FBK,4,0.0004
3988,FBL,4,0.0004
3989,FBM,4,0.0004
3990,FBN,4,0.0004
3991,FBO,4,0.0004
3992,FBP,4,0.0004
3993,FBQ,4,0.0004
3994,FBR,4,0.0004
3995,FBS,4,0.0004
3996,FBT,4,0.0004
3997,FBU,4,0.0004
3998,FBV,4,0.0004
3999,FBW,4,0.0004
4000,FBX,4,0.0004
4001,FBY,4,0.0004
4002,FBZ,4,0.0004
4003,FC,4,0.0004
4004,FCA,4,0.0004
4005,FCB,4,0.0004
4006,FCC,4,0.0004
4007,FCD,4,0.0004
4008,FCE,4,0.0004
4009,FCF,4,0.0004
4010,FCG,4,0.0004
4011,FCH,4,0.0004
4012,FCI,4,0.0004
4013,FCJ,4,0.0004
4014,FCK,4,0.0004
4015,FCL,4,0.0004
4016,FCM,4,0.0004
4017,FCN,4,0.0004
4018,FCO,4,0.0004
4019,FCP,4,0.0004
4020,FCQ,4,0.0004
4021,FCR,4,0.0004
4022,FCS,4,0.0004
4023,FCT,4,0.0004
4024,FCU,4,0.0004
4025,FCV,4,0.0004
4026,FCW,4,0.0004
4027,FCX,4,0.0004
4028,FCY,4,0.0004
4029,FCZ,4,0.0004
4030,FD,4,0.0004
4031,FDA,4,0.0004
4032,FDB,4,0.0004
4033,FDC,4,0.0004
4034,FDD,4,0.0004
4035,FDE,4,0.0004
4036,FDF,4,0.0004
4037,FDG,4,0.0004
4038,FDH,4,0.0004
4039,FDI,4,0.0004
4040,FDJ,4,0.0004
4041,FDK,4,0.0004
4042,FDL,4,0.0004
4043,FDM,4,0.0004
4044,FDN,4,0.0004
4045,FDO,4,0.0004
4046,FDP,4,0.0004
4047,FDQ,4,0.0004
4048,FDR,4,0.0004
4049,FDS,4,0.0004
4050,FDT,4,0.0004
4051,FDU,4,0.0004
4052,FDV,4,0.0004
4053,FDW,4,0.0004
4054,FDX,4,0.0004
4055,FDY,4,0.0004
4056,FDZ,4,0.0004
4057,FE,4,0.0004
4058,FEA,4,0.0004
4059,FEB,4,0.0004
4060,FEC,4,0.0004
4061,FED,4,0.0004
4062,FEE,4,0.0004
4063,FEF,4,0.0004
4064,FEG,4,0.0004
4065,FEH,4,0.0004
4066,FEI,4,0.0004
4067,FEJ,4,0.0004
4068,FEK,4,0.0004
4069,FEL,4,0.0004
4070,FEM,4,0.0004
4071,FEN,4,0.0004
4072,FEO,4,0.0004
4073,FEP,4,0.0004
4074,FEQ,4,0.0004
4075,FER,4,0.0004
4076,FES,4,0.0004
4077,FET,4,0.0004
4078,FEU,4,0.0004
4079,FEV,4,0.0004
4080,FEW,4,0.0004
4081,FEX,4,0.0004
4082,FEY,4,0.0004
4083,FEZ,4,0.0004
4084,FF,4,0.0004
4085,FFA,4,0.0004
4086,FFB,4,0.0004
4087,FFC,4,0.0004
4088,FFD,4,0.0004
4089,FFE,4,0.0004
4090,FFF,4,0.0004
4091,FFG,4,0.0004
4092,FFH,4,0.0004
4093,FFI,4,0.0004
4094,FFJ,4,0.0004
4095,FFK,4,0.0004
4096,FFL,4,0.0004
4097,FFM,4,0.0004
4098,FFN,4,0.0004
4099,FFO,4,0.0004
4100,FFP,4,0.0004
4101,FFQ,4,0.0004
4102,FFR,4,0.0004
4103,FFS,4,0.0004
4104,FFT,4,0.0004
4105,FFU,4,0.0004
4106,FFV,4,0.0004
4107,FFW,4,0.0004
4108,FFX,4,0.0004
4109,FFY,4,0.0004
4110,FFZ,4,0.0004
4111,FG,4,0.0004
4112,FGA,4,0.0004
4113,FGB,4,0.0004
4114,FGC,4,0.0004
4115,FGD,4,0.0004
4116,FGE,4,0.0004
4117,FGF,4,0.0004
4118,FGG,4,0.0004
4119,FGH,4,0.0004
4120,FGI,4,0.0004
4121,FGJ,4,0.0004
4122,FGK,4,0.0004
4123,FGL,4,0.0004
4124,FGM,4,0.0004
4125,FGN,4,0.0004
4126,FGO,4,0.0004
4127,FGP,4,0.0004
4128,FGQ,4,0.0004
4129,FGR,4,0.0004
4130,FGS,4,0.0004
4131,FGT,4,0.0004
4132,FGU,4,0.0004
4133,FGV,4,0.0004
4134,FGW,4,0.0004
4135,FGX,4,0.0004
4136,FGY,4,0.0004
4137,FGZ,4,0.0004
4138,FH,4,0.0004
4139,FHA,4,0.0004
4140,FHB,4,0.0004
4141,FHC,4,0.0004
4142,FHD,4,0.0004
4143,FHE,4,0.0004
4144,FHF,4,0.0004
4145,FHG,4,0.0004
4146,FHH,4,0.0004
4147,FHI,4,0.0004
4148,FHJ,4,0.0004
4149,FHK,4,0.0004
4150,FHL,4,0.0004
4151,FHM,4,0.0004
4152,FHN,4,0.0004
4153,FHO,4,0.0004
4154,FHP,4,0.0004
4155,FHQ,4,0.0004
4156,FHR,4,0.0004
4157,FHS,4,0.0004
4158,FHT,4,0.0004
4159,FHU,4,0.0004
4160,FHV,4,0.0004
4161,FHW,4,0.0004
4162,FHX,4,0.0004
4163,FHY,4,0.0004
4164,FHZ,4,0.0004
4165,FI,4,0.0004
4166,FIA,4,0.0004
4167,FIB,4,0.0004
4168,FIC,4,0.0004
4169,FID,4,0.0004
4170,FIE,4,0.0004
4171,FIF,4,0.0004
4172,FIG,4,0.0004
4173,FIH,4,0.0004
4174,FII,4,0.0004
4175,FIJ,4,0.0004
4176,FIK,4,0.0004
4177,FIL,4,0.0004
4178,FIM,4,0.0004
4179,FIN,4,0.0004
4180,FIO,4,0.0004
4181,FIP,4,0.0004
4182,FIQ,4,0.0004
4183,FIR,4,0.0004
4184,FIS,4,0.0004
4185,FIT,4,0.0004
4186,FIU,4,0.0004
4187,FIV,4,0.0004
4188,FIW,4,0.0004
4189,FIX,4,0.0004
4190,FIY,4,0.0004
4191,FIZ,4,0.0004
4192,FJ,4,0.0004
4193,FJA,4,0.0004
4194,FJB,4,0.0004
4195,FJC,4,0.0004
4196,FJD,4,0.0004
4197,FJE,4,0.0004
4198,FJF,4,0.0004
4199,FJG,4,0.0004
4200,FJH,4,0.0004
4201,FJI,4,0.0004
4202,FJJ,4,0.0004
4203,FJK,4,0.0004
4204,FJL,4,0.0004
4205,FJM,4,0.0004
4206,FJN,4,0.0004
4207,FJO,4,0.0004
4208,FJP,4,0.0004
4209,FJQ,4,0.0004
4210,FJR,4,0.0004
4211,FJS,4,0.0004
4212,FJT,4,0.0004
4213,FJU,4,0.0004
4214,FJV,4,0.0004
4215,FJW,4,0.0004
4216,FJX,4,0.0004
4217,FJY,4,0.0004
4218,FJZ,4,0.0004
4219,FK,4,0.0004
4220,FKA,4,0.0004
4221,FKB,4,0.0004
4222,FKC,4,0.0004
4223,FKD,4,0.0004
4224,FKE,4,0.0004
4225,FKF,4,0.0004
4226,FKG,4,0.0004
4227,FKH,4,0.0004
4228,FKI,4,0.0004
4229,FKJ,4,0.0004
4230,FKK,4,0.0004
4231,FKL,4,0.0004
4232,FKM,4,0.0004
4233,FKN,4,0.0004
4234,FKO,4,0.0004
4235,FKP,4,0.0004
4236,FKQ,4,0.0004
4237,FKR,4,0.0004
4238,FKS,4,0.0004
4239,FKT,4,0.0004
4240,FKU,4,0.0004
4241,FKV,4,0.0004
4242,FKW,4,0.0004
4243,FKX,4,0.0004
4244,FKY,4,0.0004
4245,FKZ,4,0.0004
4246,FL,4,0.0004
4247,FLA,4,0.0004
4248,FLB,4,0.0004
4249,FLC,4,0.0004
4250,FLD,4,0.0004
4251,FLE,4,0.0004
4252,FLF,4,0.0004
4253,FLG,4,0.0004
4254,FLH,4,0.0004
4255,FLI,4,0.0004
4256,FLJ,4,0.0004
4257,FLK,4,0.0004
4258,FLL,4,0.0004
4259,FLM,4,0.0004
4260,FLN,4,0.0004
4261,FLO,4,0.0004
4262,FLP,4,0.0004
4263,FLQ,4,0.0004
4264,FLR,4,0.0004
4265,FLS,4,0.0004
4266,FLT,4,0.0004
4267,FLU,4,0.0004
4268,FLV,4,0.0004
4269,FLW,4,0.0004
4270,FLX,4,0.0004
4271,FLY,4,0.0004
4272,FLZ,4,0.0004
4273,FM,4,0.0004
4274,FMA,4,0.0004
4275,FMB,4,0.0004
4276,FMC,4,0.0004
4277,FMD,4,0.0004
4278,FME,4,0.0004
4279,FMF,4,0.0004
4280,FMG,4,0.0004
4281,FMH,4,0.0004
4282,FMI,4,0.0004
4283,FMJ,4,0.0004
4284,FMK,4,0.0004
4285,FML,4,0.0004
4286,FMM,4,0.0004
4287,FMN,4,0.0004
4288,FMO,4,0.0004
4289,FMP,4,0.0004
4290,FMQ,4,0.0004
4291,FMR,4,0.0004
4292,FMS,4,0.0004
4293,FMT,4,0.0004
4294,FMU,4,0.0004
4295,FMV,4,0.0004
4296,FMW,4,0.0004
4297,FMX,4,0.0004
4298,FMY,4,0.0004
4299,FMZ,4,0.0004
4300,FN,4,0.0004
4301,FNA,4,0.0004
4302,FNB,4,0.0004
4303,FNC,4,0.0004
4304,FND,4,0.0004
4305,FNE,4,0.0004
4306,FNF,4,0.0004
4307,FNG,4,0.0004
4308,FNH,4,0.0004
4309,FNI,4,0.0004
4310,FNJ,4,0.0004
4311,FNK,4,0.0004
4312,FNL,4,0.0004
4313,FNM,4,0.0004
4314,FNN,4,0.0004
4315,FNO,4,0.0004
4316,FNP,4,0.0004
4317,FNQ,4,0.0004
4318,FNR,4,0.0004
4319,FNS,4,0.0004
4320,FNT,4,0.0004
4321,FNU,4,0.0004
4322,FNV,4,0.0004
4323,FNW,4,0.0004
4324,FNX,4,0.0004
4325,FNY,4,0.0004
4326,FNZ,4,0.0004
4327,FO,4,0.0004
4328,FOA,4,0.0004
4329,FOB,4,0.0004
4330,FOC,4,0.0004
4331,FOD,4,0.0004
4332,FOE,4,0.0004
4333,FOF,4,0.0004
4334,FOG,4,0.0004
4335,FOH,4,0.0004
4336,FOI,4,0.0004
4337,FOJ,4,0.0004
4338,FOK,4,0.0004
4339,FOL,4,0.0004
4340,FOM,4,0.0004
4341,FON,4,0.0004
4342,FOO,4,0.0004
4343,FOP,4,0.0004
4344,FOQ,4,0.0004
4345,FOR,4,0.0004
4346,FOS,4,0.0004
4347,FOT,4,0.0004
4348,FOU,4,0.0004
4349,FOV,4,0.0004
4350,FOW,4,0.0004
4351,FOX,4,0.0004
4352,FOY,4,0.0004
4353,FOZ,4,0.0004
4354,FP,4,0.0004
4355,FPA,4,0.0004
4356,FPB,4,0.0004
4357,FPC,4,0.0004
4358,FPD,4,0.0004
4359,FPE,4,0.0004
4360,FPF,4,0.0004
4361,FPG,4,0.0004
4362,FPH,4,0.0004
4363,FPI,4,0.0004
4364,FPJ,4,0.0004
4365,FPK,4,0.0004
4366,FPL,4,0.0004
4367,FPM,4,0.0004
4368,FPN,4,0.0004
4369,FPO,4,0.0004
4370,FPP,4,0.0004
4371,FPQ,4,0.0004
4372,FPR,4,0.0004
4373,FPS,4,0.0004
4374,FPT,4,0.0004
4375,FPU,4,0.0004
4376,FPV,4,0.0004
4377,FPW,4,0.0004
4378,FPX,4,0.0004
4379,FPY,4,0.0004
4380,FPZ,4,0.0004
4381,FQ,4,0.0004
4382,FQA,4,0.0004
4383,FQB,4,0.0004
4384,FQC,4,0.0004
4385,FQD,4,0.0004
4386,FQE,4,0.0004
4387,FQF,4,0.0004
4388,FQG,4,0.0004
4389,FQH,4,0.0004
4390,FQI,4,0.0004
4391,FQJ,4,0.0004
4392,FQK,4,0.0004
4393,FQL,4,0.0004
4394,FQM,4,0.0004
4395,FQN,4,0.0004
4396,FQO,4,0.0004
4397,FQP,4,0.0004
4398,FQQ,4,0.0004
4399,FQR,4,0.0004
4400,FQS,4,0.0004
4401,FQT,4,0.0004
4402,FQU,4,0.0004
4403,FQV,4,0.0004
4404,FQW,4,0.0004
4405,FQX,4,0.0004
4406,FQY,4,0.0004
4407,FQZ,4,0.0004
4408,FR,4,0.0004
4409,FRA,4,0.0004
4410,FRB,4,0.0004
4411,FRC,4,0.0004
4412,FRD,4,0.0004
4413,FRE,4,0.0004
4414,FRF,4,0.0004
4415,FRG,4,0.0004
4416,FRH,4,0.0004
4417,FRI,4,0.0004
4418,FRJ,4,0.0004
4419,FRK,4,0.0004
4420,FRL,4,0.0004
4421,FRM,4,0.0004
4422,FRN,4,0.0004
4423,FRO,4,0.0004
4424,FRP,4,0.0004
4425,FRQ,4,0.0004
4426,FRR,4,0.0004
4427,FRS,4,0.0004
4428,FRT,4,0.0004
4429,FRU,4,0.0004
4430,FRV,4,0.0004
4431,FRW,4,0.0004
4432,FRX,4,0.0004
4433,FRY,4,0.0004
4434,FRZ,4,0.0004
4435,FS,4,0.0004
4436,FSA,4,0.0004
4437,FSB,4,0.0004
4438,FSC,4,0.0004
4439,FSD,4,0.0004
4440,FSE,4,0.0004
4441,FSF,4,0.0004
4442,FSG,4,0.0004
4443,FSH,4,0.0004
4444,FSI,4,0.0004
4445,FSJ,4,0.0004
4446,FSK,4,0.0004
4447,FSL,4,0.0004
4448,FSM,4,0.0004
4449,FSN,4,0.0004
4450,FSO,4,0.0004
4451,FSP,4,0.0004
4452,FSQ,4,0.0004
4453,FSR,4,0.0004
4454,FSS,4,0.0004
4455,FST,4,0.0004
4456,FSU,4,0.0004
4457,FSV,4,0.0004
4458,FSW,4,0.0004
4459,FSX,4,0.0004
4460,FSY,4,0.0004
4461,FSZ,4,0.0004
4462,FT,4,0.0004
4463,FTA,4,0.0004
4464,FTB,4,0.0004
4465,FTC,4,0.0004
4466,FTD,4,0.0004
4467,FTE,4,0.0004
4468,FTF,4,0.0004
4469,FTG,4,0.0004
4470,FTH,4,0.0004
4471,FTI,4,0.0004
4472,FTJ,4,0.0004
4473,FTK,4,0.0004
4474,FTL,4,0.0004
4475,FTM,4,0.0004
4476,FTN,4,0.0004
4477,FTO,4,0.0004
4478,FTQ,4,0.0004
4479,FTR,4,0.0004
4480,FTS,4,0.0004
4481,FTT,4,0.0004
4482,FTU,4,0.0004
4483,FTV,4,0.0004
4484,FTW,4,0.0004
4485,FTX,4,0.0004
4486,FTY,4,0.0004
4487,FTZ,4,0.0004
4488,FU,4,0.0004
4489,FUA,4,0.0004
4490,FUB,4,0.0004
4491,FUC,4,0.0004
4492,FUD,4,0.0004
4493,FUE,4,0.0004
4494,FUF,4,0.0004
4495,FUG,4,0.0004
4496,FUH,4,0.0004
4497,FUI,4,0.0004
4498,FUJ,4,0.0004
4499,FUK,4,0.0004
4500,FUL,4,0.0004
4501,FUM,4,0.0004
4502,FUN,4,0.0004
4503,FUO,4,0.0004
4504,FUP,4,0.0004
4505,FUQ,4,0.0004
4506,FUR,4,0.0004
4507,FUS,4,0.0004
4508,FUT,4,0.0004
4509,FUU,4,0.0004
4510,FUV,4,0.0004
4511,FUW,4,0.0004
4512,FUX,4,0.0004
4513,FUY,4,0.0004
4514,FUZ,4,0.0004
4515,FV,4,0.0004
4516,FVA,4,0.0004
4517,FVB,4,0.0004
4518,FVC,4,0.0004
4519,FVD,4,0.0004
4520,FVE,4,0.0004
4521,FVF,4,0.0004
4522,FVG,4,0.0004
4523,FVH,4,0.0004
4524,FVI,4,0.0004
4525,FVJ,4,0.0004
4526,FVK,4,0.0004
4527,FVL,4,0.0004
4528,FVM,4,0.0004
4529,FVN,4,0.0004
4530,FVO,4,0.0004
4531,FVP,4,0.0004
4532,FVQ,4,0.0004
4533,FVR,4,0.0004
4534,FVS,4,0.0004
4535,FVT,4,0.0004
4536,FVU,4,0.0004
4537,FVV,4,0.0004
4538,FVW,4,0.0004
4539,FVX,4,0.0004
4540,FVY,4,0.0004
4541,FVZ,4,0.0004
4542,FW,4,0.0004
4543,FWA,4,0.0004
4544,FWB,4,0.0004
4545,FWC,4,0.0004
4546,FWD,4,0.0004
4547,FWE,4,0.0004
4548,FWF,4,0.0004
4549,FWG,4,0.0004
4550,FWH,4,0.0004
4551,FWI,4,0.0004
4552,FWJ,4,0.0004
4553,FWK,4,0.0004
4554,FWL,4,0.0004
4555,FWM,4,0.0004
4556,FWN,4,0.0004
4557,FWO,4,0.0004
4558,FWP,4,0.0004
4559,FWQ,4,0.0004
4560,FWR,4,0.0004
4561,FWS,4,0.0004
4562,FWT,4,0.0004
4563,FWU,4,0.0004
4564,FWV,4,0.0004
4565,FWW,4,0.0004
4566,FWX,4,0.0004
4567,FWY,4,0.0004
4568,FWZ,4,0.0004
4569,FX,4,0.0004
4570,FXA,4,0.0004
4571,FXB,4,0.0004
4572,FXC,4,0.0004
4573,FXD,4,0.0004
4574,FXE,4,0.0004
4575,FXF,4,0.0004
4576,FXG,4,0.0004
4577,FXH,4,0.0004
4578,FXI,4,0.0004
4579,FXJ,4,0.0004
4580,FXK,4,0.0004
4581,FXL,4,0.0004
4582,FXM,4,0.0004
4583,FXN,4,0.0004
4584,FXO,4,0.0004
4585,FXP,4,0.0004
4586,FXQ,4,0.0004
4587,FXR,4,0.0004
4588,FXS,4,0.0004
4589,FXT,4,0.0004
4590,FXU,4,0.0004
4591,FXV,4,0.0004
4592,FXW,4,0.0004
4593,FXX,4,0.0004
4594,FXY,4,0.0004
4595,FXZ,4,0.0004
4596,FY,4,0.0004
4597,FYA,4,0.0004
4598,FYB,4,0.0004
4599,FYC,4,0.0004
4600,FYD,4,0.0004
4601,FYE,4,0.0004
4602,FYF,4,0.0004
4603,FYG,4,0.0004
4604,FYH,4,0.0004
4605,FYI,4,0.0004
4606,FYJ,4,0.0004
4607,FYK,4,0.0004
4608,FYL,4,0.0004
4609,FYM,4,0.0004
4610,FYN,4,0.0004
4611,FYO,4,0.0004
4612,FYP,4,0.0004
4613,FYQ,4,0.0004
4614,FYR,4,0.0004
4615,FYS,4,0.0004
4616,FYT,4,0.0004
4617,FYU,4,0.0004
4618,FYV,4,0.0004
4619,FYW,4,0.0004
4620,FYX,4,0.0004
4621,FYY,4,0.0004
4622,FYZ,4,0.0004
4623,FZ,4,0.0004
4624,FZA,4,0.0004
4625,FZB,4,0.0004
4626,FZC,4,0.0004
4627,FZD,4,0.0004
4628,FZE,4,0.0004
4629,FZF,4,0.0004
4630,FZG,4,0.0004
4631,FZH,4,0.0004
4632,FZI,4,0.0004
4633,FZJ,4,0.0004
4634,FZK,4,0.0004
4635,FZL,4,0.0004
4636,FZM,4,0.0004
4637,FZN,4,0.0004
4638,FZO,4,0.0004
4639,FZP,4,0.0004
4640,FZQ,4,0.0004
4641,FZR,4,0.0004
4642,FZS,4,0.0004
4643,FZT,4,0.0004
4644,FZU,4,0.0004
4645,FZV,4,0.0004
4646,FZW,4,0.0004
4647,FZX,4,0.0004
4648,FZY,4,0.0004
4649,FZZ,4,0.0004
4650,GA,4,0.0004
4651,GAA,4,0.0004
4652,GAB,4,0.0004
4653,GAC,4,0.0004
4654,GAD,4,0.0004
4655,GAE,4,0.0004
4656,GAF,4,0.0004
4657,GAG,4,0.0004
4658,GAH,4,0.0004
4659,GAI,4,0.0004
4660,GAJ,4,0.0004
4661,GAK,4,0.0004
4662,GAL,4,0.0004
4663,GAM,4,0.0004
4664,GAN,4,0.0004
4665,GAO,4,0.0004
4666,GAP,4,0.0004
4667,GAQ,4,0.0004
4668,GAR,4,0.0004
4669,GAS,4,0.0004
4670,GAT,4,0.0004
4671,GAU,4,0.0004
4672,GAV,4,0.0004
4673,GAW,4,0.0004
4674,GAX,4,0.0004
4675,GAY,4,0.0004
4676,GAZ,4,0.0004
4677,GB,4,0.0004
4678,GBA,4,0.0004
4679,GBB,4,0.0004
4680,GBC,4,0.0004
4681,GBD,4,0.0004
4682,GBE,4,0.0004
4683,GBF,4,0.0004
4684,GBG,4,0.0004
4685,GBH,4,0.0004
4686,GBI,4,0.0004
4687,GBJ,4,0.0004
4688,GBK,4,0.0004
4689,GBL,4,0.0004
4690,GBM,4,0.0004
4691,GBN,4,0.0004
4692,GBO,4,0.0004
4693,GBP,4,0.0004
4694,GBQ,4,0.0004
4695,GBR,4,0.0004
4696,GBS,4,0.0004
4697,GBT,4,0.0004
4698,GBU,4,0.0004
4699,GBV,4,0.0004
4700,GBW,4,0.0004
4701,GBX,4,0.0004
4702,GBY,4,0.0004
4703,GBZ,4,0.0004
4704,GC,4,0.0004
4705,GCA,4,0.0004
4706,GCB,4,0.0004
4707,GCC,4,0.0004
4708,GCD,4,0.0004
4709,GCE,4,0.0004
4710,GCF,4,0.0004
4711,GCG,4,0.0004
4712,GCH,4,0.0004
4713,GCI,4,0.0004
4714,GCJ,4,0.0004
4715,GCK,4,0.0004
4716,GCL,4,0.0004
4717,GCM,4,0.0004
4718,GCN,4,0.0004
4719,GCO,4,0.0004
4720,GCP,4,0.0004
4721,GCQ,4,0.0004
4722,GCR,4,0.0004
4723,GCS,4,0.0004
4724,GCT,4,0.0004
4725,GCU,4,0.0004
4726,GCV,4,0.0004
4727,GCW,4,0.0004
4728,GCX,4,0.0004
4729,GCY,4,0.0004
4730,GCZ,4,0.0004
4731,GD,4,0.0004
4732,GDA,4,0.0004
4733,GDB,4,0.0004
4734,GDC,4,0.0004
4735,GDD,4,0.0004
4736,GDE,4,0.0004
4737,GDF,4,0.0004
4738,GDG,4,0.0004
4739,GDH,4,0.0004
4740,GDI,4,0.0004
4741,GDJ,4,0.0004
4742,GDK,4,0.0004
4743,GDL,4,0.0004
4744,GDM,4,0.0004
4745,GDN,4,0.0004
4746,GDO,4,0.0004
4747,GDP,4,0.0004
4748,GDQ,4,0.0004
4749,GDR,4,0.0004
4750,GDS,4,0.0004
4751,GDT,4,0.0004
4752,GDU,4,0.0004
4753,GDV,4,0.0004
4754,GDW,4,0.0004
4755,GDX,4,0.0004
4756,GDY,4,0.0004
4757,GDZ,4,0.0004
4758,GE,4,0.0004
4759,GEA,4,0.0004
4760,GEB,4,0.0004
4761,GEC,4,0.0004
4762,GED,4,0.0004
4763,GEE,4,0.0004
4764,GEF,4,0.0004
4765,GEG,4,0.0004
4766,GEH,4,0.0004
4767,GEI,4,0.0004
4768,GEJ,4,0.0004
4769,GEK,4,0.0004
4770,GEL,4,0.0004
4771,GEM,4,0.0004
4772,GEN,4,0.0004
4773,GEO,4,0.0004
4774,GEP,4,0.0004
4775,GEQ,4,0.0004
4776,GER,4,0.0004
4777,GES,4,0.0004
4778,GET,4,0.0004
4779,GEU,4,0.0004
4780,GEV,4,0.0004
4781,GEW,4,0.0004
4782,GEX,4,0.0004
4783,GEY,4,0.0004
4784,GEZ,4,0.0004
4785,GF,4,0.0004
4786,GFA,4,0.0004
4787,GFB,4,0.0004
4788,GFC,4,0.0004
4789,GFD,4,0.0004
4790,GFE,4,0.0004
4791,GFF,4,0.0004
4792,GFG,4,0.0004
4793,GFH,4,0.0004
4794,GFI,4,0.0004
4795,GFJ,4,0.0004
4796,GFK,4,0.0004
4797,GFL,4,0.0004
4798,GFM,4,0.0004
4799,GFN,4,0.0004
4800,GFO,4,0.0004
4801,GFP,4,0.0004
4802,GFQ,4,0.0004
4803,GFR,4,0.0004
4804,GFS,4,0.0004
4805,GFT,4,0.0004
4806,GFU,4,0.0004
4807,GFV,4,0.0004
4808,GFW,4,0.0004
4809,GFX,4,0.0004
4810,GFY,4,0.0004
4811,GFZ,4,0.0004
4812,GG,4,0.0004
4813,GGA,4,0.0004
4814,GGB,4,0.0004
4815,GGC,4,0.0004
4816,GGD,4,0.0004
4817,GGE,4,0.0004
4818,GGF,4,0.0004
4819,GGG,4,0.0004
4820,GGH,4,0.0004
4821,GGI,4,0.0004
4822,GGJ,4,0.0004
4823,GGK,4,0.0004
4824,GGL,4,0.0004
4825,GGM,4,0.0004
4826,GGN,4,0.0004
4827,GGO,4,0.0004
4828,GGP,4,0.0004
4829,GGQ,4,0.0004
4830,GGR,4,0.0004
4831,GGS,4,0.0004
4832,GGT,4,0.0004
4833,GGU,4,0.0004
4834,GGV,4,0.0004
4835,GGW,4,0.0004
4836,GGX,4,0.0004
4837,GGY,4,0.0004
4838,GGZ,4,0.0004
4839,GH,4,0.0004
4840,GHA,4,0.0004
4841,GHB,4,0.0004
4842,GHC,4,0.0004
4843,GHD,4,0.0004
4844,GHE,4,0.0004
4845,GHF,4,0.0004
4846,GHG,4,0.0004
4847,GHH,4,0.0004
4848,GHI,4,0.0004
4849,GHJ,4,0.0004
4850,GHK,4,0.0004
4851,GHL,4,0.0004
4852,GHM,4,0.0004
4853,GHN,4,0.0004
4854,GHO,4,0.0004
4855,GHP,4,0.0004
4856,GHQ,4,0.0004
4857,GHR,4,0.0004
4858,GHS,4,0.0004
4859,GHT,4,0.0004
4860,GHU,4,0.0004
4861,GHV,4,0.0004
4862,GHW,4,0.0004
4863,GHX,4,0.0004
4864,GHY,4,0.0004
4865,GHZ,4,0.0004
4866,GI,4,0.0004
4867,GIA,4,0.0004
4868,GIB,4,0.0004
4869,GIC,4,0.0004
4870,GID,4,0.0004
4871,GIE,4,0.0004
4872,GIF,4,0.0004
4873,GIG,4,0.0004
4874,GIH,4,0.0004
4875,GII,4,0.0004
4876,GIJ,4,0.0004
4877,GIK,4,0.0004
4878,GIL,4,0.0004
4879,GIM,4,0.0004
4880,GIN,4,0.0004
4881,GIO,4,0.0004
4882,GIP,4,0.0004
4883,GIQ,4,0.0004
4884,GIR,4,0.0004
4885,GIS,4,0.0004
4886,GIT,4,0.0004
4887,GIU,4,0.0004
4888,GIV,4,0.0004
4889,GIW,4,0.0004
4890,GIX,4,0.0004
4891,GIY,4,0.0004
4892,GIZ,4,0.0004
4893,GJ,4,0.0004
4894,GJA,4,0.0004
4895,GJB,4,0.0004
4896,GJC,4,0.0004
4897,GJD,4,0.0004
4898,GJE,4,0.0004
4899,GJF,4,0.0004
4900,GJG,4,0.0004
4901,GJH,4,0.0004
4902,GJI,4,0.0004
4903,GJJ,4,0.0004
4904,GJK,4,0.0004
4905,GJL,4,0.0004
4906,GJM,4,0.0004
4907,GJN,4,0.0004
4908,GJO,4,0.0004
4909,GJP,4,0.0004
4910,GJQ,4,0.0004
4911,GJR,4,0.0004
4912,GJS,4,0.0004
4913,GJT,4,0.0004
4914,GJU,4,0.0004
4915,GJV,4,0.0004
4916,GJW,4,0.0004
4917,GJX,4,0.0004
4918,GJY,4,0.0004
4919,GJZ,4,0.0004
4920,GK,4,0.0004
4921,GKA,4,0.0004
4922,GKB,4,0.0004
4923,GKC,4,0.0004
4924,GKD,4,0.0004
4925,GKE,4,0.0004
4926,GKF,4,0.0004
4927,GKG,4,0.0004
4928,GKH,4,0.0004
4929,GKI,4,0.0004
4930,GKJ,4,0.0004
4931,GKK,4,0.0004
4932,GKL,4,0.0004
4933,GKM,4,0.0004
4934,GKN,4,0.0004
4935,GKO,4,0.0004
4936,GKP,4,0.0004
4937,GKQ,4,0.0004
4938,GKR,4,0.0004
4939,GKS,4,0.0004
4940,GKT,4,0.0004
4941,GKU,4,0.0004
4942,GKV,4,0.0004
4943,GKW,4,0.0004
4944,GKX,4,0.0004
4945,GKY,4,0.0004
4946,GKZ,4,0.0004
4947,GL,4,0.0004
4948,GLA,4,0.0004
4949,GLB,4,0.0004
4950,GLC,4,0.0004
4951,GLD,4,0.0004
4952,GLE,4,0.0004
4953,GLF,4,0.0004
4954,GLG,4,0.0004
4955,GLH,4,0.0004
4956,GLI,4,0.0004
4957,GLJ,4,0.0004
4958,GLK,4,0.0004
4959,GLL,4,0.0004
4960,GLM,4,0.0004
4961,GLN,4,0.0004
4962,GLO,4,0.0004
4963,GLP,4,0.0004
4964,GLQ,4,0.0004
4965,GLR,4,0.0004
4966,GLS,4,0.0004
4967,GLT,4,0.0004
4968,GLU,4,0.0004
4969,GLV,4,0.0004
4970,GLW,4,0.0004
4971,GLX,4,0.0004
4972,GLY,4,0.0004
4973,GLZ,4,0.0004
4974,GM,4,0.0004
4975,GMA,4,0.0004
4976,GMB,4,0.0004
4977,GMC,4,0.0004
4978,GMD,4,0.0004
4979,GME,4,0.0004
4980,GMF,4,0.0004
4981,GMG,4,0.0004
4982,GMH,4,0.0004
4983,GMI,4,0.0004
4984,GMJ,4,0.0004
4985,GMK,4,0.0004
4986,GML,4,0.0004
4987,GMM,4,0.0004
4988,GMN,4,0.0004
4989,GMO,4,0.0004
4990,GMP,4,0.0004
4991,GMQ,4,0.0004
4992,GMR,4,0.0004
4993,GMS,4,0.0004
4994,GMT,4,0.0004
4995,GMU,4,0.0004
4996,GMV,4,0.0004
4997,GMW,4,0.0004
4998,GMX,4,0.0004
4999,GMY,4,0.0004
5000,GMZ,4,0.0004
5001,GN,4,0.0004
5002,GNA,4,0.0004
5003,GNB,4,0.0004
5004,GNC,4,0.0004
5005,GND,4,0.0004
5006,GNE,4,0.0004
5007,GNF,4,0.0004
5008,GNG,4,0.0004
5009,GNH,4,0.0004
5010,GNI,4,0.0004
5011,GNJ,4,0.0004
5012,GNK,4,0.0004
5013,GNL,4,0.0004
5014,GNM,4,0.0004
5015,GNN,4,0.0004
5016,GNO,4,0.0004
5017,GNP,4,0.0004
5018,GNQ,4,0.0004
5019,GNR,4,0.0004
5020,GNS,4,0.0004
5021,GNT,4,0.0004
5022,GNU,4,0.0004
5023,GNV,4,0.0004
5024,GNW,4,0.0004
5025,GNX,4,0.0004
5026,GNY,4,0.0004
5027,GNZ,4,0.0004
5028,GO,4,0.0004
5029,GOA,4,0.0004
5030,GOB,4,0.0004
5031,GOC,4,0.0004
5032,GOD,4,0.0004
5033,GOE,4,0.0004
5034,GOF,4,0.0004
5035,GOG,4,0.0004
5036,GOH,4,0.0004
5037,GOI,4,0.0004
5038,GOJ,4,0.0004
5039,GOK,4,0.0004
5040,GOL,4,0.0004
5041,GOM,4,0.0004
5042,GON,4,0.0004
5043,GOO,4,0.0004
5044,GOP,4,0.0004
5045,GOQ,4,0.0004
5046,GOR,4,0.0004
5047,GOS,4,0.0004
5048,GOT,4,0.0004
5049,GOU,4,0.0004
5050,GOV,4,0.0004
5051,GOW,4,0.0004
5052,GOX,4,0.0004
5053,GOY,4,0.0004
5054,GOZ,4,0.0004
5055,GP,4,0.0004
5056,GPA,4,0.0004
5057,GPB,4,0.0004
5058,GPC,4,0.0004
5059,GPD,4,0.0004
5060,GPE,4,0.0004
5061,GPF,4,0.0004
5062,GPG,4,0.0004
5063,GPH,4,0.0004
5064,GPI,4,0.0004
5065,GPJ,4,0.0004
5066,GPK,4,0.0004
5067,GPL,4,0.0004
5068,GPM,4,0.0004
5069,GPN,4,0.0004
5070,GPO,4,0.0004
5071,GPP,4,0.0004
5072,GPQ,4,0.0004
5073,GPR,4,0.0004
5074,GPS,4,0.0004
5075,GPT,4,0.0004
5076,GPU,4,0.0004
5077,GPV,4,0.0004
5078,GPW,4,0.0004
5079,GPX,4,0.0004
5080,GPY,4,0.0004
5081,GPZ,4,0.0004
5082,GQ,4,0.0004
5083,GQA,4,0.0004
5084,GQB,4,0.0004
5085,GQC,4,0.0004
5086,GQD,4,0.0004
5087,GQE,4,0.0004
5088,GQF,4,0.0004
5089,GQG,4,0.0004
5090,GQH,4,0.0004
5091,GQI,4,0.0004
5092,GQJ,4,0.0004
5093,GQK,4,0.0004
5094,GQL,4,0.0004
5095,GQM,4,0.0004
5096,GQN,4,0.0004
5097,GQO,4,0.0004
5098,GQP,4,0.0004
5099,GQQ,4,0.0004
5100,GQR,4,0.0004
5101,GQS,4,0.0004
5102,GQT,4,0.0004
5103,GQU,4,0.0004
5104,GQV,4,0.0004
5105,GQW,4,0.0004
5106,GQX,4,0.0004
5107,GQY,4,0.0004
5108,GQZ,4,0.0004
5109,GR,4,0.0004
5110,GRA,4,0.0004
5111,GRB,4,0.0004
5112,GRC,4,0.0004
5113,GRD,4,0.0004
5114,GRE,4,0.0004
5115,GRF,4,0.0004
5116,GRG,4,0.0004
5117,GRH,4,0.0004
5118,GRI,4,0.0004
5119,GRJ,4,0.0004
5120,GRK,4,0.0004
5121,GRL,4,0.0004
5122,GRM,4,0.0004
5123,GRN,4,0.0004
5124,GRO,4,0.0004
5125,GRP,4,0.0004
5126,GRQ,4,0.0004
5127,GRR,4,0.0004
5128,GRS,4,0.0004
5129,GRT,4,0.0004
5130,GRU,4,0.0004
5131,GRV,4,0.0004
5132,GRW,4,0.0004
5133,GRX,4,0.0004
5134,GRY,4,0.0004
5135,GRZ,4,0.0004
5136,GS,4,0.0004
5137,GSA,4,0.0004
5138,GSB,4,0.0004
5139,GSC,4,0.0004
5140,GSD,4,0.0004
5141,GSE,4,0.0004
5142,GSF,4,0.0004
5143,GSG,4,0.0004
5144,GSH,4,0.0004
5145,GSI,4,0.0004
5146,GSJ,4,0.0004
5147,GSK,4,0.0004
5148,GSL,4,0.0004
5149,GSM,4,0.0004
5150,GSN,4,0.0004
5151,GSO,4,0.0004
5152,GSP,4,0.0004
5153,GSQ,4,0.0004
5154,GSR,4,0.0004
5155,GSS,4,0.0004
5156,GST,4,0.0004
5157,GSU,4,0.0004
5158,GSV,4,0.0004
5159,GSW,4,0.0004
5160,GSX,4,0.0004
5161,GSY,4,0.0004
5162,GSZ,4,0.0004
5163,GT,4,0.0004
5164,GTA,4,0.0004
5165,GTB,4,0.0004
5166,GTC,4,0.0004
5167,GTD,4,0.0004
5168,GTE,4,0.0004
5169,GTF,4,0.0004
5170,GTG,4,0.0004
5171,GTH,4,0.0004
5172,GTI,4,0.0004
5173,GTJ,4,0.0004
5174,GTK,4,0.0004
5175,GTL,4,0.0004
5176,GTM,4,0.0004
5177,GTN,4,0.0004
5178,GTO,4,0.0004
5179,GTP,4,0.0004
5180,GTQ,4,0.0004
5181,GTR,4,0.0004
5182,GTS,4,0.0004
5183,GTT,4,0.0004
5184,GTU,4,0.0004
5185,GTV,4,0.0004
5186,GTW,4,0.0004
5187,GTX,4,0.0004
5188,GTY,4,0.0004
5189,GTZ,4,0.0004
5190,GU,4,0.0004
5191,GUA,4,0.0004
5192,GUB,4,0.0004
5193,GUC,4,0.0004
5194,GUD,4,0.0004
5195,GUE,4,0.0004
5196,GUF,4,0.0004
5197,GUG,4,0.0004
5198,GUH,4,0.0004
5199,GUI,4,0.0004
5200,GUJ,4,0.0004
5201,GUK,4,0.0004
5202,GUL,4,0.0004
5203,GUM,4,0.0004
5204,GUN,4,0.0004
5205,GUO,4,0.0004
5206,GUP,4,0.0004
5207,GUQ,4,0.0004
5208,GUR,4,0.0004
5209,GUS,4,0.0004
5210,GUT,4,0.0004
5211,GUU,4,0.0004
5212,GUV,4,0.0004
5213,GUW,4,0.0004
5214,GUX,4,0.0004
5215,GUY,4,0.0004
5216,GUZ,4,0.0004
5217,GV,4,0.0004
5218,GVA,4,0.0004
5219,GVB,4,0.0004
5220,GVC,4,0.0004
5221,GVD,4,0.0004
5222,GVE,4,0.0004
5223,GVF,4,0.0004
5224,GVG,4,0.0004
5225,GVH,4,0.0004
5226,GVI,4,0.0004
5227,GVJ,4,0.0004
5228,GVK,4,0.0004
5229,GVL,4,0.0004
5230,GVM,4,0.0004
5231,GVN,4,0.0004
5232,GVO,4,0.0004
5233,GVP,4,0.0004
5234,GVQ,4,0.0004
5235,GVR,4,0.0004
5236,GVS,4,0.0004
5237,GVT,4,0.0004
5238,GVU,4,0.0004
5239,GVV,4,0.0004
5240,GVW,4,0.0004
5241,GVX,4,0.0004
5242,GVY,4,0.0004
5243,GVZ,4,0.0004
5244,GW,4,0.0004
5245,GWA,4,0.0004
5246,GWB,4,0.0004
5247,GWC,4,0.0004
5248,GWD,4,0.0004
5249,GWE,4,0.0004
5250,GWF,4,0.0004
5251,GWG,4,0.0004
5252,GWH,4,0.0004
5253,GWI,4,0.0004
5254,GWJ,4,0.0004
5255,GWK,4,0.0004
5256,GWL,4,0.0004
5257,GWM,4,0.0004
5258,GWN,4,0.0004
5259,GWO,4,0.0004
5260,GWP,4,0.0004
5261,GWQ,4,0.0004
5262,GWR,4,0.0004
5263,GWS,4,0.0004
5264,GWT,4,0.0004
5265,GWU,4,0.0004
5266,GWV,4,0.0004
5267,GWW,4,0.0004
5268,GWX,4,0.0004
5269,GWY,4,0.0004
5270,GWZ,4,0.0004
5271,GX,4,0.0004
5272,GXA,4,0.0004
5273,GXB,4,0.0004
5274,GXC,4,0.0004
5275,GXD,4,0.0004
5276,GXE,4,0.0004
5277,GXF,4,0.0004
5278,GXG,4,0.0004
5279,GXH,4,0.0004
5280,GXI,4,0.0004
5281,GXJ,4,0.0004
5282,GXK,4,0.0004
5283,GXL,4,0.0004
5284,GXM,4,0.0004
5285,GXN,4,0.0004
5286,GXO,4,0.0004
5287,GXP,4,0.0004
5288,GXQ,4,0.0004
5289,GXR,4,0.0004
5290,GXS,4,0.0004
5291,GXT,4,0.0004
5292,GXU,4,0.0004
5293,GXV,4,0.0004
5294,GXW,4,0.0004
5295,GXX,4,0.0004
5296,GXY,4,0.0004
5297,GXZ,4,0.0004
5298,GY,4,0.0004
5299,GYA,4,0.0004
5300,GYB,4,0.0004
5301,GYC,4,0.0004
5302,GYD,4,0.0004
5303,GYE,4,0.0004
5304,GYF,4,0.0004
5305,GYG,4,0.0004
5306,GYH,4,0.0004
5307,GYI,4,0.0004
5308,GYJ,4,0.0004
5309,GYK,4,0.0004
5310,GYL,4,0.0004
5311,GYM,4,0.0004
5312,GYN,4,0.0004
5313,GYO,4,0.0004
5314,GYP,4,0.0004
5315,GYQ,4,0.0004
5316,GYR,4,0.0004
5317,GYS,4,0.0004
5318,GYT,4,0.0004
5319,GYU,4,0.0004
5320,GYV,4,0.0004
5321,GYW,4,0.0004
5322,GYX,4,0.0004
5323,GYY,4,0.0004
5324,GYZ,4,0.0004
5325,GZ,4,0.0004
5326,GZA,4,0.0004
5327,GZB,4,0.0004
5328,GZC,4,0.0004
5329,GZD,4,0.0004
5330,GZE,4,0.0004
5331,GZF,4,0.0004
5332,GZG,4,0.0004
5333,GZH,4,0.0004
5334,GZI,4,0.0004
5335,GZJ,4,0.0004
5336,GZK,4,0.0004
5337,GZL,4,0.0004
5338,GZM,4,0.0004
5339,GZN,4,0.0004
5340,GZO,4,0.0004
5341,GZP,4,0.0004
5342,GZQ,4,0.0004
5343,GZR,4,0.0004
5344,GZS,4,0.0004
5345,GZT,4,0.0004
5346,GZU,4,0.0004
5347,GZV,4,0.0004
5348,GZW,4,0.0004
5349,GZX,4,0.0004
5350,GZY,4,0.0004
5351,GZZ,4,0.0004
5352,H,4,0.0004
5353,HA,4,0.0004
5354,HAA,4,0.0004
5355,HAB,4,0.0004
5356,HAC,4,0.0004
5357,HAD,4,0.0004
5358,HAE,4,0.0004
5359,HAF,4,0.0004
5360,HAG,4,0.0004
5361,HAH,4,0.0004
5362,HAI,4,0.0004
5363,HAJ,4,0.0004
5364,HAK,4,0.0004
5365,HAL,4,0.0004
5366,HAM,4,0.0004
5367,HAN,4,0.0004
5368,HAO,4,0.0004
5369,HAP,4,0.0004
5370,HAQ,4,0.0004
5371,HAR,4,0.0004
5372,HAS,4,0.0004
5373,HAT,4,0.0004
5374,HAU,4,0.0004
5375,HAV,4,0.0004
5376,HAW,4,0.0004
5377,HAX,4,0.0004
5378,HAY,4,0.0004
5379,HAZ,4,0.0004
5380,HB,4,0.0004
5381,HBA,4,0.0004
5382,HBB,4,0.0004
5383,HBC,4,0.0004
5384,HBD,4,0.0004
5385,HBE,4,0.0004
5386,HBF,4,0.0004
5387,HBG,4,0.0004
5388,HBH,4,0.0004
5389,HBI,4,0.0004
5390,HBJ,4,0.0004
5391,HBK,4,0.0004
5392,HBL,4,0.0004
5393,HBM,4,0.0004
5394,HBN,4,0.0004
5395,HBO,4,0.0004
5396,HBP,4,0.0004
5397,HBQ,4,0.0004
5398,HBR,4,0.0004
5399,HBS,4,0.0004
5400,HBT,4,0.0004
5401,HBU,4,0.0004
5402,HBV,4,0.0004
5403,HBW,4,0.0004
5404,HBX,4,0.0004
5405,HBY,4,0.0004
5406,HBZ,4,0.0004
5407,HC,4,0.0004
5408,HCA,4,0.0004
5409,HCB,4,0.0004
5410,HCC,4,0.0004
5411,HCD,4,0.0004
5412,HCE,4,0.0004
5413,HCF,4,0.0004
5414,HCG,4,0.0004
5415,HCH,4,0.0004
5416,HCI,4,0.0004
5417,HCJ,4,0.0004
5418,HCK,4,0.0004
5419,HCL,4,0.0004
5420,HCM,4,0.0004
5421,HCN,4,0.0004
5422,HCO,4,0.0004
5423,HCP,4,0.0004
5424,HCQ,4,0.0004
5425,HCR,4,0.0004
5426,HCS,4,0.0004
5427,HCT,4,0.0004
5428,HCU,4,0.0004
5429,HCV,4,0.0004
5430,HCW,4,0.0004
5431,HCX,4,0.0004
5432,HCY,4,0.0004
5433,HCZ,4,0.0004
5434,HD,4,0.0004
5435,HDA,4,0.0004
5436,HDB,4,0.0004
5437,HDC,4,0.0004
5438,HDD,4,0.0004
5439,HDE,4,0.0004
5440,HDF,4,0.0004
5441,HDG,4,0.0004
5442,HDH,4,0.0004
5443,HDI,4,0.0004
5444,HDJ,4,0.0004
5445,HDK,4,0.0004
5446,HDL,4,0.0004
5447,HDM,4,0.0004
5448,HDN,4,0.0004
5449,HDO,4,0.0004
5450,HDP,4,0.0004
5451,HDQ,4,0.0004
5452,HDR,4,0.0004
5453,HDS,4,0.0004
5454,HDT,4,0.0004
5455,HDU,4,0.0004
5456,HDV,4,0.0004
5457,HDW,4,0.0004
5458,HDX,4,0.0004
5459,HDY,4,0.0004
5460,HDZ,4,0.0004
5461,HE,4,0.0004
5462,HEA,4,0.0004
5463,HEB,4,0.0004
5464,HEC,4,0.0004
5465,HED,4,0.0004
5466,HEE,4,0.0004
5467,HEF,4,0.0004
5468,HEG,4,0.0004
5469,HEH,4,0.0004
5470,HEI,4,0.0004
5471,HEJ,4,0.0004
5472,HEK,4,0.0004
5473,HEL,4,0.0004
5474,HEM,4,0.0004
5475,HEN,4,0.0004
5476,HEO,4,0.0004
5477,HEP,4,0.0004
5478,HEQ,4,0.0004
5479,HER,4,0.0004
5480,HES,4,0.0004
5481,HET,4,0.0004
5482,HEU,4,0.0004
5483,HEV,4,0.0004
5484,HEW,4,0.0004
5485,HEX,4,0.0004
5486,HEY,4,0.0004
5487,HEZ,4,0.0004
5488,HF,4,0.0004
5489,HFA,4,0.0004
5490,HFB,4,0.0004
5491,HFC,4,0.0004
5492,HFD,4,0.0004
5493,HFE,4,0.0004
5494,HFF,4,0.0004
5495,HFG,4,0.0004
5496,HFH,4,0.0004
5497,HFI,4,0.0004
5498,HFJ,4,0.0004
5499,HFK,4,0.0004
5500,HFL,4,0.0004
5501,HFM,4,0.0004
5502,HFN,4,0.0004
5503,HFO,4,0.0004
5504,HFP,4,0.0004
5505,HFQ,4,0.0004
5506,HFR,4,0.0004
5507,HFS,4,0.0004
5508,HFT,4,0.0004
5509,HFU,4,0.0004
5510,HFV,4,0.0004
5511,HFW,4,0.0004
5512,HFX,4,0.0004
5513,HFY,4,0.0004
5514,HFZ,4,0.0004
5515,HG,4,0.0004
5516,HGA,4,0.0004
5517,HGB,4,0.0004
5518,HGC,4,0.0004
5519,HGD,4,0.0004
5520,HGE,4,0.0004
5521,HGF,4,0.0004
5522,HGG,4,0.0004
5523,HGH,4,0.0004
5524,HGI,4,0.0004
5525,HGJ,4,0.0004
5526,HGK,4,0.0004
5527,HGL,4,0.0004
5528,HGM,4,0.0004
5529,HGN,4,0.0004
5530,HGO,4,0.0004
5531,HGP,4,0.0004
5532,HGQ,4,0.0004
5533,HGR,4,0.0004
5534,HGS,4,0.0004
5535,HGT,4,0.0004
5536,HGU,4,0.0004
5537,HGV,4,0.0004
5538,HGW,4,0.0004
5539,HGX,4,0.0004
5540,HGY,4,0.0004
5541,HGZ,4,0.0004
5542,HH,4,0.0004
5543,HHA,4,0.0004
5544,HHB,4,0.0004
5545,HHC,4,0.0004
5546,HHD,4,0.0004
5547,HHE,4,0.0004
5548,HHF,4,0.0004
5549,HHG,4,0.0004
5550,HHH,4,0.0004
5551,HHI,4,0.0004
5552,HHJ,4,0.0004
5553,HHK,4,0.0004
5554,HHL,4,0.0004
5555,HHM,4,0.0004
5556,HHN,4,0.0004
5557,HHO,4,0.0004
5558,HHP,4,0.0004
5559,HHQ,4,0.0004
5560,HHR,4,0.0004
5561,HHS,4,0.0004
5562,HHT,4,0.0004
5563,HHU,4,0.0004
5564,HHV,4,0.0004
5565,HHW,4,0.0004
5566,HHX,4,0.0004
5567,HHY,4,0.0004
5568,HHZ,4,0.0004
5569,HI,4,0.0004
5570,HIA,4,0.0004
5571,HIB,4,0.0004
5572,HIC,4,0.0004
5573,HID,4,0.0004
5574,HIE,4,0.0004
5575,HIF,4,0.0004
5576,HIG,4,0.0004
5577,HIH,4,0.0004
5578,HII,4,0.0004
5579,HIJ,4,0.0004
5580,HIK,4,0.0004
5581,HIL,4,0.0004
5582,HIM,4,0.0004
5583,HIN,4,0.0004
5584,HIO,4,0.0004
5585,HIP,4,0.0004
5586,HIQ,4,0.0004
5587,HIR,4,0.0004
5588,HIS,4,0.0004
5589,HIT,4,0.0004
5590,HIU,4,0.0004
5591,HIV,4,0.0004
5592,HIW,4,0.0004
5593,HIX,4,0.0004
5594,HIY,4,0.0004
5595,HIZ,4,0.0004
5596,HJ,4,0.0004
5597,HJA,4,0.0004
5598,HJB,4,0.0004
5599,HJC,4,0.0004
5600,HJD,4,0.0004
5601,HJE,4,0.0004
5602,HJF,4,0.0004
5603,HJG,4,0.0004
5604,HJH,4,0.0004
5605,HJI,4,0.0004
5606,HJJ,4,0.0004
5607,HJK,4,0.0004
5608,HJL,4,0.0004
5609,HJM,4,0.0004
5610,HJN,4,0.0004
5611,HJO,4,0.0004
5612,HJP,4,0.0004
5613,HJQ,4,0.0004
5614,HJR,4,0.0004
5615,HJS,4,0.0004
5616,HJT,4,0.0004
5617,HJU,4,0.0004
5618,HJV,4,0.0004
5619,HJW,4,0.0004
5620,HJX,4,0.0004
5621,HJY,4,0.0004
5622,HJZ,4,0.0004
5623,HK,4,0.0004
5624,HKA,4,0.0004
5625,HKB,4,0.0004
5626,HKC,4,0.0004
5627,HKD,4,0.0004
5628,HKE,4,0.0004
5629,HKF,4,0.0004
5630,HKG,4,0.0004
5631,HKH,4,0.0004
5632,HKI,4,0.0004
5633,HKJ,4,0.0004
5634,HKK,4,0.0004
5635,HKL,4,0.0004
5636,HKM,4,0.0004
5637,HKN,4,0.0004
5638,HKO,4,0.0004
5639,HKP,4,0.0004
5640,HKQ,4,0.0004
5641,HKR,4,0.0004
5642,HKS,4,0.0004
5643,HKT,4,0.0004
5644,HKU,4,0.0004
5645,HKV,4,0.0004
5646,HKW,4,0.0004
5647,HKX,4,0.0004
5648,HKY,4,0.0004
5649,HKZ,4,0.0004
5650,HL,4,0.0004
5651,HLA,4,0.0004
5652,HLB,4,0.0004
5653,HLC,4,0.0004
5654,HLD,4,0.0004
5655,HLE,4,0.0004
5656,HLF,4,0.0004
5657,HLG,4,0.0004
5658,HLH,4,0.0004
5659,HLI,4,0.0004
5660,HLJ,4,0.0004
5661,HLK,4,0.0004
5662,HLL,4,0.0004
5663,HLM,4,0.0004
5664,HLN,4,0.0004
5665,HLO,4,0.0004
5666,HLP,4,0.0004
5667,HLQ,4,0.0004
5668,HLR,4,0.0004
5669,HLS,4,0.0004
5670,HLT,4,0.0004
5671,HLU,4,0.0004
5672,HLV,4,0.0004
5673,HLW,4,0.0004
5674,HLX,4,0.0004
5675,HLY,4,0.0004
5676,HLZ,4,0.0004
5677,HM,4,0.0004
5678,HMA,4,0.0004
5679,HMB,4,0.0004
5680,HMC,4,0.0004
5681,HMD,4,0.0004
5682,HME,4,0.0004
5683,HMF,4,0.0004
5684,HMG,4,0.0004
5685,HMH,4,0.0004
5686,HMI,4,0.0004
5687,HMJ,4,0.0004
5688,HMK,4,0.0004
5689,HML,4,0.0004
5690,HMM,4,0.0004
5691,HMN,4,0.0004
5692,HMO,4,0.0004
5693,HMP,4,0.0004
5694,HMQ,4,0.0004
5695,HMR,4,0.0004
5696,HMS,4,0.0004
5697,HMT,4,0.0004
5698,HMU,4,0.0004
5699,HMV,4,0.0004
5700,HMW,4,0.0004
5701,HMX,4,0.0004
5702,HMY,4,0.0004
5703,HMZ,4,0.0004
5704,HN,4,0.0004
5705,HNA,4,0.0004
5706,HNB,4,0.0004
5707,HNC,4,0.0004
5708,HND,4,0.0004
5709,HNE,4,0.0004
5710,HNF,4,0.0004
5711,HNG,4,0.0004
5712,HNH,4,0.0004
5713,HNI,4,0.0004
5714,HNJ,4,0.0004
5715,HNK,4,0.0004
5716,HNL,4,0.0004
5717,HNM,4,0.0004
5718,HNN,4,0.0004
5719,HNO,4,0.0004
5720,HNP,4,0.0004
5721,HNQ,4,0.0004
5722,HNR,4,0.0004
5723,HNS,4,0.0004
5724,HNT,4,0.0004
5725,HNU,4,0.0004
5726,HNV,4,0.0004
5727,HNW,4,0.0004
5728,HNX,4,0.0004
5729,HNY,4,0.0004
5730,HNZ,4,0.0004
5731,HO,4,0.0004
5732,HOA,4,0.0004
5733,HOB,4,0.0004
5734,HOC,4,0.0004
5735,HOD,4,0.0004
5736,HOE,4,0.0004
5737,HOF,4,0.0004
5738,HOG,4,0.0004
5739,HOH,4,0.0004
5740,HOI,4,0.0004
5741,HOJ,4,0.0004
5742,HOK,4,0.0004
5743,HOL,4,0.0004
5744,HOM,4,0.0004
5745,HON,4,0.0004
5746,HOO,4,0.0004
5747,HOP,4,0.0004
5748,HOQ,4,0.0004
5749,HOR,4,0.0004
5750,HOS,4,0.0004
5751,HOT,4,0.0004
5752,HOU,4,0.0004
5753,HOV,4,0.0004
5754,HOW,4,0.0004
5755,HOX,4,0.0004
5756,HOY,4,0.0004
5757,HOZ,4,0.0004
5758,HPA,4,0.0004
5759,HPB,4,0.0004
5760,HPC,4,0.0004
5761,HPD,4,0.0004
5762,HPE,4,0.0004
5763,HPF,4,0.0004
5764,HPG,4,0.0004
5765,HPH,4,0.0004
5766,HPI,4,0.0004
5767,HPJ,4,0.0004
5768,HPK,4,0.0004
5769,HPL,4,0.0004
5770,HPM,4,0.0004
5771,HPN,4,0.0004
5772,HPO,4,0.0004
5773,HPP,4,0.0004
5774,HPQ,4,0.0004
5775,HPR,4,0.0004
5776,HPS,4,0.0004
5777,HPT,4,0.0004
5778,HPU,4,0.0004
5779,HPV,4,0.0004
5780,HPW,4,0.0004
5781,HPX,4,0.0004
5782,HPY,4,0.0004
5783,HPZ,4,0.0004
5784,HQ,4,0.0004
5785,HQA,4,0.0004
5786,HQB,4,0.0004
5787,HQC,4,0.0004
5788,HQD,4,0.0004
5789,HQE,4,0.0004
5790,HQF,4,0.0004
5791,HQG,4,0.0004
5792,HQH,4,0.0004
5793,HQI,4,0.0004
5794,HQJ,4,0.0004
5795,HQK,4,0.0004
5796,HQL,4,0.0004
5797,HQM,4,0.0004
5798,HQN,4,0.0004
5799,HQO,4,0.0004
5800,HQP,4,0.0004
5801,HQQ,4,0.0004
5802,HQR,4,0.0004
5803,HQS,4,0.0004
5804,HQT,4,0.0004
5805,HQU,4,0.0004
5806,HQV,4,0.0004
5807,HQW,4,0.0004
5808,HQX,4,0.0004
5809,HQY,4,0.0004
5810,HQZ,4,0.0004
5811,HRA,4,0.0004
5812,HRB,4,0.0004
5813,HRC,4,0.0004
5814,HRD,4,0.0004
5815,HRE,4,0.0004
5816,HRF,4,0.0004
5817,HRG,4,0.0004
5818,HRH,4,0.0004
5819,HRI,4,0.0004
5820,HRJ,4,0.0004
5821,HRK,4,0.0004
5822,HRL,4,0.0004
5823,HRM,4,0.0004
5824,HRN,4,0.0004
5825,HRO,4,0.0004
5826,HRP,4,0.0004
5827,HRQ,4,0.0004
5828,HRR,4,0.0004
5829,HRS,4,0.0004
5830,HRT,4,0.0004
5831,HRU,4,0.0004
5832,HRV,4,0.0004
5833,HRW,4,0.0004
5834,HRX,4,0.0004
5835,HRY,4,0.0004
5836,HRZ,4,0.0004
5837,HS,4,0.0004
5838,HSA,4,0.0004
5839,HSB,4,0.0004
5840,HSC,4,0.0004
5841,HSD,4,0.0004
5842,HSE,4,0.0004
5843,HSF,4,0.0004
5844,HSG,4,0.0004
5845,HSH,4,0.0004
5846,HSI,4,0.0004
5847,HSJ,4,0.0004
5848,HSK,4,0.0004
5849,HSL,4,0.0004
5850,HSM,4,0.0004
5851,HSN,4,0.0004
5852,HSO,4,0.0004
5853,HSP,4,0.0004
5854,HSQ,4,0.0004
5855,HSR,4,0.0004
5856,HSS,4,0.0004
5857,HST,4,0.0004
5858,HSU,4,0.0004
5859,HSV,4,0.0004
5860,HSW,4,0.0004
5861,HSX,4,0.0004
5862,HSY,4,0.0004
5863,HSZ,4,0.0004
5864,HT,4,0.0004
5865,HTA,4,0.0004
5866,HTB,4,0.0004
5867,HTC,4,0.0004
5868,HTD,4,0.0004
5869,HTE,4,0.0004
5870,HTF,4,0.0004
5871,HTG,4,0.0004
5872,HTH,4,0.0004
5873,HTI,4,0.0004
5874,HTJ,4,0.0004
5875,HTK,4,0.0004
5876,HTL,4,0.0004
5877,HTM,4,0.0004
5878,HTN,4,0.0004
5879,HTO,4,0.0004
5880,HTP,4,0.0004
5881,HTQ,4,0.0004
5882,HTR,4,0.0004
5883,HTS,4,0.0004
5884,HTT,4,0.0004
5885,HTU,4,0.0004
5886,HTV,4,0.0004
5887,HTW,4,0.0004
5888,HTX,4,0.0004
5889,HTY,4,0.0004
5890,HTZ,4,0.0004
5891,HU,4,0.0004
5892,HUA,4,0.0004
5893,HUB,4,0.0004
5894,HUC,4,0.0004
5895,HUD,4,0.0004
5896,HUE,4,0.0004
5897,HUF,4,0.0004
5898,HUG,4,0.0004
5899,HUH,4,0.0004
5900,HUI,4,0.0004
5901,HUJ,4,0.0004
5902,HUK,4,0.0004
5903,HUL,4,0.0004
5904,HUM,4,0.0004
5905,HUN,4,0.0004
5906,HUO,4,0.0004
5907,HUP,4,0.0004
5908,HUQ,4,0.0004
5909,HUR,4,0.0004
5910,HUS,4,0.0004
5911,HUT,4,0.0004
5912,HUU,4,0.0004
5913,HUV,4,0.0004
5914,HUW,4,0.0004
5915,HUX,4,0.0004
5916,HUY,4,0.0004
5917,HUZ,4,0.0004
5918,HV,4,0.0004
5919,HVA,4,0.0004
5920,HVB,4,0.0004
5921,HVC,4,0.0004
5922,HVD,4,0.0004
5923,HVE,4,0.0004
5924,HVF,4,0.0004
5925,HVG,4,0.0004
5926,HVH,4,0.0004
5927,HVI,4,0.0004
5928,HVJ,4,0.0004
5929,HVK,4,0.0004
5930,HVL,4,0.0004
5931,HVM,4,0.0004
5932,HVN,4,0.0004
5933,HVO,4,0.0004
5934,HVP,4,0.0004
5935,HVQ,4,0.0004
5936,HVR,4,0.0004
5937,HVS,4,0.0004
5938,HVT,4,0.0004
5939,HVU,4,0.0004
5940,HVV,4,0.0004
5941,HVW,4,0.0004
5942,HVX,4,0.0004
5943,HVY,4,0.0004
5944,HVZ,4,0.0004
5945,HW,4,0.0004
5946,HWA,4,0.0004
5947,HWB,4,0.0004
5948,HWC,4,0.0004
5949,HWD,4,0.0004
5950,HWE,4,0.0004
5951,HWF,4,0.0004
5952,HWG,4,0.0004
5953,HWH,4,0.0004
5954,HWI,4,0.0004
5955,HWJ,4,0.0004
5956,HWK,4,0.0004
5957,HWL,4,0.0004
5958,HWM,4,0.0004
5959,HWN,4,0.0004
5960,HWO,4,0.0004
5961,HWP,4,0.0004
5962,HWQ,4,0.0004
5963,HWR,4,0.0004
5964,HWS,4,0.0004
5965,HWT,4,0.0004
5966,HWU,4,0.0004
5967,HWV,4,0.0004
5968,HWW,4,0.0004
5969,HWX,4,0.0004
5970,HWY,4,0.0004
5971,HWZ,4,0.0004
5972,HX,4,0.0004
5973,HXA,4,0.0004
5974,HXB,4,0.0004
5975,HXC,4,0.0004
5976,HXD,4,0.0004
5977,HXE,4,0.0004
5978,HXF,4,0.0004
5979,HXG,4,0.0004
5980,HXH,4,0.0004
5981,HXI,4,0.0004
5982,HXJ,4,0.0004
5983,HXK,4,0.0004
5984,HXL,4,0.0004
5985,HXM,4,0.0004
5986,HXN,4,0.0004
5987,HXO,4,0.0004
5988,HXP,4,0.0004
5989,HXQ,4,0.0004
5990,HXR,4,0.0004
5991,HXS,4,0.0004
5992,HXT,4,0.0004
5993,HXU,4,0.0004
5994,HXV,4,0.0004
5995,HXW,4,0.0004
5996,HXX,4,0.0004
5997,HXY,4,0.0004
5998,HXZ,4,0.0004
5999,HY,4,0.0004
6000,HYA,4,0.0004
6001,HYB,4,0.0004
6002,HYC,4,0.0004
6003,HYD,4,0.0004
6004,HYE,4,0.0004
6005,HYF,4,0.0004
6006,HYG,4,0.0004
6007,HYH,4,0.0004
6008,HYI,4,0.0004
6009,HYJ,4,0.0004
6010,HYK,4,0.0004
6011,HYL,4,0.0004
6012,HYM,4,0.0004
6013,HYN,4,0.0004
6014,HYO,4,0.0004
6015,HYP,4,0.0004
6016,HYQ,4,0.0004
6017,HYR,4,0.0004
6018,HYS,4,0.0004
6019,HYT,4,0.0004
6020,HYU,4,0.0004
6021,HYV,4,0.0004
6022,HYW,4,0.0004
6023,HYX,4,0.0004
6024,HYY,4,0.0004
6025,HYZ,4,0.0004
6026,HZ,4,0.0004
6027,HZA,4,0.0004
6028,HZB,4,0.0004
6029,HZC,4,0.0004
6030,HZD,4,0.0004
6031,HZE,4,0.0004
6032,HZF,4,0.0004
6033,HZG,4,0.0004
6034,HZH,4,0.0004
6035,HZI,4,0.0004
6036,HZJ,4,0.0004
6037,HZK,4,0.0004
6038,HZL,4,0.0004
6039,HZM,4,0.0004
6040,HZN,4,0.0004
6041,HZO,4,0.0004
6042,HZP,4,0.0004
6043,HZQ,4,0.0004
6044,HZR,4,0.0004
6045,HZS,4,0.0004
6046,HZT,4,0.0004
6047,HZU,4,0.0004
6048,HZV,4,0.0004
6049,HZW,4,0.0004
6050,HZX,4,0.0004
6051,HZY,4,0.0004
6052,HZZ,4,0.0004
6053,I,4,0.0004
6054,IA,4,0.0004
6055,IAA,4,0.0004
6056,IAB,4,0.0004
6057,IAC,4,0.0004
6058,IAD,4,0.0004
6059,IAE,4,0.0004
6060,IAF,4,0.0004
6061,IAG,4,0.0004
6062,IAH,4,0.0004
6063,IAI,4,0.0004
6064,IAJ,4,0.0004
6065,IAK,4,0.0004
6066,IAL,4,0.0004
6067,IAM,4,0.0004
6068,IAN,4,0.0004
6069,IAO,4,0.0004
6070,IAP,4,0.0004
6071,IAQ,4,0.0004
6072,IAR,4,0.0004
6073,IAS,4,0.0004
6074,IAT,4,0.0004
6075,IAU,4,0.0004
6076,IAV,4,0.0004
6077,IAW,4,0.0004
6078,IAX,4,0.0004
6079,IAY,4,0.0004
6080,IAZ,4,0.0004
6081,IB,4,0.0004
6082,IBA,4,0.0004
6083,IBB,4,0.0004
6084,IBC,4,0.0004
6085,IBD,4,0.0004
6086,IBE,4,0.0004
6087,IBF,4,0.0004
6088,IBG,4,0.0004
6089,IBH,4,0.0004
6090,IBI,4,0.0004
6091,IBJ,4,0.0004
6092,IBK,4,0.0004
6093,IBL,4,0.0004
6094,IBM,4,0.0004
6095,IBN,4,0.0004
6096,IBO,4,0.0004
6097,IBP,4,0.0004
6098,IBQ,4,0.0004
6099,IBR,4,0.0004
6100,IBS,4,0.0004
6101,IBT,4,0.0004
6102,IBU,4,0.0004
6103,IBV,4,0.0004
6104,IBW,4,0.0004
6105,IBX,4,0.0004
6106,IBY,4,0.0004
6107,IBZ,4,0.0004
6108,IC,4,0.0004
6109,ICA,4,0.0004
6110,ICB,4,0.0004
6111,ICC,4,0.0004
6112,ICD,4,0.0004
6113,ICE,4,0.0004
6114,ICF,4,0.0004
6115,ICG,4,0.0004
6116,ICH,4,0.0004
6117,ICI,4,0.0004
6118,ICJ,4,0.0004
6119,ICK,4,0.0004
6120,ICL,4,0.0004
6121,ICM,4,0.0004
6122,ICN,4,0.0004
6123,ICO,4,0.0004
6124,ICP,4,0.0004
6125,ICQ,4,0.0004
6126,ICR,4,0.0004
6127,ICS,4,0.0004
6128,ICT,4,0.0004
6129,ICU,4,0.0004
6130,ICV,4,0.0004
6131,ICW,4,0.0004
6132,ICX,4,0.0004
6133,ICY,4,0.0004
6134,ICZ,4,0.0004
6135,ID,4,0.0004
6136,IDA,4,0.0004
6137,IDB,4,0.0004
6138,IDC,4,0.0004
6139,IDD,4,0.0004
6140,IDE,4,0.0004
6141,IDF,4,0.0004
6142,IDG,4,0.0004
6143,IDH,4,0.0004
6144,IDI,4,0.0004
6145,IDJ,4,0.0004
6146,IDK,4,0.0004
6147,IDL,4,0.0004
6148,IDM,4,0.0004
6149,IDN,4,0.0004
6150,IDO,4,0.0004
6151,IDP,4,0.0004
6152,IDQ,4,0.0004
6153,IDR,4,0.0004
6154,IDS,4,0.0004
6155,IDT,4,0.0004
6156,IDU,4,0.0004
6157,IDV,4,0.0004
6158,IDW,4,0.0004
6159,IDX,4,0.0004
6160,IDY,4,0.0004
6161,IDZ,4,0.0004
6162,IE,4,0.0004
6163,IEA,4,0.0004
6164,IEB,4,0.0004
6165,IEC,4,0.0004
6166,IED,4,0.0004
6167,IEE,4,0.0004
6168,IEF,4,0.0004
6169,IEG,4,0.0004
6170,IEH,4,0.0004
6171,IEI,4,0.0004
6172,IEJ,4,0.0004
6173,IEK,4,0.0004
6174,IEL,4,0.0004
6175,IEM,4,0.0004
6176,IEN,4,0.0004
6177,IEO,4,0.0004
6178,IEP,4,0.0004
6179,IEQ,4,0.0004
6180,IER,4,0.0004
6181,IES,4,0.0004
6182,IET,4,0.0004
6183,IEU,4,0.0004
6184,IEV,4,0.0004
6185,IEW,4,0.0004
6186,IEX,4,0.0004
6187,IEY,4,0.0004
6188,IEZ,4,0.0004
6189,IF,4,0.0004
6190,IFA,4,0.0004
6191,IFB,4,0.0004
6192,IFC,4,0.0004
6193,IFD,4,0.0004
6194,IFE,4,0.0004
6195,IFF,4,0.0004
6196,IFG,4,0.0004
6197,IFH,4,0.0004
6198,IFI,4,0.0004
6199,IFJ,4,0.0004
6200,IFK,4,0.0004
6201,IFL,4,0.0004
6202,IFM,4,0.0004
6203,IFN,4,0.0004
6204,IFO,4,0.0004
6205,IFP,4,0.0004
6206,IFQ,4,0.0004
6207,IFR,4,0.0004
6208,IFS,4,0.0004
6209,IFT,4,0.0004
6210,IFU,4,0.0004
6211,IFV,4,0.0004
6212,IFW,4,0.0004
6213,IFX,4,0.0004
6214,IFY,4,0.0004
6215,IFZ,4,0.0004
6216,IG,4,0.0004
6217,IGA,4,0.0004
6218,IGB,4,0.0004
6219,IGC,4,0.0004
6220,IGD,4,0.0004
6221,IGE,4,0.0004
6222,IGF,4,0.0004
6223,IGG,4,0.0004
6224,IGH,4,0.0004
6225,IGI,4,0.0004
6226,IGJ,4,0.0004
6227,IGK,4,0.0004
6228,IGL,4,0.0004
6229,IGM,4,0.0004
6230,IGN,4,0.0004
6231,IGO,4,0.0004
6232,IGP,4,0.0004
6233,IGQ,4,0.0004
6234,IGR,4,0.0004
6235,IGS,4,0.0004
6236,IGT,4,0.0004
6237,IGU,4,0.0004
6238,IGV,4,0.0004
6239,IGW,4,0.0004
6240,IGX,4,0.0004
6241,IGY,4,0.0004
6242,IGZ,4,0.0004
6243,IH,4,0.0004
6244,IHA,4,0.0004
6245,IHB,4,0.0004
6246,IHC,4,0.0004
6247,IHD,4,0.0004
6248,IHE,4,0.0004
6249,IHF,4,0.0004
6250,IHG,4,0.0004
6251,IHH,4,0.0004
6252,IHI,4,0.0004
6253,IHJ,4,0.0004
6254,IHK,4,0.0004
6255,IHL,4,0.0004
6256,IHM,4,0.0004
6257,IHN,4,0.0004
6258,IHO,4,0.0004
6259,IHP,4,0.0004
6260,IHQ,4,0.0004
6261,IHR,4,0.0004
6262,IHS,4,0.0004
6263,IHT,4,0.0004
6264,IHU,4,0.0004
6265,IHV,4,0.0004
6266,IHW,4,0.0004
6267,IHX,4,0.0004
6268,IHY,4,0.0004
6269,IHZ,4,0.0004
6270,II,4,0.0004
6271,IIA,4,0.0004
6272,IIB,4,0.0004
6273,IIC,4,0.0004
6274,IID,4,0.0004
6275,IIE,4,0.0004
6276,IIF,4,0.0004
6277,IIG,4,0.0004
6278,IIH,4,0.0004
6279,III,4,0.0004
6280,IIJ,4,0.0004
6281,IIK,4,0.0004
6282,IIL,4,0.0004
6283,IIM,4,0.0004
6284,IIN,4,0.0004
6285,IIO,4,0.0004
6286,IIP,4,0.0004
6287,IIQ,4,0.0004
6288,IIR,4,0.0004
6289,IIS,4,0.0004
6290,IIT,4,0.0004
6291,IIU,4,0.0004
6292,IIV,4,0.0004
6293,IIW,4,0.0004
6294,IIX,4,0.0004
6295,IIY,4,0.0004
6296,IIZ,4,0.0004
6297,IJ,4,0.0004
6298,IJA,4,0.0004
6299,IJB,4,0.0004
6300,IJC,4,0.0004
6301,IJD,4,0.0004
6302,IJE,4,0.0004
6303,IJF,4,0.0004
6304,IJG,4,0.0004
6305,IJH,4,0.0004
6306,IJI,4,0.0004
6307,IJJ,4,0.0004
6308,IJK,4,0.0004
6309,IJL,4,0.0004
6310,IJM,4,0.0004
6311,IJN,4,0.0004
6312,IJO,4,0.0004
6313,IJP,4,0.0004
6314,IJQ,4,0.0004
6315,IJR,4,0.0004
6316,IJS,4,0.0004
6317,IJT,4,0.0004
6318,IJU,4,0.0004
6319,IJV,4,0.0004
6320,IJW,4,0.0004
6321,IJX,4,0.0004
6322,IJY,4,0.0004
6323,IJZ,4,0.0004
6324,IK,4,0.0004
6325,IKA,4,0.0004
6326,IKB,4,0.0004
6327,IKC,4,0.0004
6328,IKD,4,0.0004
6329,IKE,4,0.0004
6330,IKF,4,0.0004
6331,IKG,4,0.0004
6332,IKH,4,0.0004
6333,IKI,4,0.0004
6334,IKJ,4,0.0004
6335,IKK,4,0.0004
6336,IKL,4,0.0004
6337,IKM,4,0.0004
6338,IKN,4,0.0004
6339,IKO,4,0.0004
6340,IKP,4,0.0004
6341,IKQ,4,0.0004
6342,IKR,4,0.0004
6343,IKS,4,0.0004
6344,IKT,4,0.0004
6345,IKU,4,0.0004
6346,IKV,4,0.0004
6347,IKW,4,0.0004
6348,IKX,4,0.0004
6349,IKY,4,0.0004
6350,IKZ,4,0.0004
6351,IL,4,0.0004
6352,ILA,4,0.0004
6353,ILB,4,0.0004
6354,ILC,4,0.0004
6355,ILD,4,0.0004
6356,ILE,4,0.0004
6357,ILF,4,0.0004
6358,ILG,4,0.0004
6359,ILH,4,0.0004
6360,ILI,4,0.0004
6361,ILJ,4,0.0004
6362,ILK,4,0.0004
6363,ILL,4,0.0004
6364,ILM,4,0.0004
6365,ILN,4,0.0004
6366,ILO,4,0.0004
6367,ILP,4,0.0004
6368,ILQ,4,0.0004
6369,ILR,4,0.0004
6370,ILS,4,0.0004
6371,ILT,4,0.0004
6372,ILU,4,0.0004
6373,ILV,4,0.0004
6374,ILW,4,0.0004
6375,ILX,4,0.0004
6376,ILY,4,0.0004
6377,ILZ,4,0.0004
6378,IM,4,0.0004
6379,IMA,4,0.0004
6380,IMB,4,0.0004
6381,IMC,4,0.0004
6382,IMD,4,0.0004
6383,IME,4,0.0004
6384,IMF,4,0.0004
6385,IMG,4,0.0004
6386,IMH,4,0.0004
6387,IMI,4,0.0004
6388,IMJ,4,0.0004
6389,IMK,4,0.0004
6390,IML,4,0.0004
6391,IMM,4,0.0004
6392,IMN,4,0.0004
6393,IMO,4,0.0004
6394,IMP,4,0.0004
6395,IMQ,4,0.0004
6396,IMR,4,0.0004
6397,IMS,4,0.0004
6398,IMT,4,0.0004
6399,IMU,4,0.0004
6400,IMV,4,0.0004
6401,IMW,4,0.0004
6402,IMX,4,0.0004
6403,IMY,4,0.0004
6404,IMZ,4,0.0004
6405,IN,4,0.0004
6406,INA,4,0.0004
6407,INB,4,0.0004
6408,INC,4,0.0004
6409,IND,4,0.0004
6410,INE,4,0.0004
6411,INF,4,0.0004
6412,ING,4,0.0004
6413,INH,4,0.0004
6414,INI,4,0.0004
6415,INJ,4,0.0004
6416,INK,4,0.0004
6417,INL,4,0.0004
6418,INM,4,0.0004
6419,INN,4,0.0004
6420,INO,4,0.0004
6421,INP,4,0.0004
6422,INQ,4,0.0004
6423,INR,4,0.0004
6424,INS,4,0.0004
6425,INT,4,0.0004
6426,INU,4,0.0004
6427,INV,4,0.0004
6428,INW,4,0.0004
6429,INX,4,0.0004
6430,INY,4,0.0004
6431,INZ,4,0.0004
6432,IO,4,0.0004
6433,IOA,4,0.0004
6434,IOB,4,0.0004
6435,IOC,4,0.0004
6436,IOD,4,0.0004
6437,IOE,4,0.0004
6438,IOF,4,0.0004
6439,IOG,4,0.0004
6440,IOH,4,0.0004
6441,IOI,4,0.0004
6442,IOJ,4,0.0004
6443,IOK,4,0.0004
6444,IOL,4,0.0004
6445,IOM,4,0.0004
6446,ION,4,0.0004
6447,IOO,4,0.0004
6448,IOP,4,0.0004
6449,IOQ,4,0.0004
6450,IOR,4,0.0004
6451,IOS,4,0.0004
6452,IOT,4,0.0004
6453,IOU,4,0.0004
6454,IOV,4,0.0004
6455,IOW,4,0.0004
6456,IOX,4,0.0004
6457,IOY,4,0.0004
6458,IOZ,4,0.0004
6459,IP,4,0.0004
6460,IPA,4,0.0004
6461,IPB,4,0.0004
6462,IPC,4,0.0004
6463,IPD,4,0.0004
6464,IPE,4,0.0004
6465,IPF,4,0.0004
6466,IPG,4,0.0004
6467,IPH,4,0.0004
6468,IPI,4,0.0004
6469,IPJ,4,0.0004
6470,IPK,4,0.0004
6471,IPL,4,0.0004
6472,IPM,4,0.0004
6473,IPN,4,0.0004
6474,IPO,4,0.0004
6475,IPP,4,0.0004
6476,IPQ,4,0.0004
6477,IPR,4,0.0004
6478,IPS,4,0.0004
6479,IPT,4,0.0004
6480,IPU,4,0.0004
6481,IPV,4,0.0004
6482,IPW,4,0.0004
6483,IPX,4,0.0004
6484,IPY,4,0.0004
6485,IPZ,4,0.0004
6486,IQ,4,0.0004
6487,IQA,4,0.0004
6488,IQB,4,0.0004
6489,IQC,4,0.0004
6490,IQD,4,0.0004
6491,IQE,4,0.0004
6492,IQF,4,0.0004
6493,IQG,4,0.0004
6494,IQH,4,0.0004
6495,IQI,4,0.0004
6496,IQJ,4,0.0004
6497,IQK,4,0.0004
6498,IQL,4,0.0004
6499,IQM,4,0.0004
6500,IQN,4,0.0004
6501,IQO,4,0.0004
6502,IQP,4,0.0004
6503,IQQ,4,0.0004
6504,IQR,4,0.0004
6505,IQS,4,0.0004
6506,IQT,4,0.0004
6507,IQU,4,0.0004
6508,IQV,4,0.0004
6509,IQW,4,0.0004
6510,IQX,4,0.0004
6511,IQY,4,0.0004
6512,IQZ,4,0.0004
6513,IR,4,0.0004
6514,IRA,4,0.0004
6515,IRB,4,0.0004
6516,IRC,4,0.0004
6517,IRD,4,0.0004
6518,IRE,4,0.0004
6519,IRF,4,0.0004
6520,IRG,4,0.0004
6521,IRH,4,0.0004
6522,IRI,4,0.0004
6523,IRJ,4,0.0004
6524,IRK,4,0.0004
6525,IRL,4,0.0004
6526,IRM,4,0.0004
6527,IRN,4,0.0004
6528,IRO,4,0.0004
6529,IRP,4,0.0004
6530,IRQ,4,0.0004
6531,IRR,4,0.0004
6532,IRS,4,0.0004
6533,IRT,4,0.0004
6534,IRU,4,0.0004
6535,IRV,4,0.0004
6536,IRW,4,0.0004
6537,IRX,4,0.0004
6538,IRY,4,0.0004
6539,IRZ,4,0.0004
6540,IS,4,0.0004
6541,ISA,4,0.0004
6542,ISB,4,0.0004
6543,ISC,4,0.0004
6544,ISD,4,0.0004
6545,ISE,4,0.0004
6546,ISF,4,0.0004
6547,ISG,4,0.0004
6548,ISH,4,0.0004
6549,ISI,4,0.0004
6550,ISJ,4,0.0004
6551,ISK,4,0.0004
6552,ISL,4,0.0004
6553,ISM,4,0.0004
6554,ISN,4,0.0004
6555,ISO,4,0.0004
6556,ISP,4,0.0004
6557,ISQ,4,0.0004
6558,ISR,4,0.0004
6559,ISS,4,0.0004
6560,IST,4,0.0004
6561,ISU,4,0.0004
6562,ISV,4,0.0004
6563,ISW,4,0.0004
6564,ISX,4,0.0004
6565,ISY,4,0.0004
6566,ISZ,4,0.0004
6567,ITA,4,0.0004
6568,ITB,4,0.0004
6569,ITC,4,0.0004
6570,ITD,4,0.0004
6571,ITE,4,0.0004
6572,ITF,4,0.0004
6573,ITG,4,0.0004
6574,ITH,4,0.0004
6575,ITI,4,0.0004
6576,ITJ,4,0.0004
6577,ITK,4,0.0004
6578,ITL,4,0.0004
6579,ITM,4,0.0004
6580,ITN,4,0.0004
6581,ITO,4,0.0004
6582,ITP,4,0.0004
6583,ITQ,4,0.0004
6584,ITR,4,0.0004
6585,ITS,4,0.0004
6586,ITT,4,0.0004
6587,ITU,4,0.0004
6588,ITV,4,0.0004
6589,ITW,4,0.0004
6590,ITX,4,0.0004
6591,ITY,4,0.0004
6592,ITZ,4,0.0004
6593,IU,4,0.0004
6594,IUA,4,0.0004
6595,IUB,4,0.0004
6596,IUC,4,0.0004
6597,IUD,4,0.0004
6598,IUE,4,0.0004
6599,IUF,4,0.0004
6600,IUG,4,0.0004
6601,IUH,4,0.0004
6602,IUI,4,0.0004
6603,IUJ,4,0.0004
6604,IUK,4,0.0004
6605,IUL,4,0.0004
6606,IUM,4,0.0004
6607,IUN,4,0.0004
6608,IUO,4,0.0004
6609,IUP,4,0.0004
6610,IUQ,4,0.0004
6611,IUR,4,0.0004
6612,IUS,4,0.0004
6613,IUT,4,0.0004
6614,IUU,4,0.0004
6615,IUV,4,0.0004
6616,IUW,4,0.0004
6617,IUX,4,0.0004
6618,IUY,4,0.0004
6619,IUZ,4,0.0004
6620,IV,4,0.0004
6621,IVA,4,0.0004
6622,IVB,4,0.0004
6623,IVC,4,0.0004
6624,IVD,4,0.0004
6625,IVE,4,0.0004
6626,IVF,4,0.0004
6627,IVG,4,0.0004
6628,IVH,4,0.0004
6629,IVI,4,0.0004
6630,IVJ,4,0.0004
6631,IVK,4,0.0004
6632,IVL,4,0.0004
6633,IVM,4,0.0004
6634,IVN,4,0.0004
6635,IVO,4,0.0004
6636,IVP,4,0.0004
6637,IVQ,4,0.0004
6638,IVR,4,0.0004
6639,IVS,4,0.0004
6640,IVT,4,0.0004
6641,IVU,4,0.0004
6642,IVV,4,0.0004
6643,IVW,4,0.0004
6644,IVX,4,0.0004
6645,IVZ,4,0.0004
6646,IW,4,0.0004
6647,IWA,4,0.0004
6648,IWB,4,0.0004
6649,IWC,4,0.0004
6650,IWD,4,0.0004
6651,IWE,4,0.0004
6652,IWF,4,0.0004
6653,IWG,4,0.0004
6654,IWH,4,0.0004
6655,IWI,4,0.0004
6656,IWJ,4,0.0004
6657,IWK,4,0.0004
6658,IWL,4,0.0004
6659,IWM,4,0.0004
6660,IWN,4,0.0004
6661,IWO,4,0.0004
6662,IWP,4,0.0004
6663,IWQ,4,0.0004
6664,IWR,4,0.0004
6665,IWS,4,0.0004
6666,IWT,4,0.0004
6667,IWU,4,0.0004
6668,IWV,4,0.0004
6669,IWW,4,0.0004
6670,IWX,4,0.0004
6671,IWY,4,0.0004
6672,IWZ,4,0.0004
6673,IX,4,0.0004
6674,IXA,4,0.0004
6675,IXB,4,0.0004
6676,IXC,4,0.0004
6677,IXD,4,0.0004
6678,IXE,4,0.0004
6679,IXF,4,0.0004
6680,IXG,4,0.0004
6681,IXH,4,0.0004
6682,IXI,4,0.0004
6683,IXJ,4,0.0004
6684,IXK,4,0.0004
6685,IXL,4,0.0004
6686,IXM,4,0.0004
6687,IXN,4,0.0004
6688,IXO,4,0.0004
6689,IXP,4,0.0004
6690,IXQ,4,0.0004
6691,IXR,4,0.0004
6692,IXS,4,0.0004
6693,IXT,4,0.0004
6694,IXU,4,0.0004
6695,IXV,4,0.0004
6696,IXW,4,0.0004
6697,IXX,4,0.0004
6698,IXY,4,0.0004
6699,IXZ,4,0.0004
6700,IY,4,0.0004
6701,IYA,4,0.0004
6702,IYB,4,0.0004
6703,IYC,4,0.0004
6704,IYD,4,0.0004
6705,IYE,4,0.0004
6706,IYF,4,0.0004
6707,IYG,4,0.0004
6708,IYH,4,0.0004
6709,IYI,4,0.0004
6710,IYJ,4,0.0004
6711,IYK,4,0.0004
6712,IYL,4,0.0004
6713,IYM,4,0.0004
6714,IYN,4,0.0004
6715,IYO,4,0.0004
6716,IYP,4,0.0004
6717,IYQ,4,0.0004
6718,IYR,4,0.0004
6719,IYS,4,0.0004
6720,IYT,4,0.0004
6721,IYU,4,0.0004
6722,IYV,4,0.0004
6723,IYW,4,0.0004
6724,IYX,4,0.0004
6725,IYY,4,0.0004
6726,IYZ,4,0.0004
6727,IZ,4,0.0004
6728,IZA,4,0.0004
6729,IZB,4,0.0004
6730,IZC,4,0.0004
6731,IZD,4,0.0004
6732,IZE,4,0.0004
6733,IZF,4,0.0004
6734,IZG,4,0.0004
6735,IZH,4,0.0004
6736,IZI,4,0.0004
6737,IZJ,4,0.0004
6738,IZK,4,0.0004
6739,IZL,4,0.0004
6740,IZM,4,0.0004
6741,IZN,4,0.0004
6742,IZO,4,0.0004
6743,IZP,4,0.0004
6744,IZQ,4,0.0004
6745,IZR,4,0.0004
6746,IZS,4,0.0004
6747,IZT,4,0.0004
6748,IZU,4,0.0004
6749,IZV,4,0.0004
6750,IZW,4,0.0004
6751,IZX,4,0.0004
6752,IZY,4,0.0004
6753,IZZ,4,0.0004
6754,J,4,0.0004
6755,JA,4,0.0004
6756,JAA,4,0.0004
6757,JAB,4,0.0004
6758,JAC,4,0.0004
6759,JAD,4,0.0004
6760,JAE,4,0.0004
6761,JAF,4,0.0004
6762,JAG,4,0.0004
6763,JAH,4,0.0004
6764,JAI,4,0.0004
6765,JAJ,4,0.0004
6766,JAK,4,0.0004
6767,JAL,4,0.0004
6768,JAM,4,0.0004
6769,JAN,4,0.0004
6770,JAO,4,0.0004
6771,JAP,4,0.0004
6772,JAQ,4,0.0004
6773,JAR,4,0.0004
6774,JAS,4,0.0004
6775,JAT,4,0.0004
6776,JAU,4,0.0004
6777,JAV,4,0.0004
6778,JAW,4,0.0004
6779,JAX,4,0.0004
6780,JAY,4,0.0004
6781,JAZ,4,0.0004
6782,JB,4,0.0004
6783,JBA,4,0.0004
6784,JBB,4,0.0004
6785,JBC,4,0.0004
6786,JBD,4,0.0004
6787,JBE,4,0.0004
6788,JBF,4,0.0004
6789,JBG,4,0.0004
6790,JBH,4,0.0004
6791,JBI,4,0.0004
6792,JBJ,4,0.0004
6793,JBK,4,0.0004
6794,JBL,4,0.0004
6795,JBM,4,0.0004
6796,JBN,4,0.0004
6797,JBO,4,0.0004
6798,JBP,4,0.0004
6799,JBQ,4,0.0004
6800,JBR,4,0.0004
6801,JBS,4,0.0004
6802,JBT,4,0.0004
6803,JBU,4,0.0004
6804,JBV,4,0.0004
6805,JBW,4,0.0004
6806,JBX,4,0.0004
6807,JBY,4,0.0004
6808,JBZ,4,0.0004
6809,JC,4,0.0004
6810,JCA,4,0.0004
6811,JCB,4,0.0004
6812,JCC,4,0.0004
6813,JCD,4,0.0004
6814,JCE,4,0.0004
6815,JCF,4,0.0004
6816,JCG,4,0.0004
6817,JCH,4,0.0004
6818,JCI,4,0.0004
6819,JCJ,4,0.0004
6820,JCK,4,0.0004
6821,JCL,4,0.0004
6822,JCM,4,0.0004
6823,JCN,4,0.0004
6824,JCO,4,0.0004
6825,JCP,4,0.0004
6826,JCQ,4,0.0004
6827,JCR,4,0.0004
6828,JCS,4,0.0004
6829,JCT,4,0.0004
6830,JCU,4,0.0004
6831,JCV,4,0.0004
6832,JCW,4,0.0004
6833,JCX,4,0.0004
6834,JCY,4,0.0004
6835,JCZ,4,0.0004
6836,JD,4,0.0004
6837,JDA,4,0.0004
6838,JDB,4,0.0004
6839,JDC,4,0.0004
6840,JDD,4,0.0004
6841,JDE,4,0.0004
6842,JDF,4,0.0004
6843,JDG,4,0.0004
6844,JDH,4,0.0004
6845,JDI,4,0.0004
6846,JDJ,4,0.0004
6847,JDK,4,0.0004
6848,JDL,4,0.0004
6849,JDM,4,0.0004
6850,JDN,4,0.0004
6851,JDO,4,0.0004
6852,JDP,4,0.0004
6853,JDQ,4,0.0004
6854,JDR,4,0.0004
6855,JDS,4,0.0004
6856,JDT,4,0.0004
6857,JDU,4,0.0004
6858,JDV,4,0.0004
6859,JDW,4,0.0004
6860,JDX,4,0.0004
6861,JDY,4,0.0004
6862,JDZ,4,0.0004
6863,JE,4,0.0004
6864,JEA,4,0.0004
6865,JEB,4,0.0004
6866,JEC,4,0.0004
6867,JED,4,0.0004
6868,JEE,4,0.0004
6869,JEF,4,0.0004
6870,JEG,4,0.0004
6871,JEH,4,0.0004
6872,JEI,4,0.0004
6873,JEJ,4,0.0004
6874,JEK,4,0.0004
6875,JEL,4,0.0004
6876,JEM,4,0.0004
6877,JEN,4,0.0004
6878,JEO,4,0.0004
6879,JEP,4,0.0004
6880,JEQ,4,0.0004
6881,JER,4,0.0004
6882,JES,4,0.0004
6883,JET,4,0.0004
6884,JEU,4,0.0004
6885,JEV,4,0.0004
6886,JEW,4,0.0004
6887,JEX,4,0.0004
6888,JEY,4,0.0004
6889,JEZ,4,0.0004
6890,JF,4,0.0004
6891,JFA,4,0.0004
6892,JFB,4,0.0004
6893,JFC,4,0.0004
6894,JFD,4,0.0004
6895,JFE,4,0.0004
6896,JFF,4,0.0004
6897,JFG,4,0.0004
6898,JFH,4,0.0004
6899,JFI,4,0.0004
6900,JFJ,4,0.0004
6901,JFK,4,0.0004
6902,JFL,4,0.0004
6903,JFM,4,0.0004
6904,JFN,4,0.0004
6905,JFO,4,0.0004
6906,JFP,4,0.0004
6907,JFQ,4,0.0004
6908,JFR,4,0.0004
6909,JFS,4,0.0004
6910,JFT,4,0.0004
6911,JFU,4,0.0004
6912,JFV,4,0.0004
6913,JFW,4,0.0004
6914,JFX,4,0.0004
6915,JFY,4,0.0004
6916,JFZ,4,0.0004
6917,JG,4,0.0004
6918,JGA,4,0.0004
6919,JGB,4,0.0004
6920,JGC,4,0.0004
6921,JGD,4,0.0004
6922,JGE,4,0.0004
6923,JGF,4,0.0004
6924,JGG,4,0.0004
6925,JGH,4,0.0004
6926,JGI,4,0.0004
6927,JGJ,4,0.0004
6928,JGK,4,0.0004
6929,JGL,4,0.0004
6930,JGM,4,0.0004
6931,JGN,4,0.0004
6932,JGO,4,0.0004
6933,JGP,4,0.0004
6934,JGQ,4,0.0004
6935,JGR,4,0.0004
6936,JGS,4,0.0004
6937,JGT,4,0.0004
6938,JGU,4,0.0004
6939,JGV,4,0.0004
6940,JGW,4,0.0004
6941,JGX,4,0.0004
6942,JGY,4,0.0004
6943,JGZ,4,0.0004
6944,JH,4,0.0004
6945,JHA,4,0.0004
6946,JHB,4,0.0004
6947,JHC,4,0.0004
6948,JHD,4,0.0004
6949,JHE,4,0.0004
6950,JHF,4,0.0004
6951,JHG,4,0.0004
6952,JHH,4,0.0004
6953,JHI,4,0.0004
6954,JHJ,4,0.0004
6955,JHK,4,0.0004
6956,JHL,4,0.0004
6957,JHM,4,0.0004
6958,JHN,4,0.0004
6959,JHO,4,0.0004
6960,JHP,4,0.0004
6961,JHQ,4,0.0004
6962,JHR,4,0.0004
6963,JHS,4,0.0004
6964,JHT,4,0.0004
6965,JHU,4,0.0004
6966,JHV,4,0.0004
6967,JHW,4,0.0004
6968,JHX,4,0.0004
6969,JHY,4,0.0004
6970,JHZ,4,0.0004
6971,JI,4,0.0004
6972,JIA,4,0.0004
6973,JIB,4,0.0004
6974,JIC,4,0.0004
6975,JID,4,0.0004
6976,JIE,4,0.0004
6977,JIF,4,0.0004
6978,JIG,4,0.0004
6979,JIH,4,0.0004
6980,JII,4,0.0004
6981,JIJ,4,0.0004
6982,JIK,4,0.0004
6983,JIL,4,0.0004
6984,JIM,4,0.0004
6985,JIN,4,0.0004
6986,JIO,4,0.0004
6987,JIP,4,0.0004
6988,JIQ,4,0.0004
6989,JIR,4,0.0004
6990,JIS,4,0.0004
6991,JIT,4,0.0004
6992,JIU,4,0.0004
6993,JIV,4,0.0004
6994,JIW,4,0.0004
6995,JIX,4,0.0004
6996,JIY,4,0.0004
6997,JIZ,4,0.0004
6998,JJ,4,0.0004
6999,JJA,4,0.0004
7000,JJB,4,0.0004
7001,JJC,4,0.0004
7002,JJD,4,0.0004
7003,JJE,4,0.0004
7004,JJF,4,0.0004
7005,JJG,4,0.0004
7006,JJH,4,0.0004
7007,JJI,4,0.0004
7008,JJJ,4,0.0004
7009,JJK,4,0.0004
7010,JJL,4,0.0004
7011,JJM,4,0.0004
7012,JJN,4,0.0004
7013,JJO,4,0.0004
7014,JJP,4,0.0004
7015,JJQ,4,0.0004
7016,JJR,4,0.0004
7017,JJS,4,0.0004
7018,JJT,4,0.0004
7019,JJU,4,0.0004
7020,JJV,4,0.0004
7021,JJW,4,0.0004
7022,JJX,4,0.0004
7023,JJY,4,0.0004
7024,JJZ,4,0.0004
7025,JK,4,0.0004
7026,JKA,4,0.0004
7027,JKB,4,0.0004
7028,JKC,4,0.0004
7029,JKD,4,0.0004
7030,JKE,4,0.0004
7031,JKF,4,0.0004
7032,JKG,4,0.0004
7033,JKH,4,0.0004
7034,JKI,4,0.0004
7035,JKJ,4,0.0004
7036,JKK,4,0.0004
7037,JKL,4,0.0004
7038,JKM,4,0.0004
7039,JKN,4,0.0004
7040,JKO,4,0.0004
7041,JKP,4,0.0004
7042,JKQ,4,0.0004
7043,JKR,4,0.0004
7044,JKS,4,0.0004
7045,JKT,4,0.0004
7046,JKU,4,0.0004
7047,JKV,4,0.0004
7048,JKW,4,0.0004
7049,JKX,4,0.0004
7050,JKY,4,0.0004
7051,JKZ,4,0.0004
7052,JL,4,0.0004
7053,JLA,4,0.0004
7054,JLB,4,0.0004
7055,JLC,4,0.0004
7056,JLD,4,0.0004
7057,JLE,4,0.0004
7058,JLF,4,0.0004
7059,JLG,4,0.0004
7060,JLH,4,0.0004
7061,JLI,4,0.0004
7062,JLJ,4,0.0004
7063,JLK,4,0.0004
7064,JLL,4,0.0004
7065,JLM,4,0.0004
7066,JLN,4,0.0004
7067,JLO,4,0.0004
7068,JLP,4,0.0004
7069,JLQ,4,0.0004
7070,JLR,4,0.0004
7071,JLS,4,0.0004
7072,JLT,4,0.0004
7073,JLU,4,0.0004
7074,JLV,4,0.0004
7075,JLW,4,0.0004
7076,JLX,4,0.0004
7077,JLY,4,0.0004
7078,JLZ,4,0.0004
7079,JM,4,0.0004
7080,JMA,4,0.0004
7081,JMB,4,0.0004
7082,JMC,4,0.0004
7083,JMD,4,0.0004
7084,JME,4,0.0004
7085,JMF,4,0.0004
7086,JMG,4,0.0004
7087,JMH,4,0.0004
7088,JMI,4,0.0004
7089,JMJ,4,0.0004
7090,JMK,4,0.0004
7091,JML,4,0.0004
7092,JMM,4,0.0004
7093,JMN,4,0.0004
7094,JMO,4,0.0004
7095,JMP,4,0.0004
7096,JMQ,4,0.0004
7097,JMR,4,0.0004
7098,JMS,4,0.0004
7099,JMT,4,0.0004
7100,JMU,4,0.0004
7101,JMV,4,0.0004
7102,JMW,4,0.0004
7103,JMX,4,0.0004
7104,JMY,4,0.0004
7105,JMZ,4,0.0004
7106,JN,4,0.0004
7107,JNA,4,0.0004
7108,JNB,4,0.0004
7109,JNC,4,0.0004
7110,JND,4,0.0004
7111,JNE,4,0.0004
7112,JNF,4,0.0004
7113,JNG,4,0.0004
7114,JNH,4,0.0004
7115,JNI,4,0.0004
7116,JNJ,4,0.0004
7117,JNK,4,0.0004
7118,JNL,4,0.0004
7119,JNM,4,0.0004
7120,JNN,4,0.0004
7121,JNO,4,0.0004
7122,JNP,4,0.0004
7123,JNQ,4,0.0004
7124,JNR,4,0.0004
7125,JNS,4,0.0004
7126,JNT,4,0.0004
7127,JNU,4,0.0004
7128,JNV,4,0.0004
7129,JNW,4,0.0004
7130,JNX,4,0.0004
7131,JNY,4,0.0004
7132,JNZ,4,0.0004
7133,JO,4,0.0004
7134,JOA,4,0.0004
7135,JOB,4,0.0004
7136,JOC,4,0.0004
7137,JOD,4,0.0004
7138,JOE,4,0.0004
7139,JOF,4,0.0004
7140,JOG,4,0.0004
7141,JOH,4,0.0004
7142,JOI,4,0.0004
7143,JOJ,4,0.0004
7144,JOK,4,0.0004
7145,JOL,4,0.0004
7146,JOM,4,0.0004
7147,JON,4,0.0004
7148,JOO,4,0.0004
7149,JOP,4,0.0004
7150,JOQ,4,0.0004
7151,JOR,4,0.0004
7152,JOS,4,0.0004
7153,JOT,4,0.0004
7154,JOU,4,0.0004
7155,JOV,4,0.0004
7156,JOW,4,0.0004
7157,JOX,4,0.0004
7158,JOY,4,0.0004
7159,JOZ,4,0.0004
7160,JP,4,0.0004
7161,JPA,4,0.0004
7162,JPB,4,0.0004
7163,JPC,4,0.0004
7164,JPD,4,0.0004
7165,JPE,4,0.0004
7166,JPF,4,0.0004
7167,JPG,4,0.0004
7168,JPH,4,0.0004
7169,JPI,4,0.0004
7170,JPJ,4,0.0004
7171,JPK,4,0.0004
7172,JPL,4,0.0004
7173,JPM,4,0.0004
7174,JPN,4,0.0004
7175,JPO,4,0.0004
7176,JPP,4,0.0004
7177,JPQ,4,0.0004
7178,JPR,4,0.0004
7179,JPS,4,0.0004
7180,JPT,4,0.0004
7181,JPU,4,0.0004
7182,JPV,4,0.0004
7183,JPW,4,0.0004
7184,JPX,4,0.0004
7185,JPY,4,0.0004
7186,JPZ,4,0.0004
7187,JQ,4,0.0004
7188,JQA,4,0.0004
7189,JQB,4,0.0004
7190,JQC,4,0.0004
7191,JQD,4,0.0004
7192,JQE,4,0.0004
7193,JQF,4,0.0004
7194,JQG,4,0.0004
7195,JQH,4,0.0004
7196,JQI,4,0.0004
7197,JQJ,4,0.0004
7198,JQK,4,0.0004
7199,JQL,4,0.0004
7200,JQM,4,0.0004
7201,JQN,4,0.0004
7202,JQO,4,0.0004
7203,JQP,4,0.0004
7204,JQQ,4,0.0004
7205,JQR,4,0.0004
7206,JQS,4,0.0004
7207,JQT,4,0.0004
7208,JQU,4,0.0004
7209,JQV,4,0.0004
7210,JQW,4,0.0004
7211,JQX,4,0.0004
7212,JQY,4,0.0004
7213,JQZ,4,0.0004
7214,JR,4,0.0004
7215,JRA,4,0.0004
7216,JRB,4,0.0004
7217,JRC,4,0.0004
7218,JRD,4,0.0004
7219,JRE,4,0.0004
7220,JRF,4,0.0004
7221,JRG,4,0.0004
7222,JRH,4,0.0004
7223,JRI,4,0.0004
7224,JRJ,4,0.0004
7225,JRK,4,0.0004
7226,JRL,4,0.0004
7227,JRM,4,0.0004
7228,JRN,4,0.0004
7229,JRO,4,0.0004
7230,JRP,4,0.0004
7231,JRQ,4,0.0004
7232,JRR,4,0.0004
7233,JRS,4,0.0004
7234,JRT,4,0.0004
7235,JRU,4,0.0004
7236,JRV,4,0.0004
7237,JRW,4,0.0004
7238,JRX,4,0.0004
7239,JRY,4,0.0004
7240,JRZ,4,0.0004
7241,JS,4,0.0004
7242,JSA,4,0.0004
7243,JSB,4,0.0004
7244,JSC,4,0.0004
7245,JSD,4,0.0004
7246,JSE,4,0.0004
7247,JSF,4,0.0004
7248,JSG,4,0.0004
7249,JSH,4,0.0004
7250,JSI,4,0.0004
7251,JSJ,4,0.0004
7252,JSK,4,0.0004
7253,JSL,4,0.0004
7254,JSM,4,0.0004
7255,JSN,4,0.0004
7256,JSO,4,0.0004
7257,JSP,4,0.0004
7258,JSQ,4,0.0004
7259,JSR,4,0.0004
7260,JSS,4,0.0004
7261,JST,4,0.0004
7262,JSU,4,0.0004
7263,JSV,4,0.0004
7264,JSW,4,0.0004
7265,JSX,4,0.0004
7266,JSY,4,0.0004
7267,JSZ,4,0.0004
7268,JT,4,0.0004
7269,JTA,4,0.0004
7270,JTB,4,0.0004
7271,JTC,4,0.0004
7272,JTD,4,0.0004
7273,JTE,4,0.0004
7274,JTF,4,0.0004
7275,JTG,4,0.0004
7276,JTH,4,0.0004
7277,JTI,4,0.0004
7278,JTJ,4,0.0004
7279,JTK,4,0.0004
7280,JTL,4,0.0004
7281,JTM,4,0.0004
7282,JTN,4,0.0004
7283,JTO,4,0.0004
7284,JTP,4,0.0004
7285,JTQ,4,0.0004
7286,JTR,4,0.0004
7287,JTS,4,0.0004
7288,JTT,4,0.0004
7289,JTU,4,0.0004
7290,JTV,4,0.0004
7291,JTW,4,0.0004
7292,JTX,4,0.0004
7293,JTY,4,0.0004
7294,JTZ,4,0.0004
7295,JU,4,0.0004
7296,JUA,4,0.0004
7297,JUB,4,0.0004
7298,JUC,4,0.0004
7299,JUD,4,0.0004
7300,JUE,4,0.0004
7301,JUF,4,0.0004
7302,JUG,4,0.0004
7303,JUH,4,0.0004
7304,JUI,4,0.0004
7305,JUJ,4,0.0004
7306,JUK,4,0.0004
7307,JUL,4,0.0004
7308,JUM,4,0.0004
7309,JUN,4,0.0004
7310,JUO,4,0.0004
7311,JUP,4,0.0004
7312,JUQ,4,0.0004
7313,JUR,4,0.0004
7314,JUS,4,0.0004
7315,JUT,4,0.0004
7316,JUU,4,0.0004
7317,JUV,4,0.0004
7318,JUW,4,0.0004
7319,JUX,4,0.0004
7320,JUY,4,0.0004
7321,JUZ,4,0.0004
7322,JV,4,0.0004
7323,JVA,4,0.0004
7324,JVB,4,0.0004
7325,JVC,4,0.0004
7326,JVD,4,0.0004
7327,JVE,4,0.0004
7328,JVF,4,0.0004
7329,JVG,4,0.0004
7330,JVH,4,0.0004
7331,JVI,4,0.0004
7332,JVJ,4,0.0004
7333,JVK,4,0.0004
7334,JVL,4,0.0004
7335,JVM,4,0.0004
7336,JVN,4,0.0004
7337,JVO,4,0.0004
7338,JVP,4,0.0004
7339,JVQ,4,0.0004
7340,JVR,4,0.0004
7341,JVS,4,0.0004
7342,JVT,4,0.0004
7343,JVU,4,0.0004
7344,JVV,4,0.0004
7345,JVW,4,0.0004
7346,JVX,4,0.0004
7347,JVY,4,0.0004
7348,JVZ,4,0.0004
7349,JW,4,0.0004
7350,JWA,4,0.0004
7351,JWB,4,0.0004
7352,JWC,4,0.0004
7353,JWD,4,0.0004
7354,JWE,4,0.0004
7355,JWF,4,0.0004
7356,JWG,4,0.0004
7357,JWH,4,0.0004
7358,JWI,4,0.0004
7359,JWJ,4,0.0004
7360,JWK,4,0.0004
7361,JWL,4,0.0004
7362,JWM,4,0.0004
7363,JWN,4,0.0004
7364,JWO,4,0.0004
7365,JWP,4,0.0004
7366,JWQ,4,0.0004
7367,JWR,4,0.0004
7368,JWS,4,0.0004
7369,JWT,4,0.0004
7370,JWU,4,0.0004
7371,JWV,4,0.0004
7372,JWW,4,0.0004
7373,JWX,4,0.0004
7374,JWY,4,0.0004
7375,JWZ,4,0.0004
7376,JX,4,0.0004
7377,JXA,4,0.0004
7378,JXB,4,0.0004
7379,JXC,4,0.0004
7380,JXD,4,0.0004
7381,JXE,4,0.0004
7382,JXF,4,0.0004
7383,JXG,4,0.0004
7384,JXH,4,0.0004
7385,JXI,4,0.0004
7386,JXJ,4,0.0004
7387,JXK,4,0.0004
7388,JXL,4,0.0004
7389,JXM,4,0.0004
7390,JXN,4,0.0004
7391,JXO,4,0.0004
7392,JXP,4,0.0004
7393,JXQ,4,0.0004
7394,JXR,4,0.0004
7395,JXS,4,0.0004
7396,JXT,4,0.0004
7397,JXU,4,0.0004
7398,JXV,4,0.0004
7399,JXW,4,0.0004
7400,JXX,4,0.0004
7401,JXY,4,0.0004
7402,JXZ,4,0.0004
7403,JY,4,0.0004
7404,JYA,4,0.0004
7405,JYB,4,0.0004
7406,JYC,4,0.0004
7407,JYD,4,0.0004
7408,JYE,4,0.0004
7409,JYF,4,0.0004
7410,JYG,4,0.0004
7411,JYH,4,0.0004
7412,JYI,4,0.0004
7413,JYJ,4,0.0004
7414,JYK,4,0.0004
7415,JYL,4,0.0004
7416,JYM,4,0.0004
7417,JYN,4,0.0004
7418,JYO,4,0.0004
7419,JYP,4,0.0004
7420,JYQ,4,0.0004
7421,JYR,4,0.0004
7422,JYS,4,0.0004
7423,JYT,4,0.0004
7424,JYU,4,0.0004
7425,JYV,4,0.0004
7426,JYW,4,0.0004
7427,JYX,4,0.0004
7428,JYY,4,0.0004
7429,JYZ,4,0.0004
7430,JZ,4,0.0004
7431,JZA,4,0.0004
7432,JZB,4,0.0004
7433,JZC,4,0.0004
7434,JZD,4,0.0004
7435,JZE,4,0.0004
7436,JZF,4,0.0004
7437,JZG,4,0.0004
7438,JZH,4,0.0004
7439,JZI,4,0.0004
7440,JZJ,4,0.0004
7441,JZK,4,0.0004
7442,JZL,4,0.0004
7443,JZM,4,0.0004
7444,JZN,4,0.0004
7445,JZO,4,0.0004
7446,JZP,4,0.0004
7447,JZQ,4,0.0004
7448,JZR,4,0.0004
7449,JZS,4,0.0004
7450,JZT,4,0.0004
7451,JZU,4,0.0004
7452,JZV,4,0.0004
7453,JZW,4,0.0004
7454,JZX,4,0.0004
7455,JZY,4,0.0004
7456,JZZ,4,0.0004
7457,K,4,0.0004
7458,KA,4,0.0004
7459,KAA,4,0.0004
7460,KAB,4,0.0004
7461,KAC,4,0.0004
7462,KAD,4,0.0004
7463,KAE,4,0.0004
7464,KAF,4,0.0004
7465,KAG,4,0.0004
7466,KAH,4,0.0004
7467,KAI,4,0.0004
7468,KAJ,4,0.0004
7469,KAK,4,0.0004
7470,KAL,4,0.0004
7471,KAM,4,0.0004
7472,KAN,4,0.0004
7473,KAO,4,0.0004
7474,KAP,4,0.0004
7475,KAQ,4,0.0004
7476,KAR,4,0.0004
7477,KAS,4,0.0004
7478,KAT,4,0.0004
7479,KAU,4,0.0004
7480,KAV,4,0.0004
7481,KAW,4,0.0004
7482,KAX,4,0.0004
7483,KAY,4,0.0004
7484,KAZ,4,0.0004
7485,KB,4,0.0004
7486,KBA,4,0.0004
7487,KBB,4,0.0004
7488,KBC,4,0.0004
7489,KBD,4,0.0004
7490,KBE,4,0.0004
7491,KBF,4,0.0004
7492,KBG,4,0.0004
7493,KBH,4,0.0004
7494,KBI,4,0.0004
7495,KBJ,4,0.0004
7496,KBK,4,0.0004
7497,KBL,4,0.0004
7498,KBM,4,0.0004
7499,KBN,4,0.0004
7500,KBO,4,0.0004
7501,KBP,4,0.0004
7502,KBQ,4,0.0004
7503,KBR,4,0.0004
7504,KBS,4,0.0004
7505,KBT,4,0.0004
7506,KBU,4,0.0004
7507,KBV,4,0.0004
7508,KBW,4,0.0004
7509,KBX,4,0.0004
7510,KBY,4,0.0004
7511,KBZ,4,0.0004
7512,KC,4,0.0004
7513,KCA,4,0.0004
7514,KCB,4,0.0004
7515,KCC,4,0.0004
7516,KCD,4,0.0004
7517,KCE,4,0.0004
7518,KCF,4,0.0004
7519,KCG,4,0.0004
7520,KCH,4,0.0004
7521,KCI,4,0.0004
7522,KCJ,4,0.0004
7523,KCK,4,0.0004
7524,KCL,4,0.0004
7525,KCM,4,0.0004
7526,KCN,4,0.0004
7527,KCO,4,0.0004
7528,KCP,4,0.0004
7529,KCQ,4,0.0004
7530,KCR,4,0.0004
7531,KCS,4,0.0004
7532,KCT,4,0.0004
7533,KCU,4,0.0004
7534,KCV,4,0.0004
7535,KCW,4,0.0004
7536,KCX,4,0.0004
7537,KCY,4,0.0004
7538,KCZ,4,0.0004
7539,KD,4,0.0004
7540,KDA,4,0.0004
7541,KDB,4,0.0004
7542,KDC,4,0.0004
7543,KDD,4,0.0004
7544,KDE,4,0.0004
7545,KDF,4,0.0004
7546,KDG,4,0.0004
7547,KDH,4,0.0004
7548,KDI,4,0.0004
7549,KDJ,4,0.0004
7550,KDK,4,0.0004
7551,KDL,4,0.0004
7552,KDM,4,0.0004
7553,KDN,4,0.0004
7554,KDO,4,0.0004
7555,KDP,4,0.0004
7556,KDQ,4,0.0004
7557,KDR,4,0.0004
7558,KDS,4,0.0004
7559,KDT,4,0.0004
7560,KDU,4,0.0004
7561,KDV,4,0.0004
7562,KDW,4,0.0004
7563,KDX,4,0.0004
7564,KDY,4,0.0004
7565,KDZ,4,0.0004
7566,KE,4,0.0004
7567,KEA,4,0.0004
7568,KEB,4,0.0004
7569,KEC,4,0.0004
7570,KED,4,0.0004
7571,KEE,4,0.0004
7572,KEF,4,0.0004
7573,KEG,4,0.0004
7574,KEH,4,0.0004
7575,KEI,4,0.0004
7576,KEJ,4,0.0004
7577,KEK,4,0.0004
7578,KEL,4,0.0004
7579,KEM,4,0.0004
7580,KEN,4,0.0004
7581,KEO,4,0.0004
7582,KEP,4,0.0004
7583,KEQ,4,0.0004
7584,KER,4,0.0004
7585,KES,4,0.0004
7586,KET,4,0.0004
7587,KEU,4,0.0004
7588,KEV,4,0.0004
7589,KEW,4,0.0004
7590,KEX,4,0.0004
7591,KEY,4,0.0004
7592,KEZ,4,0.0004
7593,KF,4,0.0004
7594,KFA,4,0.0004
7595,KFB,4,0.0004
7596,KFC,4,0.0004
7597,KFD,4,0.0004
7598,KFE,4,0.0004
7599,KFF,4,0.0004
7600,KFG,4,0.0004
7601,KFH,4,0.0004
7602,KFI,4,0.0004
7603,KFJ,4,0.0004
7604,KFK,4,0.0004
7605,KFL,4,0.0004
7606,KFM,4,0.0004
7607,KFN,4,0.0004
7608,KFO,4,0.0004
7609,KFP,4,0.0004
7610,KFQ,4,0.0004
7611,KFR,4,0.0004
7612,KFS,4,0.0004
7613,KFT,4,0.0004
7614,KFU,4,0.0004
7615,KFV,4,0.0004
7616,KFW,4,0.0004
7617,KFX,4,0.0004
7618,KFY,4,0.0004
7619,KFZ,4,0.0004
7620,KG,4,0.0004
7621,KGA,4,0.0004
7622,KGB,4,0.0004
7623,KGC,4,0.0004
7624,KGD,4,0.0004
7625,KGE,4,0.0004
7626,KGF,4,0.0004
7627,KGG,4,0.0004
7628,KGH,4,0.0004
7629,KGI,4,0.0004
7630,KGJ,4,0.0004
7631,KGK,4,0.0004
7632,KGL,4,0.0004
7633,KGM,4,0.0004
7634,KGN,4,0.0004
7635,KGO,4,0.0004
7636,KGP,4,0.0004
7637,KGQ,4,0.0004
7638,KGR,4,0.0004
7639,KGS,4,0.0004
7640,KGT,4,0.0004
7641,KGU,4,0.0004
7642,KGV,4,0.0004
7643,KGW,4,0.0004
7644,KGX,4,0.0004
7645,KGY,4,0.0004
7646,KGZ,4,0.0004
7647,KH,4,0.0004
7648,KHA,4,0.0004
7649,KHB,4,0.0004
7650,KHC,4,0.0004
7651,KHD,4,0.0004
7652,KHE,4,0.0004
7653,KHF,4,0.0004
7654,KHG,4,0.0004
7655,KHH,4,0.0004
7656,KHI,4,0.0004
7657,KHJ,4,0.0004
7658,KHK,4,0.0004
7659,KHL,4,0.0004
7660,KHM,4,0.0004
7661,KHN,4,0.0004
7662,KHO,4,0.0004
7663,KHP,4,0.0004
7664,KHQ,4,0.0004
7665,KHR,4,0.0004
7666,KHS,4,0.0004
7667,KHT,4,0.0004
7668,KHU,4,0.0004
7669,KHV,4,0.0004
7670,KHW,4,0.0004
7671,KHX,4,0.0004
7672,KHY,4,0.0004
7673,KHZ,4,0.0004
7674,KI,4,0.0004
7675,KIA,4,0.0004
7676,KIB,4,0.0004
7677,KIC,4,0.0004
7678,KID,4,0.0004
7679,KIE,4,0.0004
7680,KIF,4,0.0004
7681,KIG,4,0.0004
7682,KIH,4,0.0004
7683,KII,4,0.0004
7684,KIJ,4,0.0004
7685,KIK,4,0.0004
7686,KIL,4,0.0004
7687,KIM,4,0.0004
7688,KIN,4,0.0004
7689,KIO,4,0.0004
7690,KIP,4,0.0004
7691,KIQ,4,0.0004
7692,KIR,4,0.0004
7693,KIS,4,0.0004
7694,KIT,4,0.0004
7695,KIU,4,0.0004
7696,KIV,4,0.0004
7697,KIW,4,0.0004
7698,KIX,4,0.0004
7699,KIY,4,0.0004
7700,KIZ,4,0.0004
7701,KJ,4,0.0004
7702,KJA,4,0.0004
7703,KJB,4,0.0004
7704,KJC,4,0.0004
7705,KJD,4,0.0004
7706,KJE,4,0.0004
7707,KJF,4,0.0004
7708,KJG,4,0.0004
7709,KJH,4,0.0004
7710,KJI,4,0.0004
7711,KJJ,4,0.0004
7712,KJK,4,0.0004
7713,KJL,4,0.0004
7714,KJM,4,0.0004
7715,KJN,4,0.0004
7716,KJO,4,0.0004
7717,KJP,4,0.0004
7718,KJQ,4,0.0004
7719,KJR,4,0.0004
7720,KJS,4,0.0004
7721,KJT,4,0.0004
7722,KJU,4,0.0004
7723,KJV,4,0.0004
7724,KJW,4,0.0004
7725,KJX,4,0.0004
7726,KJY,4,0.0004
7727,KJZ,4,0.0004
7728,KK,4,0.0004
7729,KKA,4,0.0004
7730,KKB,4,0.0004
7731,KKC,4,0.0004
7732,KKD,4,0.0004
7733,KKE,4,0.0004
7734,KKF,4,0.0004
7735,KKG,4,0.0004
7736,KKH,4,0.0004
7737,KKI,4,0.0004
7738,KKJ,4,0.0004
7739,KKK,4,0.0004
7740,KKL,4,0.0004
7741,KKM,4,0.0004
7742,KKN,4,0.0004
7743,KKO,4,0.0004
7744,KKP,4,0.0004
7745,KKQ,4,0.0004
7746,KKR,4,0.0004
7747,KKS,4,0.0004
7748,KKT,4,0.0004
7749,KKU,4,0.0004
7750,KKV,4,0.0004
7751,KKW,4,0.0004
7752,KKX,4,0.0004
7753,KKY,4,0.0004
7754,KKZ,4,0.0004
7755,KLA,4,0.0004
7756,KLB,4,0.0004
7757,KLC,4,0.0004
7758,KLD,4,0.0004
7759,KLE,4,0.0004
7760,KLF,4,0.0004
7761,KLG,4,0.0004
7762,KLH,4,0.0004
7763,KLI,4,0.0004
7764,KLJ,4,0.0004
7765,KLK,4,0.0004
7766,KLL,4,0.0004
7767,KLM,4,0.0004
7768,KLN,4,0.0004
7769,KLO,4,0.0004
7770,KLP,4,0.0004
7771,KLQ,4,0.0004
7772,KLR,4,0.0004
7773,KLS,4,0.0004
7774,KLT,4,0.0004
7775,KLU,4,0.0004
7776,KLV,4,0.0004
7777,KLW,4,0.0004
7778,KLX,4,0.0004
7779,KLY,4,0.0004
7780,KLZ,4,0.0004
7781,KM,4,0.0004
7782,KMA,4,0.0004
7783,KMB,4,0.0004
7784,KMC,4,0.0004
7785,KMD,4,0.0004
7786,KME,4,0.0004
7787,KMF,4,0.0004
7788,KMG,4,0.0004
7789,KMH,4,0.0004
7790,KMI,4,0.0004
7791,KMJ,4,0.0004
7792,KMK,4,0.0004
7793,KML,4,0.0004
7794,KMM,4,0.0004
7795,KMN,4,0.0004
7796,KMO,4,0.0004
7797,KMP,4,0.0004
7798,KMQ,4,0.0004
7799,KMR,4,0.0004
7800,KMS,4,0.0004
7801,KMT,4,0.0004
7802,KMU,4,0.0004
7803,KMV,4,0.0004
7804,KMW,4,0.0004
7805,KMX,4,0.0004
7806,KMY,4,0.0004
7807,KMZ,4,0.0004
7808,KN,4,0.0004
7809,KNA,4,0.0004
7810,KNB,4,0.0004
7811,KNC,4,0.0004
7812,KND,4,0.0004
7813,KNE,4,0.0004
7814,KNF,4,0.0004
7815,KNG,4,0.0004
7816,KNH,4,0.0004
7817,KNI,4,0.0004
7818,KNJ,4,0.0004
7819,KNK,4,0.0004
7820,KNL,4,0.0004
7821,KNM,4,0.0004
7822,KNN,4,0.0004
7823,KNO,4,0.0004
7824,KNP,4,0.0004
7825,KNQ,4,0.0004
7826,KNR,4,0.0004
7827,KNS,4,0.0004
7828,KNT,4,0.0004
7829,KNU,4,0.0004
7830,KNV,4,0.0004
7831,KNW,4,0.0004
7832,KNX,4,0.0004
7833,KNY,4,0.0004
7834,KNZ,4,0.0004
7835,KO,4,0.0004
7836,KOA,4,0.0004
7837,KOB,4,0.0004
7838,KOC,4,0.0004
7839,KOD,4,0.0004
7840,KOE,4,0.0004
7841,KOF,4,0.0004
7842,KOG,4,0.0004
7843,KOH,4,0.0004
7844,KOI,4,0.0004
7845,KOJ,4,0.0004
7846,KOK,4,0.0004
7847,KOL,4,0.0004
7848,KOM,4,0.0004
7849,KON,4,0.0004
7850,KOO,4,0.0004
7851,KOP,4,0.0004
7852,KOQ,4,0.0004
7853,KOR,4,0.0004
7854,KOS,4,0.0004
7855,KOT,4,0.0004
7856,KOU,4,0.0004
7857,KOV,4,0.0004
7858,KOW,4,0.0004
7859,KOX,4,0.0004
7860,KOY,4,0.0004
7861,KOZ,4,0.0004
7862,KP,4,0.0004
7863,KPA,4,0.0004
7864,KPB,4,0.0004
7865,KPC,4,0.0004
7866,KPD,4,0.0004
7867,KPE,4,0.0004
7868,KPF,4,0.0004
7869,KPG,4,0.0004
7870,KPH,4,0.0004
7871,KPI,4,0.0004
7872,KPJ,4,0.0004
7873,KPK,4,0.0004
7874,KPL,4,0.0004
7875,KPM,4,0.0004
7876,KPN,4,0.0004
7877,KPO,4,0.0004
7878,KPP,4,0.0004
7879,KPQ,4,0.0004
7880,KPR,4,0.0004
7881,KPS,4,0.0004
7882,KPT,4,0.0004
7883,KPU,4,0.0004
7884,KPV,4,0.0004
7885,KPW,4,0.0004
7886,KPX,4,0.0004
7887,KPY,4,0.0004
7888,KPZ,4,0.0004
7889,KQ,4,0.0004
7890,KQA,4,0.0004
7891,KQB,4,0.0004
7892,KQC,4,0.0004
7893,KQD,4,0.0004
7894,KQE,4,0.0004
7895,KQF,4,0.0004
7896,KQG,4,0.0004
7897,KQH,4,0.0004
7898,KQI,4,0.0004
7899,KQJ,4,0.0004
7900,KQK,4,0.0004
7901,KQL,4,0.0004
7902,KQM,4,0.0004
7903,KQN,4,0.0004
7904,KQO,4,0.0004
7905,KQP,4,0.0004
7906,KQQ,4,0.0004
7907,KQR,4,0.0004
7908,KQS,4,0.0004
7909,KQT,4,0.0004
7910,KQU,4,0.0004
7911,KQV,4,0.0004
7912,KQW,4,0.0004
7913,KQX,4,0.0004
7914,KQY,4,0.0004
7915,KQZ,4,0.0004
7916,KR,4,0.0004
7917,KRA,4,0.0004
7918,KRB,4,0.0004
7919,KRC,4,0.0004
7920,KRD,4,0.0004
7921,KRE,4,0.0004
7922,KRF,4,0.0004
7923,KRG,4,0.0004
7924,KRH,4,0.0004
7925,KRI,4,0.0004
7926,KRJ,4,0.0004
7927,KRK,4,0.0004
7928,KRL,4,0.0004
7929,KRM,4,0.0004
7930,KRN,4,0.0004
7931,KRO,4,0.0004
7932,KRP,4,0.0004
7933,KRQ,4,0.0004
7934,KRR,4,0.0004
7935,KRS,4,0.0004
7936,KRT,4,0.0004
7937,KRU,4,0.0004
7938,KRV,4,0.0004
7939,KRW,4,0.0004
7940,KRX,4,0.0004
7941,KRY,4,0.0004
7942,KRZ,4,0.0004
7943,KS,4,0.0004
7944,KSA,4,0.0004
7945,KSB,4,0.0004
7946,KSC,4,0.0004
7947,KSD,4,0.0004
7948,KSE,4,0.0004
7949,KSF,4,0.0004
7950,KSG,4,0.0004
7951,KSH,4,0.0004
7952,KSI,4,0.0004
7953,KSJ,4,0.0004
7954,KSK,4,0.0004
7955,KSL,4,0.0004
7956,KSM,4,0.0004
7957,KSN,4,0.0004
7958,KSO,4,0.0004
7959,KSP,4,0.0004
7960,KSQ,4,0.0004
7961,KSR,4,0.0004
7962,KSS,4,0.0004
7963,KST,4,0.0004
7964,KSU,4,0.0004
7965,KSV,4,0.0004
7966,KSW,4,0.0004
7967,KSX,4,0.0004
7968,KSY,4,0.0004
7969,KSZ,4,0.0004
7970,KT,4,0.0004
7971,KTA,4,0.0004
7972,KTB,4,0.0004
7973,KTC,4,0.0004
7974,KTD,4,0.0004
7975,KTE,4,0.0004
7976,KTF,4,0.0004
7977,KTG,4,0.0004
7978,KTH,4,0.0004
7979,KTI,4,0.0004
7980,KTJ,4,0.0004
7981,KTK,4,0.0004
7982,KTL,4,0.0004
7983,KTM,4,0.0004
7984,KTN,4,0.0004
7985,KTO,4,0.0004
7986,KTP,4,0.0004
7987,KTQ,4,0.0004
7988,KTR,4,0.0004
7989,KTS,4,0.0004
7990,KTT,4,0.0004
7991,KTU,4,0.0004
7992,KTV,4,0.0004
7993,KTW,4,0.0004
7994,KTX,4,0.0004
7995,KTY,4,0.0004
7996,KTZ,4,0.0004
7997,KU,4,0.0004
7998,KUA,4,0.0004
7999,KUB,4,0.0004
8000,KUC,4,0.0004
8001,KUD,4,0.0004
8002,KUE,4,0.0004
8003,KUF,4,0.0004
8004,KUG,4,0.0004
8005,KUH,4,0.0004
8006,KUI,4,0.0004
8007,KUJ,4,0.0004
8008,KUK,4,0.0004
8009,KUL,4,0.0004
8010,KUM,4,0.0004
8011,KUN,4,0.0004
8012,KUO,4,0.0004
8013,KUP,4,0.0004
8014,KUQ,4,0.0004
8015,KUR,4,0.0004
8016,KUS,4,0.0004
8017,KUT,4,0.0004
8018,KUU,4,0.0004
8019,KUV,4,0.0004
8020,KUW,4,0.0004
8021,KUX,4,0.0004
8022,KUY,4,0.0004
8023,KUZ,4,0.0004
8024,KV,4,0.0004
8025,KVA,4,0.0004
8026,KVB,4,0.0004
8027,KVC,4,0.0004
8028,KVD,4,0.0004
8029,KVE,4,0.0004
8030,KVF,4,0.0004
8031,KVG,4,0.0004
8032,KVH,4,0.0004
8033,KVI,4,0.0004
8034,KVJ,4,0.0004
8035,KVK,4,0.0004
8036,KVL,4,0.0004
8037,KVM,4,0.0004
8038,KVN,4,0.0004
8039,KVO,4,0.0004
8040,KVP,4,0.0004
8041,KVQ,4,0.0004
8042,KVR,4,0.0004
8043,KVS,4,0.0004
8044,KVT,4,0.0004
8045,KVU,4,0.0004
8046,KVV,4,0.0004
8047,KVW,4,0.0004
8048,KVX,4,0.0004
8049,KVY,4,0.0004
8050,KVZ,4,0.0004
8051,KW,4,0.0004
8052,KWA,4,0.0004
8053,KWB,4,0.0004
8054,KWC,4,0.0004
8055,KWD,4,0.0004
8056,KWE,4,0.0004
8057,KWF,4,0.0004
8058,KWG,4,0.0004
8059,KWH,4,0.0004
8060,KWI,4,0.0004
8061,KWJ,4,0.0004
8062,KWK,4,0.0004
8063,KWL,4,0.0004
8064,KWM,4,0.0004
8065,KWN,4,0.0004
8066,KWO,4,0.0004
8067,KWP,4,0.0004
8068,KWQ,4,0.0004
8069,KWR,4,0.0004
8070,KWS,4,0.0004
8071,KWT,4,0.0004
8072,KWU,4,0.0004
8073,KWV,4,0.0004
8074,KWW,4,0.0004
8075,KWX,4,0.0004
8076,KWY,4,0.0004
8077,KWZ,4,0.0004
8078,KX,4,0.0004
8079,KXA,4,0.0004
8080,KXB,4,0.0004
8081,KXC,4,0.0004
8082,KXD,4,0.0004
8083,KXE,4,0.0004
8084,KXF,4,0.0004
8085,KXG,4,0.0004
8086,KXH,4,0.0004
8087,KXI,4,0.0004
8088,KXJ,4,0.0004
8089,KXK,4,0.0004
8090,KXL,4,0.0004
8091,KXM,4,0.0004
8092,KXN,4,0.0004
8093,KXO,4,0.0004
8094,KXP,4,0.0004
8095,KXQ,4,0.0004
8096,KXR,4,0.0004
8097,KXS,4,0.0004
8098,KXT,4,0.0004
8099,KXU,4,0.0004
8100,KXV,4,0.0004
8101,KXW,4,0.0004
8102,KXX,4,0.0004
8103,KXY,4,0.0004
8104,KXZ,4,0.0004
8105,KY,4,0.0004
8106,KYA,4,0.0004
8107,KYB,4,0.0004
8108,KYC,4,0.0004
8109,KYD,4,0.0004
8110,KYF,4,0.0004
8111,KYG,4,0.0004
8112,KYH,4,0.0004
8113,KYI,4,0.0004
8114,KYJ,4,0.0004
8115,KYK,4,0.0004
8116,KYL,4,0.0004
8117,KYM,4,0.0004
8118,KYN,4,0.0004
8119,KYO,4,0.0004
8120,KYP,4,0.0004
8121,KYQ,4,0.0004
8122,KYR,4,0.0004
8123,KYS,4,0.0004
8124,KYT,4,0.0004
8125,KYU,4,0.0004
8126,KYV,4,0.0004
8127,KYW,4,0.0004
8128,KYX,4,0.0004
8129,KYY,4,0.0004
8130,KYZ,4,0.0004
8131,KZ,4,0.0004
8132,KZA,4,0.0004
8133,KZB,4,0.0004
8134,KZC,4,0.0004
8135,KZD,4,0.0004
8136,KZE,4,0.0004
8137,KZF,4,0.0004
8138,KZG,4,0.0004
8139,KZH,4,0.0004
8140,KZI,4,0.0004
8141,KZJ,4,0.0004
8142,KZK,4,0.0004
8143,KZL,4,0.0004
8144,KZM,4,0.0004
8145,KZN,4,0.0004
8146,KZO,4,0.0004
8147,KZP,4,0.0004
8148,KZQ,4,0.0004
8149,KZR,4,0.0004
8150,KZS,4,0.0004
8151,KZT,4,0.0004
8152,KZU,4,0.0004
8153,KZV,4,0.0004
8154,KZW,4,0.0004
8155,KZX,4,0.0004
8156,KZY,4,0.0004
8157,KZZ,4,0.0004
8158,L,4,0.0004
8159,LA,4,0.0004
8160,LAA,4,0.0004
8161,LAB,4,0.0004
8162,LAC,4,0.0004
8163,LAD,4,0.0004
8164,LAE,4,0.0004
8165,LAF,4,0.0004
8166,LAG,4,0.0004
8167,LAH,4,0.0004
8168,LAI,4,0.0004
8169,LAJ,4,0.0004
8170,LAK,4,0.0004
8171,LAL,4,0.0004
8172,LAM,4,0.0004
8173,LAN,4,0.0004
8174,LAO,4,0.0004
8175,LAP,4,0.0004
8176,LAQ,4,0.0004
8177,LAR,4,0.0004
8178,LAS,4,0.0004
8179,LAT,4,0.0004
8180,LAU,4,0.0004
8181,LAV,4,0.0004
8182,LAW,4,0.0004
8183,LAX,4,0.0004
8184,LAY,4,0.0004
8185,LAZ,4,0.0004
8186,LBA,4,0.0004
8187,LBB,4,0.0004
8188,LBC,4,0.0004
8189,LBD,4,0.0004
8190,LBE,4,0.0004
8191,LBF,4,0.0004
8192,LBG,4,0.0004
8193,LBH,4,0.0004
8194,LBI,4,0.0004
8195,LBJ,4,0.0004
8196,LBK,4,0.0004
8197,LBL,4,0.0004
8198,LBM,4,0.0004
8199,LBN,4,0.0004
8200,LBO,4,0.0004
8201,LBP,4,0.0004
8202,LBQ,4,0.0004
8203,LBR,4,0.0004
8204,LBS,4,0.0004
8205,LBT,4,0.0004
8206,LBU,4,0.0004
8207,LBV,4,0.0004
8208,LBW,4,0.0004
8209,LBX,4,0.0004
8210,LBY,4,0.0004
8211,LBZ,4,0.0004
8212,LC,4,0.0004
8213,LCA,4,0.0004
8214,LCB,4,0.0004
8215,LCC,4,0.0004
8216,LCD,4,0.0004
8217,LCE,4,0.0004
8218,LCF,4,0.0004
8219,LCG,4,0.0004
8220,LCH,4,0.0004
8221,LCI,4,0.0004
8222,LCJ,4,0.0004
8223,LCK,4,0.0004
8224,LCL,4,0.0004
8225,LCM,4,0.0004
8226,LCN,4,0.0004
8227,LCO,4,0.0004
8228,LCP,4,0.0004
8229,LCQ,4,0.0004
8230,LCR,4,0.0004
8231,LCS,4,0.0004
8232,LCT,4,0.0004
8233,LCU,4,0.0004
8234,LCV,4,0.0004
8235,LCW,4,0.0004
8236,LCX,4,0.0004
8237,LCY,4,0.0004
8238,LCZ,4,0.0004
8239,LD,4,0.0004
8240,LDA,4,0.0004
8241,LDB,4,0.0004
8242,LDC,4,0.0004
8243,LDD,4,0.0004
8244,LDE,4,0.0004
8245,LDF,4,0.0004
8246,LDG,4,0.0004
8247,LDH,4,0.0004
8248,LDI,4,0.0004
8249,LDJ,4,0.0004
8250,LDK,4,0.0004
8251,LDL,4,0.0004
8252,LDM,4,0.0004
8253,LDN,4,0.0004
8254,LDO,4,0.0004
8255,LDP,4,0.0004
8256,LDQ,4,0.0004
8257,LDR,4,0.0004
8258,LDS,4,0.0004
8259,LDT,4,0.0004
8260,LDU,4,0.0004
8261,LDV,4,0.0004
8262,LDW,4,0.0004
8263,LDX,4,0.0004
8264,LDY,4,0.0004
8265,LDZ,4,0.0004
8266,LE,4,0.0004
8267,LEA,4,0.0004
8268,LEB,4,0.0004
8269,LEC,4,0.0004
8270,LED,4,0.0004
8271,LEF,4,0.0004
8272,LEG,4,0.0004
8273,LEH,4,0.0004
8274,LEI,4,0.0004
8275,LEJ,4,0.0004
8276,LEK,4,0.0004
8277,LEL,4,0.0004
8278,LEM,4,0.0004
8279,LEN,4,0.0004
8280,LEP,4,0.0004
8281,LEQ,4,0.0004
8282,LER,4,0.0004
8283,LES,4,0.0004
8284,LET,4,0.0004
8285,LEU,4,0.0004
8286,LEV,4,0.0004
8287,LEW,4,0.0004
8288,LEX,4,0.0004
8289,LEY,4,0.0004
8290,LEZ,4,0.0004
8291,LF,4,0.0004
8292,LFA,4,0.0004
8293,LFB,4,0.0004
8294,LFC,4,0.0004
8295,LFD,4,0.0004
8296,LFE,4,0.0004
8297,LFF,4,0.0004
8298,LFG,4,0.0004
8299,LFH,4,0.0004
8300,LFI,4,0.0004
8301,LFJ,4,0.0004
8302,LFK,4,0.0004
8303,LFL,4,0.0004
8304,LFM,4,0.0004
8305,LFN,4,0.0004
8306,LFO,4,0.0004
8307,LFP,4,0.0004
8308,LFQ,4,0.0004
8309,LFR,4,0.0004
8310,LFS,4,0.0004
8311,LFT,4,0.0004
8312,LFU,4,0.0004
8313,LFV,4,0.0004
8314,LFW,4,0.0004
8315,LFX,4,0.0004
8316,LFY,4,0.0004
8317,LFZ,4,0.0004
8318,LG,4,0.0004
8319,LGA,4,0.0004
8320,LGB,4,0.0004
8321,LGC,4,0.0004
8322,LGD,4,0.0004
8323,LGE,4,0.0004
8324,LGF,4,0.0004
8325,LGG,4,0.0004
8326,LGH,4,0.0004
8327,LGI,4,0.0004
8328,LGJ,4,0.0004
8329,LGK,4,0.0004
8330,LGL,4,0.0004
8331,LGM,4,0.0004
8332,LGN,4,0.0004
8333,LGO,4,0.0004
8334,LGP,4,0.0004
8335,LGQ,4,0.0004
8336,LGR,4,0.0004
8337,LGS,4,0.0004
8338,LGT,4,0.0004
8339,LGU,4,0.0004
8340,LGV,4,0.0004
8341,LGW,4,0.0004
8342,LGX,4,0.0004
8343,LGY,4,0.0004
8344,LGZ,4,0.0004
8345,LH,4,0.0004
8346,LHA,4,0.0004
8347,LHB,4,0.0004
8348,LHC,4,0.0004
8349,LHD,4,0.0004
8350,LHE,4,0.0004
8351,LHF,4,0.0004
8352,LHG,4,0.0004
8353,LHH,4,0.0004
8354,LHI,4,0.0004
8355,LHJ,4,0.0004
8356,LHK,4,0.0004
8357,LHL,4,0.0004
8358,LHM,4,0.0004
8359,LHN,4,0.0004
8360,LHO,4,0.0004
8361,LHP,4,0.0004
8362,LHQ,4,0.0004
8363,LHR,4,0.0004
8364,LHS,4,0.0004
8365,LHT,4,0.0004
8366,LHU,4,0.0004
8367,LHV,4,0.0004
8368,LHW,4,0.0004
8369,LHX,4,0.0004
8370,LHY,4,0.0004
8371,LHZ,4,0.0004
8372,LI,4,0.0004
8373,LIA,4,0.0004
8374,LIB,4,0.0004
8375,LIC,4,0.0004
8376,LID,4,0.0004
8377,LIE,4,0.0004
8378,LIF,4,0.0004
8379,LIG,4,0.0004
8380,LIH,4,0.0004
8381,LII,4,0.0004
8382,LIJ,4,0.0004
8383,LIK,4,0.0004
8384,LIL,4,0.0004
8385,LIM,4,0.0004
8386,LIN,4,0.0004
8387,LIO,4,0.0004
8388,LIP,4,0.0004
8389,LIQ,4,0.0004
8390,LIR,4,0.0004
8391,LIS,4,0.0004
8392,LIT,4,0.0004
8393,LIU,4,0.0004
8394,LIV,4,0.0004
8395,LIW,4,0.0004
8396,LIX,4,0.0004
8397,LIY,4,0.0004
8398,LIZ,4,0.0004
8399,LJ,4,0.0004
8400,LJA,4,0.0004
8401,LJB,4,0.0004
8402,LJC,4,0.0004
8403,LJD,4,0.0004
8404,LJE,4,0.0004
8405,LJF,4,0.0004
8406,LJG,4,0.0004
8407,LJH,4,0.0004
8408,LJI,4,0.0004
8409,LJJ,4,0.0004
8410,LJK,4,0.0004
8411,LJL,4,0.0004
8412,LJM,4,0.0004
8413,LJN,4,0.0004
8414,LJO,4,0.0004
8415,LJP,4,0.0004
8416,LJQ,4,0.0004
8417,LJR,4,0.0004
8418,LJS,4,0.0004
8419,LJT,4,0.0004
8420,LJU,4,0.0004
8421,LJV,4,0.0004
8422,LJW,4,0.0004
8423,LJX,4,0.0004
8424,LJY,4,0.0004
8425,LJZ,4,0.0004
8426,LK,4,0.0004
8427,LKA,4,0.0004
8428,LKB,4,0.0004
8429,LKC,4,0.0004
8430,LKD,4,0.0004
8431,LKE,4,0.0004
8432,LKF,4,0.0004
8433,LKG,4,0.0004
8434,LKH,4,0.0004
8435,LKI,4,0.0004
8436,LKJ,4,0.0004
8437,LKK,4,0.0004
8438,LKL,4,0.0004
8439,LKM,4,0.0004
8440,LKN,4,0.0004
8441,LKO,4,0.0004
8442,LKP,4,0.0004
8443,LKQ,4,0.0004
8444,LKR,4,0.0004
8445,LKS,4,0.0004
8446,LKT,4,0.0004
8447,LKU,4,0.0004
8448,LKV,4,0.0004
8449,LKW,4,0.0004
8450,LKX,4,0.0004
8451,LKY,4,0.0004
8452,LKZ,4,0.0004
8453,LL,4,0.0004
8454,LLA,4,0.0004
8455,LLB,4,0.0004
8456,LLC,4,0.0004
8457,LLD,4,0.0004
8458,LLE,4,0.0004
8459,LLF,4,0.0004
8460,LLG,4,0.0004
8461,LLH,4,0.0004
8462,LLI,4,0.0004
8463,LLJ,4,0.0004
8464,LLK,4,0.0004
8465,LLL,4,0.0004
8466,LLM,4,0.0004
8467,LLN,4,0.0004
8468,LLO,4,0.0004
8469,LLP,4,0.0004
8470,LLQ,4,0.0004
8471,LLR,4,0.0004
8472,LLS,4,0.0004
8473,LLT,4,0.0004
8474,LLU,4,0.0004
8475,LLV,4,0.0004
8476,LLW,4,0.0004
8477,LLX,4,0.0004
8478,LLY,4,0.0004
8479,LLZ,4,0.0004
8480,LM,4,0.0004
8481,LMA,4,0.0004
8482,LMB,4,0.0004
8483,LMC,4,0.0004
8484,LMD,4,0.0004
8485,LME,4,0.0004
8486,LMF,4,0.0004
8487,LMG,4,0.0004
8488,LMH,4,0.0004
8489,LMI,4,0.0004
8490,LMJ,4,0.0004
8491,LMK,4,0.0004
8492,LML,4,0.0004
8493,LMM,4,0.0004
8494,LMN,4,0.0004
8495,LMO,4,0.0004
8496,LMP,4,0.0004
8497,LMQ,4,0.0004
8498,LMR,4,0.0004
8499,LMS,4,0.0004
8500,LMT,4,0.0004
8501,LMU,4,0.0004
8502,LMV,4,0.0004
8503,LMW,4,0.0004
8504,LMX,4,0.0004
8505,LMY,4,0.0004
8506,LMZ,4,0.0004
8507,LN,4,0.0004
8508,LNA,4,0.0004
8509,LNB,4,0.0004
8510,LNC,4,0.0004
8511,LND,4,0.0004
8512,LNE,4,0.0004
8513,LNF,4,0.0004
8514,LNG,4,0.0004
8515,LNH,4,0.0004
8516,LNI,4,0.0004
8517,LNJ,4,0.0004
8518,LNK,4,0.0004
8519,LNL,4,0.0004
8520,LNM,4,0.0004
8521,LNN,4,0.0004
8522,LNO,4,0.0004
8523,LNP,4,0.0004
8524,LNQ,4,0.0004
8525,LNR,4,0.0004
8526,LNS,4,0.0004
8527,LNT,4,0.0004
8528,LNU,4,0.0004
8529,LNV,4,0.0004
8530,LNW,4,0.0004
8531,LNX,4,0.0004
8532,LNY,4,0.0004
8533,LNZ,4,0.0004
8534,LO,4,0.0004
8535,LOA,4,0.0004
8536,LOB,4,0.0004
8537,LOC,4,0.0004
8538,LOD,4,0.0004
8539,LOE,4,0.0004
8540,LOF,4,0.0004
8541,LOG,4,0.0004
8542,LOH,4,0.0004
8543,LOI,4,0.0004
8544,LOJ,4,0.0004
8545,LOK,4,0.0004
8546,LOL,4,0.0004
8547,LOM,4,0.0004
8548,LON,4,0.0004
8549,LOO,4,0.0004
8550,LOP,4,0.0004
8551,LOQ,4,0.0004
8552,LOR,4,0.0004
8553,LOS,4,0.0004
8554,LOT,4,0.0004
8555,LOU,4,0.0004
8556,LOV,4,0.0004
8557,LOW,4,0.0004
8558,LOX,4,0.0004
8559,LOY,4,0.0004
8560,LOZ,4,0.0004
8561,LP,4,0.0004
8562,LPA,4,0.0004
8563,LPB,4,0.0004
8564,LPC,4,0.0004
8565,LPD,4,0.0004
8566,LPE,4,0.0004
8567,LPF,4,0.0004
8568,LPG,4,0.0004
8569,LPH,4,0.0004
8570,LPI,4,0.0004
8571,LPJ,4,0.0004
8572,LPK,4,0.0004
8573,LPL,4,0.0004
8574,LPM,4,0.0004
8575,LPN,4,0.0004
8576,LPO,4,0.0004
8577,LPP,4,0.0004
8578,LPQ,4,0.0004
8579,LPR,4,0.0004
8580,LPS,4,0.0004
8581,LPT,4,0.0004
8582,LPU,4,0.0004
8583,LPV,4,0.0004
8584,LPW,4,0.0004
8585,LPX,4,0.0004
8586,LPY,4,0.0004
8587,LPZ,4,0.0004
8588,LQ,4,0.0004
8589,LQA,4,0.0004
8590,LQB,4,0.0004
8591,LQC,4,0.0004
8592,LQD,4,0.0004
8593,LQE,4,0.0004
8594,LQF,4,0.0004
8595,LQG,4,0.0004
8596,LQH,4,0.0004
8597,LQI,4,0.0004
8598,LQJ,4,0.0004
8599,LQK,4,0.0004
8600,LQL,4,0.0004
8601,LQM,4,0.0004
8602,LQN,4,0.0004
8603,LQO,4,0.0004
8604,LQP,4,0.0004
8605,LQQ,4,0.0004
8606,LQR,4,0.0004
8607,LQS,4,0.0004
8608,LQT,4,0.0004
8609,LQU,4,0.0004
8610,LQV,4,0.0004
8611,LQW,4,0.0004
8612,LQX,4,0.0004
8613,LQY,4,0.0004
8614,LQZ,4,0.0004
8615,LR,4,0.0004
8616,LRA,4,0.0004
8617,LRB,4,0.0004
8618,LRC,4,0.0004
8619,LRE,4,0.0004
8620,LRF,4,0.0004
8621,LRG,4,0.0004
8622,LRH,4,0.0004
8623,LRI,4,0.0004
8624,LRJ,4,0.0004
8625,LRK,4,0.0004
8626,LRL,4,0.0004
8627,LRM,4,0.0004
8628,LRN,4,0.0004
8629,LRO,4,0.0004
8630,LRP,4,0.0004
8631,LRQ,4,0.0004
8632,LRR,4,0.0004
8633,LRS,4,0.0004
8634,LRT,4,0.0004
8635,LRU,4,0.0004
8636,LRV,4,0.0004
8637,LRW,4,0.0004
8638,LRX,4,0.0004
8639,LRY,4,0.0004
8640,LRZ,4,0.0004
8641,LS,4,0.0004
8642,LSA,4,0.0004
8643,LSB,4,0.0004
8644,LSC,4,0.0004
8645,LSD,4,0.0004
8646,LSE,4,0.0004
8647,LSF,4,0.0004
8648,LSG,4,0.0004
8649,LSH,4,0.0004
8650,LSI,4,0.0004
8651,LSJ,4,0.0004
8652,LSK,4,0.0004
8653,LSL,4,0.0004
8654,LSM,4,0.0004
8655,LSN,4,0.0004
8656,LSO,4,0.0004
8657,LSP,4,0.0004
8658,LSQ,4,0.0004
8659,LSR,4,0.0004
8660,LSS,4,0.0004
8661,LST,4,0.0004
8662,LSU,4,0.0004
8663,LSV,4,0.0004
8664,LSW,4,0.0004
8665,LSX,4,0.0004
8666,LSY,4,0.0004
8667,LSZ,4,0.0004
8668,LT,4,0.0004
8669,LTA,4,0.0004
8670,LTB,4,0.0004
8671,LTC,4,0.0004
8672,LTD,4,0.0004
8673,LTE,4,0.0004
8674,LTF,4,0.0004
8675,LTG,4,0.0004
8676,LTH,4,0.0004
8677,LTI,4,0.0004
8678,LTJ,4,0.0004
8679,LTK,4,0.0004
8680,LTL,4,0.0004
8681,LTM,4,0.0004
8682,LTN,4,0.0004
8683,LTO,4,0.0004
8684,LTP,4,0.0004
8685,LTQ,4,0.0004
8686,LTR,4,0.0004
8687,LTS,4,0.0004
8688,LTT,4,0.0004
8689,LTU,4,0.0004
8690,LTV,4,0.0004
8691,LTW,4,0.0004
8692,LTX,4,0.0004
8693,LTY,4,0.0004
8694,LTZ,4,0.0004
8695,LU,4,0.0004
8696,LUA,4,0.0004
8697,LUB,4,0.0004
8698,LUC,4,0.0004
8699,LUD,4,0.0004
8700,LUE,4,0.0004
8701,LUF,4,0.0004
8702,LUG,4,0.0004
8703,LUH,4,0.0004
8704,LUI,4,0.0004
8705,LUJ,4,0.0004
8706,LUK,4,0.0004
8707,LUL,4,0.0004
8708,LUM,4,0.0004
8709,LUN,4,0.0004
8710,LUO,4,0.0004
8711,LUP,4,0.0004
8712,LUQ,4,0.0004
8713,LUR,4,0.0004
8714,LUS,4,0.0004
8715,LUT,4,0.0004
8716,LUU,4,0.0004
8717,LUV,4,0.0004
8718,LUW,4,0.0004
8719,LUX,4,0.0004
8720,LUY,4,0.0004
8721,LUZ,4,0.0004
8722,LV,4,0.0004
8723,LVA,4,0.0004
8724,LVB,4,0.0004
8725,LVC,4,0.0004
8726,LVD,4,0.0004
8727,LVE,4,0.0004
8728,LVF,4,0.0004
8729,LVG,4,0.0004
8730,LVH,4,0.0004
8731,LVI,4,0.0004
8732,LVJ,4,0.0004
8733,LVK,4,0.0004
8734,LVL,4,0.0004
8735,LVM,4,0.0004
8736,LVN,4,0.0004
8737,LVO,4,0.0004
8738,LVP,4,0.0004
8739,LVQ,4,0.0004
8740,LVR,4,0.0004
8741,LVS,4,0.0004
8742,LVT,4,0.0004
8743,LVU,4,0.0004
8744,LVV,4,0.0004
8745,LVW,4,0.0004
8746,LVX,4,0.0004
8747,LVY,4,0.0004
8748,LVZ,4,0.0004
8749,LW,4,0.0004
8750,LWA,4,0.0004
8751,LWB,4,0.0004
8752,LWC,4,0.0004
8753,LWD,4,0.0004
8754,LWE,4,0.0004
8755,LWF,4,0.0004
8756,LWG,4,0.0004
8757,LWH,4,0.0004
8758,LWI,4,0.0004
8759,LWJ,4,0.0004
8760,LWK,4,0.0004
8761,LWL,4,0.0004
8762,LWM,4,0.0004
8763,LWN,4,0.0004
8764,LWO,4,0.0004
8765,LWP,4,0.0004
8766,LWQ,4,0.0004
8767,LWR,4,0.0004
8768,LWS,4,0.0004
8769,LWT,4,0.0004
8770,LWU,4,0.0004
8771,LWV,4,0.0004
8772,LWW,4,0.0004
8773,LWX,4,0.0004
8774,LWY,4,0.0004
8775,LWZ,4,0.0004
8776,LXA,4,0.0004
8777,LXB,4,0.0004
8778,LXC,4,0.0004
8779,LXD,4,0.0004
8780,LXE,4,0.0004
8781,LXF,4,0.0004
8782,LXG,4,0.0004
8783,LXH,4,0.0004
8784,LXI,4,0.0004
8785,LXJ,4,0.0004
8786,LXK,4,0.0004
8787,LXL,4,0.0004
8788,LXM,4,0.0004
8789,LXN,4,0.0004
8790,LXO,4,0.0004
8791,LXP,4,0.0004
8792,LXQ,4,0.0004
8793,LXR,4,0.0004
8794,LXS,4,0.0004
8795,LXT,4,0.0004
8796,LXU,4,0.0004
8797,LXV,4,0.0004
8798,LXW,4,0.0004
8799,LXX,4,0.0004
8800,LXY,4,0.0004
8801,LXZ,4,0.0004
8802,LY,4,0.0004
8803,LYA,4,0.0004
8804,LYB,4,0.0004
8805,LYC,4,0.0004
8806,LYD,4,0.0004
8807,LYE,4,0.0004
8808,LYF,4,0.0004
8809,LYG,4,0.0004
8810,LYH,4,0.0004
8811,LYI,4,0.0004
8812,LYJ,4,0.0004
8813,LYK,4,0.0004
8814,LYL,4,0.0004
8815,LYM,4,0.0004
8816,LYN,4,0.0004
8817,LYO,4,0.0004
8818,LYP,4,0.0004
8819,LYQ,4,0.0004
8820,LYR,4,0.0004
8821,LYS,4,0.0004
8822,LYT,4,0.0004
8823,LYU,4,0.0004
8824,LYV,4,0.0004
8825,LYW,4,0.0004
8826,LYX,4,0.0004
8827,LYY,4,0.0004
8828,LYZ,4,0.0004
8829,LZ,4,0.0004
8830,LZA,4,0.0004
8831,LZB,4,0.0004
8832,LZC,4,0.0004
8833,LZD,4,0.0004
8834,LZE,4,0.0004
8835,LZF,4,0.0004
8836,LZG,4,0.0004
8837,LZH,4,0.0004
8838,LZI,4,0.0004
8839,LZJ,4,0.0004
8840,LZK,4,0.0004
8841,LZL,4,0.0004
8842,LZM,4,0.0004
8843,LZN,4,0.0004
8844,LZO,4,0.0004
8845,LZP,4,0.0004
8846,LZQ,4,0.0004
8847,LZR,4,0.0004
8848,LZS,4,0.0004
8849,LZT,4,0.0004
8850,LZU,4,0.0004
8851,LZV,4,0.0004
8852,LZW,4,0.0004
8853,LZX,4,0.0004
8854,LZY,4,0.0004
8855,LZZ,4,0.0004
8856,M,4,0.0004
8857,MAA,4,0.0004
8858,MAB,4,0.0004
8859,MAD,4,0.0004
8860,MAE,4,0.0004
8861,MAF,4,0.0004
8862,MAG,4,0.0004
8863,MAH,4,0.0004
8864,MAI,4,0.0004
8865,MAJ,4,0.0004
8866,MAK,4,0.0004
8867,MAL,4,0.0004
8868,MAM,4,0.0004
8869,MAN,4,0.0004
8870,MAO,4,0.0004
8871,MAQ,4,0.0004
8872,MAR,4,0.0004
8873,MAS,4,0.0004
8874,MAT,4,0.0004
8875,MAU,4,0.0004
8876,MAV,4,0.0004
8877,MAW,4,0.0004
8878,MAY,4,0.0004
8879,MAZ,4,0.0004
8880,MB,4,0.0004
8881,MBA,4,0.0004
8882,MBB,4,0.0004
8883,MBC,4,0.0004
8884,MBD,4,0.0004
8885,MBE,4,0.0004
8886,MBF,4,0.0004
8887,MBG,4,0.0004
8888,MBH,4,0.0004
8889,MBI,4,0.0004
8890,MBJ,4,0.0004
8891,MBK,4,0.0004
8892,MBL,4,0.0004
8893,MBM,4,0.0004
8894,MBN,4,0.0004
8895,MBO,4,0.0004
8896,MBP,4,0.0004
8897,MBQ,4,0.0004
8898,MBR,4,0.0004
8899,MBS,4,0.0004
8900,MBT,4,0.0004
8901,MBU,4,0.0004
8902,MBV,4,0.0004
8903,MBW,4,0.0004
8904,MBX,4,0.0004
8905,MBY,4,0.0004
8906,MBZ,4,0.0004
8907,MCA,4,0.0004
8908,MCB,4,0.0004
8909,MCC,4,0.0004
8910,MCD,4,0.0004
8911,MCE,4,0.0004
8912,MCF,4,0.0004
8913,MCG,4,0.0004
8914,MCH,4,0.0004
8915,MCI,4,0.0004
8916,MCJ,4,0.0004
8917,MCK,4,0.0004
8918,MCL,4,0.0004
8919,MCM,4,0.0004
8920,MCN,4,0.0004
8921,MCO,4,0.0004
8922,MCP,4,0.0004
8923,MCQ,4,0.0004
8924,MCR,4,0.0004
8925,MCS,4,0.0004
8926,MCT,4,0.0004
8927,MCU,4,0.0004
8928,MCV,4,0.0004
8929,MCW,4,0.0004
8930,MCX,4,0.0004
8931,MCY,4,0.0004
8932,MCZ,4,0.0004
8933,MD,4,0.0004
8934,MDA,4,0.0004
8935,MDB,4,0.0004
8936,MDC,4,0.0004
8937,MDD,4,0.0004
8938,MDE,4,0.0004
8939,MDF,4,0.0004
8940,MDG,4,0.0004
8941,MDH,4,0.0004
8942,MDI,4,0.0004
8943,MDJ,4,0.0004
8944,MDK,4,0.0004
8945,MDL,4,0.0004
8946,MDM,4,0.0004
8947,MDN,4,0.0004
8948,MDO,4,0.0004
8949,MDP,4,0.0004
8950,MDQ,4,0.0004
8951,MDR,4,0.0004
8952,MDS,4,0.0004
8953,MDT,4,0.0004
8954,MDU,4,0.0004
8955,MDV,4,0.0004
8956,MDW,4,0.0004
8957,MDX,4,0.0004
8958,MDY,4,0.0004
8959,MDZ,4,0.0004
8960,ME,4,0.0004
8961,MEA,4,0.0004
8962,MEB,4,0.0004
8963,MEC,4,0.0004
8964,MED,4,0.0004
8965,MEE,4,0.0004
8966,MEF,4,0.0004
8967,MEG,4,0.0004
8968,MEH,4,0.0004
8969,MEI,4,0.0004
8970,MEJ,4,0.0004
8971,MEK,4,0.0004
8972,MEL,4,0.0004
8973,MEM,4,0.0004
8974,MEN,4,0.0004
8975,MEO,4,0.0004
8976,MEP,4,0.0004
8977,MEQ,4,0.0004
8978,MER,4,0.0004
8979,MES,4,0.0004
8980,MET,4,0.0004
8981,MEU,4,0.0004
8982,MEV,4,0.0004
8983,MEW,4,0.0004
8984,MEX,4,0.0004
8985,MEY,4,0.0004
8986,MEZ,4,0.0004
8987,MF,4,0.0004
8988,MFA,4,0.0004
8989,MFB,4,0.0004
8990,MFC,4,0.0004
8991,MFD,4,0.0004
8992,MFE,4,0.0004
8993,MFF,4,0.0004
8994,MFG,4,0.0004
8995,MFH,4,0.0004
8996,MFI,4,0.0004
8997,MFJ,4,0.0004
8998,MFK,4,0.0004
8999,MFL,4,0.0004
9000,MFM,4,0.0004
9001,MFN,4,0.0004
9002,MFO,4,0.0004
9003,MFP,4,0.0004
9004,MFQ,4,0.0004
9005,MFR,4,0.0004
9006,MFS,4,0.0004
9007,MFT,4,0.0004
9008,MFU,4,0.0004
9009,MFV,4,0.0004
9010,MFW,4,0.0004
9011,MFX,4,0.0004
9012,MFY,4,0.0004
9013,MFZ,4,0.0004
9014,MG,4,0.0004
9015,MGA,4,0.0004
9016,MGB,4,0.0004
9017,MGC,4,0.0004
9018,MGD,4,0.0004
9019,MGE,4,0.0004
9020,MGF,4,0.0004
9021,MGG,4,0.0004
9022,MGH,4,0.0004
9023,MGI,4,0.0004
9024,MGJ,4,0.0004
9025,MGK,4,0.0004
9026,MGL,4,0.0004
9027,MGM,4,0.0004
9028,MGN,4,0.0004
9029,MGO,4,0.0004
9030,MGP,4,0.0004
9031,MGQ,4,0.0004
9032,MGR,4,0.0004
9033,MGS,4,0.0004
9034,MGT,4,0.0004
9035,MGU,4,0.0004
9036,MGV,4,0.0004
9037,MGW,4,0.0004
9038,MGX,4,0.0004
9039,MGY,4,0.0004
9040,MGZ,4,0.0004
9041,MHA,4,0.0004
9042,MHB,4,0.0004
9043,MHC,4,0.0004
9044,MHD,4,0.0004
9045,MHE,4,0.0004
9046,MHF,4,0.0004
9047,MHG,4,0.0004
9048,MHH,4,0.0004
9049,MHI,4,0.0004
9050,MHJ,4,0.0004
9051,MHK,4,0.0004
9052,MHL,4,0.0004
9053,MHM,4,0.0004
9054,MHN,4,0.0004
9055,MHO,4,0.0004
9056,MHP,4,0.0004
9057,MHQ,4,0.0004
9058,MHR,4,0.0004
9059,MHS,4,0.0004
9060,MHT,4,0.0004
9061,MHU,4,0.0004
9062,MHV,4,0.0004
9063,MHW,4,0.0004
9064,MHX,4,0.0004
9065,MHY,4,0.0004
9066,MHZ,4,0.0004
9067,MI,4,0.0004
9068,MIB,4,0.0004
9069,MIC,4,0.0004
9070,MID,4,0.0004
9071,MIE,4,0.0004
9072,MIF,4,0.0004
9073,MIG,4,0.0004
9074,MIH,4,0.0004
9075,MII,4,0.0004
9076,MIJ,4,0.0004
9077,MIK,4,0.0004
9078,MIL,4,0.0004
9079,MIM,4,0.0004
9080,MIN,4,0.0004
9081,MIO,4,0.0004
9082,MIP,4,0.0004
9083,MIQ,4,0.0004
9084,MIR,4,0.0004
9085,MIS,4,0.0004
9086,MIT,4,0.0004
9087,MIU,4,0.0004
9088,MIV,4,0.0004
9089,MIW,4,0.0004
9090,MIX,4,0.0004
9091,MIY,4,0.0004
9092,MIZ,4,0.0004
9093,MJ,4,0.0004
9094,MJA,4,0.0004
9095,MJB,4,0.0004
9096,MJC,4,0.0004
9097,MJD,4,0.0004
9098,MJE,4,0.0004
9099,MJF,4,0.0004
9100,MJG,4,0.0004
9101,MJH,4,0.0004
9102,MJI,4,0.0004
9103,MJJ,4,0.0004
9104,MJK,4,0.0004
9105,MJL,4,0.0004
9106,MJM,4,0.0004
9107,MJN,4,0.0004
9108,MJO,4,0.0004
9109,MJP,4,0.0004
9110,MJQ,4,0.0004
9111,MJR,4,0.0004
9112,MJS,4,0.0004
9113,MJT,4,0.0004
9114,MJU,4,0.0004
9115,MJV,4,0.0004
9116,MJW,4,0.0004
9117,MJX,4,0.0004
9118,MJY,4,0.0004
9119,MJZ,4,0.0004
9120,MK,4,0.0004
9121,MKA,4,0.0004
9122,MKB,4,0.0004
9123,MKC,4,0.0004
9124,MKD,4,0.0004
9125,MKE,4,0.0004
9126,MKF,4,0.0004
9127,MKG,4,0.0004
9128,MKH,4,0.0004
9129,MKI,4,0.0004
9130,MKJ,4,0.0004
9131,MKK,4,0.0004
9132,MKL,4,0.0004
9133,MKM,4,0.0004
9134,MKN,4,0.0004
9135,MKO,4,0.0004
9136,MKP,4,0.0004
9137,MKQ,4,0.0004
9138,MKR,4,0.0004
9139,MKS,4,0.0004
9140,MKT,4,0.0004
9141,MKU,4,0.0004
9142,MKV,4,0.0004
9143,MKW,4,0.0004
9144,MKX,4,0.0004
9145,MKY,4,0.0004
9146,MKZ,4,0.0004
9147,ML,4,0.0004
9148,MLA,4,0.0004
9149,MLB,4,0.0004
9150,MLC,4,0.0004
9151,MLD,4,0.0004
9152,MLE,4,0.0004
9153,MLF,4,0.0004
9154,MLG,4,0.0004
9155,MLH,4,0.0004
9156,MLI,4,0.0004
9157,MLJ,4,0.0004
9158,MLK,4,0.0004
9159,MLL,4,0.0004
9160,MLM,4,0.0004
9161,MLN,4,0.0004
9162,MLO,4,0.0004
9163,MLP,4,0.0004
9164,MLQ,4,0.0004
9165,MLR,4,0.0004
9166,MLS,4,0.0004
9167,MLT,4,0.0004
9168,MLU,4,0.0004
9169,MLV,4,0.0004
9170,MLW,4,0.0004
9171,MLX,4,0.0004
9172,MLY,4,0.0004
9173,MLZ,4,0.0004
9174,MM,4,0.0004
9175,MMA,4,0.0004
9176,MMB,4,0.0004
9177,MMC,4,0.0004
9178,MMD,4,0.0004
9179,MME,4,0.0004
9180,MMF,4,0.0004
9181,MMG,4,0.0004
9182,MMH,4,0.0004
9183,MMI,4,0.0004
9184,MMJ,4,0.0004
9185,MMK,4,0.0004
9186,MML,4,0.0004
9187,MMM,4,0.0004
9188,MMN,4,0.0004
9189,MMO,4,0.0004
9190,MMP,4,0.0004
9191,MMQ,4,0.0004
9192,MMR,4,0.0004
9193,MMS,4,0.0004
9194,MMT,4,0.0004
9195,MMU,4,0.0004
9196,MMV,4,0.0004
9197,MMW,4,0.0004
9198,MMX,4,0.0004
9199,MMY,4,0.0004
9200,MMZ,4,0.0004
9201,MN,4,0.0004
9202,MNA,4,0.0004
9203,MNB,4,0.0004
9204,MNC,4,0.0004
9205,MND,4,0.0004
9206,MNE,4,0.0004
9207,MNF,4,0.0004
9208,MNG,4,0.0004
9209,MNH,4,0.0004
9210,MNI,4,0.0004
9211,MNJ,4,0.0004
9212,MNK,4,0.0004
9213,MNL,4,0.0004
9214,MNM,4,0.0004
9215,MNN,4,0.0004
9216,MNO,4,0.0004
9217,MNP,4,0.0004
9218,MNQ,4,0.0004
9219,MNR,4,0.0004
9220,MNS,4,0.0004
9221,MNT,4,0.0004
9222,MNU,4,0.0004
9223,MNV,4,0.0004
9224,MNW,4,0.0004
9225,MNX,4,0.0004
9226,MNY,4,0.0004
9227,MNZ,4,0.0004
9228,MO,4,0.0004
9229,MOA,4,0.0004
9230,MOB,4,0.0004
9231,MOC,4,0.0004
9232,MOD,4,0.0004
9233,MOE,4,0.0004
9234,MOF,4,0.0004
9235,MOG,4,0.0004
9236,MOH,4,0.0004
9237,MOI,4,0.0004
9238,MOJ,4,0.0004
9239,MOK,4,0.0004
9240,MOL,4,0.0004
9241,MOM,4,0.0004
9242,MON,4,0.0004
9243,MOO,4,0.0004
9244,MOP,4,0.0004
9245,MOQ,4,0.0004
9246,MOR,4,0.0004
9247,MOS,4,0.0004
9248,MOT,4,0.0004
9249,MOU,4,0.0004
9250,MOV,4,0.0004
9251,MOW,4,0.0004
9252,MOX,4,0.0004
9253,MOY,4,0.0004
9254,MOZ,4,0.0004
9255,MP,4,0.0004
9256,MPA,4,0.0004
9257,MPB,4,0.0004
9258,MPC,4,0.0004
9259,MPD,4,0.0004
9260,MPE,4,0.0004
9261,MPF,4,0.0004
9262,MPG,4,0.0004
9263,MPH,4,0.0004
9264,MPI,4,0.0004
9265,MPJ,4,0.0004
9266,MPK,4,0.0004
9267,MPL,4,0.0004
9268,MPM,4,0.0004
9269,MPN,4,0.0004
9270,MPO,4,0.0004
9271,MPP,4,0.0004
9272,MPQ,4,0.0004
9273,MPR,4,0.0004
9274,MPS,4,0.0004
9275,MPT,4,0.0004
9276,MPU,4,0.0004
9277,MPV,4,0.0004
9278,MPW,4,0.0004
9279,MPX,4,0.0004
9280,MPY,4,0.0004
9281,MPZ,4,0.0004
9282,MQ,4,0.0004
9283,MQA,4,0.0004
9284,MQB,4,0.0004
9285,MQC,4,0.0004
9286,MQD,4,0.0004
9287,MQE,4,0.0004
9288,MQF,4,0.0004
9289,MQG,4,0.0004
9290,MQH,4,0.0004
9291,MQI,4,0.0004
9292,MQJ,4,0.0004
9293,MQK,4,0.0004
9294,MQL,4,0.0004
9295,MQM,4,0.0004
9296,MQN,4,0.0004
9297,MQO,4,0.0004
9298,MQP,4,0.0004
9299,MQQ,4,0.0004
9300,MQR,4,0.0004
9301,MQS,4,0.0004
9302,MQT,4,0.0004
9303,MQU,4,0.0004
9304,MQV,4,0.0004
9305,MQW,4,0.0004
9306,MQX,4,0.0004
9307,MQY,4,0.0004
9308,MQZ,4,0.0004
9309,MR,4,0.0004
9310,MRA,4,0.0004
9311,MRB,4,0.0004
9312,MRC,4,0.0004
9313,MRD,4,0.0004
9314,MRE,4,0.0004
9315,MRF,4,0.0004
9316,MRG,4,0.0004
9317,MRH,4,0.0004
9318,MRI,4,0.0004
9319,MRJ,4,0.0004
9320,MRK,4,0.0004
9321,MRL,4,0.0004
9322,MRM,4,0.0004
9323,MRN,4,0.0004
9324,MRO,4,0.0004
9325,MRP,4,0.0004
9326,MRQ,4,0.0004
9327,MRR,4,0.0004
9328,MRS,4,0.0004
9329,MRT,4,0.0004
9330,MRU,4,0.0004
9331,MRV,4,0.0004
9332,MRW,4,0.0004
9333,MRX,4,0.0004
9334,MRY,4,0.0004
9335,MRZ,4,0.0004
9336,MSA,4,0.0004
9337,MSB,4,0.0004
9338,MSC,4,0.0004
9339,MSD,4,0.0004
9340,MSE,4,0.0004
9341,MSF,4,0.0004
9342,MSG,4,0.0004
9343,MSH,4,0.0004
9344,MSI,4,0.0004
9345,MSJ,4,0.0004
9346,MSK,4,0.0004
9347,MSL,4,0.0004
9348,MSM,4,0.0004
9349,MSN,4,0.0004
9350,MSO,4,0.0004
9351,MSP,4,0.0004
9352,MSQ,4,0.0004
9353,MSR,4,0.0004
9354,MSS,4,0.0004
9355,MST,4,0.0004
9356,MSU,4,0.0004
9357,MSV,4,0.0004
9358,MSW,4,0.0004
9359,MSX,4,0.0004
9360,MSY,4,0.0004
9361,MSZ,4,0.0004
9362,MT,4,0.0004
9363,MTA,4,0.0004
9364,MTB,4,0.0004
9365,MTC,4,0.0004
9366,MTD,4,0.0004
9367,MTE,4,0.0004
9368,MTF,4,0.0004
9369,MTG,4,0.0004
9370,MTH,4,0.0004
9371,MTI,4,0.0004
9372,MTJ,4,0.0004
9373,MTK,4,0.0004
9374,MTL,4,0.0004
9375,MTM,4,0.0004
9376,MTN,4,0.0004
9377,MTO,4,0.0004
9378,MTP,4,0.0004
9379,MTQ,4,0.0004
9380,MTR,4,0.0004
9381,MTS,4,0.0004
9382,MTT,4,0.0004
9383,MTU,4,0.0004
9384,MTV,4,0.0004
9385,MTW,4,0.0004
9386,MTX,4,0.0004
9387,MTY,4,0.0004
9388,MTZ,4,0.0004
9389,MU,4,0.0004
9390,MUA,4,0.0004
9391,MUB,4,0.0004
9392,MUC,4,0.0004
9393,MUD,4,0.0004
9394,MUE,4,0.0004
9395,MUF,4,0.0004
9396,MUG,4,0.0004
9397,MUH,4,0.0004
9398,MUI,4,0.0004
9399,MUJ,4,0.0004
9400,MUK,4,0.0004
9401,MUL,4,0.0004
9402,MUM,4,0.0004
9403,MUN,4,0.0004
9404,MUO,4,0.0004
9405,MUP,4,0.0004
9406,MUQ,4,0.0004
9407,MUR,4,0.0004
9408,MUS,4,0.0004
9409,MUT,4,0.0004
9410,MUU,4,0.0004
9411,MUV,4,0.0004
9412,MUW,4,0.0004
9413,MUX,4,0.0004
9414,MUY,4,0.0004
9415,MUZ,4,0.0004
9416,MV,4,0.0004
9417,MVA,4,0.0004
9418,MVB,4,0.0004
9419,MVC,4,0.0004
9420,MVD,4,0.0004
9421,MVE,4,0.0004
9422,MVF,4,0.0004
9423,MVG,4,0.0004
9424,MVH,4,0.0004
9425,MVI,4,0.0004
9426,MVJ,4,0.0004
9427,MVK,4,0.0004
9428,MVL,4,0.0004
9429,MVM,4,0.0004
9430,MVN,4,0.0004
9431,MVO,4,0.0004
9432,MVP,4,0.0004
9433,MVQ,4,0.0004
9434,MVR,4,0.0004
9435,MVS,4,0.0004
9436,MVT,4,0.0004
9437,MVU,4,0.0004
9438,MVV,4,0.0004
9439,MVW,4,0.0004
9440,MVX,4,0.0004
9441,MVY,4,0.0004
9442,MVZ,4,0.0004
9443,MW,4,0.0004
9444,MWA,4,0.0004
9445,MWB,4,0.0004
9446,MWC,4,0.0004
9447,MWD,4,0.0004
9448,MWE,4,0.0004
9449,MWF,4,0.0004
9450,MWG,4,0.0004
9451,MWH,4,0.0004
9452,MWI,4,0.0004
9453,MWJ,4,0.0004
9454,MWK,4,0.0004
9455,MWL,4,0.0004
9456,MWM,4,0.0004
9457,MWN,4,0.0004
9458,MWO,4,0.0004
9459,MWP,4,0.0004
9460,MWQ,4,0.0004
9461,MWR,4,0.0004
9462,MWS,4,0.0004
9463,MWT,4,0.0004
9464,MWU,4,0.0004
9465,MWV,4,0.0004
9466,MWW,4,0.0004
9467,MWX,4,0.0004
9468,MWY,4,0.0004
9469,MWZ,4,0.0004
9470,MX,4,0.0004
9471,MXA,4,0.0004
9472,MXB,4,0.0004
9473,MXC,4,0.0004
9474,MXD,4,0.0004
9475,MXE,4,0.0004
9476,MXF,4,0.0004
9477,MXG,4,0.0004
9478,MXH,4,0.0004
9479,MXI,4,0.0004
9480,MXJ,4,0.0004
9481,MXK,4,0.0004
9482,MXL,4,0.0004
9483,MXM,4,0.0004
9484,MXN,4,0.0004
9485,MXO,4,0.0004
9486,MXP,4,0.0004
9487,MXQ,4,0.0004
9488,MXR,4,0.0004
9489,MXS,4,0.0004
9490,MXT,4,0.0004
9491,MXU,4,0.0004
9492,MXV,4,0.0004
9493,MXW,4,0.0004
9494,MXX,4,0.0004
9495,MXY,4,0.0004
9496,MXZ,4,0.0004
9497,MY,4,0.0004
9498,MYA,4,0.0004
9499,MYB,4,0.0004
9500,MYC,4,0.0004
9501,MYD,4,0.0004
9502,MYE,4,0.0004
9503,MYF,4,0.0004
9504,MYG,4,0.0004
9505,MYH,4,0.0004
9506,MYI,4,0.0004
9507,MYJ,4,0.0004
9508,MYK,4,0.0004
9509,MYL,4,0.0004
9510,MYM,4,0.0004
9511,MYN,4,0.0004
9512,MYO,4,0.0004
9513,MYP,4,0.0004
9514,MYQ,4,0.0004
9515,MYR,4,0.0004
9516,MYS,4,0.0004
9517,MYT,4,0.0004
9518,MYU,4,0.0004
9519,MYV,4,0.0004
9520,MYW,4,0.0004
9521,MYX,4,0.0004
9522,MYY,4,0.0004
9523,MYZ,4,0.0004
9524,MZ,4,0.0004
9525,MZA,4,0.0004
9526,MZB,4,0.0004
9527,MZC,4,0.0004
9528,MZD,4,0.0004
9529,MZE,4,0.0004
9530,MZF,4,0.0004
9531,MZG,4,0.0004
9532,MZH,4,0.0004
9533,MZI,4,0.0004
9534,MZJ,4,0.0004
9535,MZK,4,0.0004
9536,MZL,4,0.0004
9537,MZM,4,0.0004
9538,MZN,4,0.0004
9539,MZO,4,0.0004
9540,MZP,4,0.0004
9541,MZQ,4,0.0004
9542,MZR,4,0.0004
9543,MZS,4,0.0004
9544,MZT,4,0.0004
9545,MZU,4,0.0004
9546,MZV,4,0.0004
9547,MZW,4,0.0004
9548,MZX,4,0.0004
9549,MZY,4,0.0004
9550,MZZ,4,0.0004
9551,N,4,0.0004
9552,NA,4,0.0004
9553,NAA,4,0.0004
9554,NAB,4,0.0004
9555,NAC,4,0.0004
9556,NAD,4,0.0004
9557,NAE,4,0.0004
9558,NAF,4,0.0004
9559,NAG,4,0.0004
9560,NAH,4,0.0004
9561,NAI,4,0.0004
9562,NAJ,4,0.0004
9563,NAK,4,0.0004
9564,NAL,4,0.0004
9565,NAM,4,0.0004
9566,NAN,4,0.0004
9567,NAO,4,0.0004
9568,NAP,4,0.0004
9569,NAQ,4,0.0004
9570,NAR,4,0.0004
9571,NAT,4,0.0004
9572,NAU,4,0.0004
9573,NAV,4,0.0004
9574,NAW,4,0.0004
9575,NAX,4,0.0004
9576,NAY,4,0.0004
9577,NAZ,4,0.0004
9578,NB,4,0.0004
9579,NBA,4,0.0004
9580,NBB,4,0.0004
9581,NBC,4,0.0004
9582,NBD,4,0.0004
9583,NBE,4,0.0004
9584,NBF,4,0.0004
9585,NBG,4,0.0004
9586,NBH,4,0.0004
9587,NBI,4,0.0004
9588,NBJ,4,0.0004
9589,NBK,4,0.0004
9590,NBL,4,0.0004
9591,NBM,4,0.0004
9592,NBN,4,0.0004
9593,NBO,4,0.0004
9594,NBP,4,0.0004
9595,NBQ,4,0.0004
9596,NBR,4,0.0004
9597,NBS,4,0.0004
9598,NBT,4,0.0004
9599,NBU,4,0.0004
9600,NBV,4,0.0004
9601,NBW,4,0.0004
9602,NBX,4,0.0004
9603,NBY,4,0.0004
9604,NBZ,4,0.0004
9605,NC,4,0.0004
9606,NCA,4,0.0004
9607,NCB,4,0.0004
9608,NCC,4,0.0004
9609,NCD,4,0.0004
9610,NCE,4,0.0004
9611,NCF,4,0.0004
9612,NCG,4,0.0004
9613,NCH,4,0.0004
9614,NCI,4,0.0004
9615,NCJ,4,0.0004
9616,NCK,4,0.0004
9617,NCL,4,0.0004
9618,NCM,4,0.0004
9619,NCN,4,0.0004
9620,NCO,4,0.0004
9621,NCP,4,0.0004
9622,NCQ,4,0.0004
9623,NCR,4,0.0004
9624,NCS,4,0.0004
9625,NCT,4,0.0004
9626,NCU,4,0.0004
9627,NCV,4,0.0004
9628,NCW,4,0.0004
9629,NCX,4,0.0004
9630,NCY,4,0.0004
9631,NCZ,4,0.0004
9632,ND,4,0.0004
9633,NDA,4,0.0004
9634,NDB,4,0.0004
9635,NDC,4,0.0004
9636,NDD,4,0.0004
9637,NDE,4,0.0004
9638,NDF,4,0.0004
9639,NDG,4,0.0004
9640,NDH,4,0.0004
9641,NDI,4,0.0004
9642,NDJ,4,0.0004
9643,NDK,4,0.0004
9644,NDL,4,0.0004
9645,NDM,4,0.0004
9646,NDN,4,0.0004
9647,NDO,4,0.0004
9648,NDP,4,0.0004
9649,NDQ,4,0.0004
9650,NDR,4,0.0004
9651,NDS,4,0.0004
9652,NDT,4,0.0004
9653,NDU,4,0.0004
9654,NDV,4,0.0004
9655,NDW,4,0.0004
9656,NDX,4,0.0004
9657,NDY,4,0.0004
9658,NDZ,4,0.0004
9659,NE,4,0.0004
9660,NEA,4,0.0004
9661,NEB,4,0.0004
9662,NEC,4,0.0004
9663,NED,4,0.0004
9664,NEE,4,0.0004
9665,NEF,4,0.0004
9666,NEG,4,0.0004
9667,NEH,4,0.0004
9668,NEI,4,0.0004
9669,NEJ,4,0.0004
9670,NEK,4,0.0004
9671,NEL,4,0.0004
9672,NEM,4,0.0004
9673,NEN,4,0.0004
9674,NEO,4,0.0004
9675,NEP,4,0.0004
9676,NEQ,4,0.0004
9677,NER,4,0.0004
9678,NES,4,0.0004
9679,NET,4,0.0004
9680,NEU,4,0.0004
9681,NEV,4,0.0004
9682,NEX,4,0.0004
9683,NEY,4,0.0004
9684,NEZ,4,0.0004
9685,NF,4,0.0004
9686,NFA,4,0.0004
9687,NFB,4,0.0004
9688,NFC,4,0.0004
9689,NFD,4,0.0004
9690,NFE,4,0.0004
9691,NFF,4,0.0004
9692,NFG,4,0.0004
9693,NFH,4,0.0004
9694,NFI,4,0.0004
9695,NFJ,4,0.0004
9696,NFK,4,0.0004
9697,NFL,4,0.0004
9698,NFM,4,0.0004
9699,NFN,4,0.0004
9700,NFO,4,0.0004
9701,NFP,4,0.0004
9702,NFQ,4,0.0004
9703,NFR,4,0.0004
9704,NFS,4,0.0004
9705,NFT,4,0.0004
9706,NFU,4,0.0004
9707,NFV,4,0.0004
9708,NFW,4,0.0004
9709,NFX,4,0.0004
9710,NFY,4,0.0004
9711,NFZ,4,0.0004
9712,NG,4,0.0004
9713,NGA,4,0.0004
9714,NGB,4,0.0004
9715,NGC,4,0.0004
9716,NGD,4,0.0004
9717,NGE,4,0.0004
9718,NGF,4,0.0004
9719,NGG,4,0.0004
9720,NGH,4,0.0004
9721,NGI,4,0.0004
9722,NGJ,4,0.0004
9723,NGK,4,0.0004
9724,NGL,4,0.0004
9725,NGM,4,0.0004
9726,NGN,4,0.0004
9727,NGO,4,0.0004
9728,NGP,4,0.0004
9729,NGQ,4,0.0004
9730,NGR,4,0.0004
9731,NGS,4,0.0004
9732,NGT,4,0.0004
9733,NGU,4,0.0004
9734,NGV,4,0.0004
9735,NGW,4,0.0004
9736,NGX,4,0.0004
9737,NGY,4,0.0004
9738,NGZ,4,0.0004
9739,NH,4,0.0004
9740,NHA,4,0.0004
9741,NHB,4,0.0004
9742,NHC,4,0.0004
9743,NHD,4,0.0004
9744,NHE,4,0.0004
9745,NHF,4,0.0004
9746,NHG,4,0.0004
9747,NHH,4,0.0004
9748,NHI,4,0.0004
9749,NHJ,4,0.0004
9750,NHK,4,0.0004
9751,NHL,4,0.0004
9752,NHM,4,0.0004
9753,NHN,4,0.0004
9754,NHO,4,0.0004
9755,NHP,4,0.0004
9756,NHQ,4,0.0004
9757,NHR,4,0.0004
9758,NHS,4,0.0004
9759,NHT,4,0.0004
9760,NHU,4,0.0004
9761,NHV,4,0.0004
9762,NHW,4,0.0004
9763,NHX,4,0.0004
9764,NHY,4,0.0004
9765,NHZ,4,0.0004
9766,NI,4,0.0004
9767,NIA,4,0.0004
9768,NIB,4,0.0004
9769,NIC,4,0.0004
9770,NID,4,0.0004
9771,NIE,4,0.0004
9772,NIF,4,0.0004
9773,NIG,4,0.0004
9774,NIH,4,0.0004
9775,NII,4,0.0004
9776,NIJ,4,0.0004
9777,NIK,4,0.0004
9778,NIL,4,0.0004
9779,NIM,4,0.0004
9780,NIN,4,0.0004
9781,NIO,4,0.0004
9782,NIP,4,0.0004
9783,NIQ,4,0.0004
9784,NIR,4,0.0004
9785,NIS,4,0.0004
9786,NIT,4,0.0004
9787,NIU,4,0.0004
9788,NIV,4,0.0004
9789,NIW,4,0.0004
9790,NIX,4,0.0004
9791,NIY,4,0.0004
9792,NIZ,4,0.0004
9793,NJ,4,0.0004
9794,NJA,4,0.0004
9795,NJB,4,0.0004
9796,NJC,4,0.0004
9797,NJD,4,0.0004
9798,NJE,4,0.0004
9799,NJF,4,0.0004
9800,NJG,4,0.0004
9801,NJH,4,0.0004
9802,NJI,4,0.0004
9803,NJJ,4,0.0004
9804,NJK,4,0.0004
9805,NJL,4,0.0004
9806,NJM,4,0.0004
9807,NJN,4,0.0004
9808,NJO,4,0.0004
9809,NJP,4,0.0004
9810,NJQ,4,0.0004
9811,NJR,4,0.0004
9812,NJS,4,0.0004
9813,NJT,4,0.0004
9814,NJU,4,0.0004
9815,NJV,4,0.0004
9816,NJW,4,0.0004
9817,NJX,4,0.0004
9818,NJY,4,0.0004
9819,NJZ,4,0.0004
9820,NK,4,0.0004
9821,NKA,4,0.0004
9822,NKB,4,0.0004
9823,NKC,4,0.0004
9824,NKD,4,0.0004
9825,NKE,4,0.0004
9826,NKF,4,0.0004
9827,NKG,4,0.0004
9828,NKH,4,0.0004
9829,NKI,4,0.0004
9830,NKJ,4,0.0004
9831,NKK,4,0.0004
9832,NKL,4,0.0004
9833,NKM,4,0.0004
9834,NKN,4,0.0004
9835,NKO,4,0.0004
9836,NKP,4,0.0004
9837,NKQ,4,0.0004
9838,NKR,4,0.0004
9839,NKS,4,0.0004
9840,NKT,4,0.0004
9841,NKU,4,0.0004
9842,NKV,4,0.0004
9843,NKW,4,0.0004
9844,NKX,4,0.0004
9845,NKY,4,0.0004
9846,NKZ,4,0.0004
9847,NL,4,0.0004
9848,NLA,4,0.0004
9849,NLB,4,0.0004
9850,NLC,4,0.0004
9851,NLD,4,0.0004
9852,NLE,4,0.0004
9853,NLF,4,0.0004
9854,NLG,4,0.0004
9855,NLH,4,0.0004
9856,NLI,4,0.0004
9857,NLJ,4,0.0004
9858,NLK,4,0.0004
9859,NLL,4,0.0004
9860,NLM,4,0.0004
9861,NLN,4,0.0004
9862,NLO,4,0.0004
9863,NLP,4,0.0004
9864,NLQ,4,0.0004
9865,NLR,4,0.0004
9866,NLS,4,0.0004
9867,NLT,4,0.0004
9868,NLU,4,0.0004
9869,NLV,4,0.0004
9870,NLW,4,0.0004
9871,NLX,4,0.0004
9872,NLY,4,0.0004
9873,NLZ,4,0.0004
9874,NM,4,0.0004
9875,NMA,4,0.0004
9876,NMB,4,0.0004
9877,NMC,4,0.0004
9878,NMD,4,0.0004
9879,NME,4,0.0004
9880,NMF,4,0.0004
9881,NMG,4,0.0004
9882,NMH,4,0.0004
9883,NMI,4,0.0004
9884,NMJ,4,0.0004
9885,NMK,4,0.0004
9886,NML,4,0.0004
9887,NMM,4,0.0004
9888,NMN,4,0.0004
9889,NMO,4,0.0004
9890,NMP,4,0.0004
9891,NMQ,4,0.0004
9892,NMR,4,0.0004
9893,NMS,4,0.0004
9894,NMT,4,0.0004
9895,NMU,4,0.0004
9896,NMV,4,0.0004
9897,NMW,4,0.0004
9898,NMX,4,0.0004
9899,NMY,4,0.0004
9900,NMZ,4,0.0004
9901,NN,4,0.0004
9902,NNA,4,0.0004
9903,NNB,4,0.0004
9904,NNC,4,0.0004
9905,NND,4,0.0004
9906,NNE,4,0.0004
9907,NNF,4,0.0004
9908,NNG,4,0.0004
9909,NNH,4,0.0004
9910,NNI,4,0.0004
9911,NNJ,4,0.0004
9912,NNK,4,0.0004
9913,NNL,4,0.0004
9914,NNM,4,0.0004
9915,NNN,4,0.0004
9916,NNO,4,0.0004
9917,NNP,4,0.0004
9918,NNQ,4,0.0004
9919,NNR,4,0.0004
9920,NNS,4,0.0004
9921,NNT,4,0.0004
9922,NNU,4,0.0004
9923,NNV,4,0.0004
9924,NNW,4,0.0004
9925,NNX,4,0.0004
9926,NNY,4,0.0004
9927,NNZ,4,0.0004
9928,NO,4,0.0004
9929,NOA,4,0.0004
9930,NOB,4,0.0004
9931,NOC,4,0.0004
9932,NOD,4,0.0004
9933,NOE,4,0.0004
9934,NOF,4,0.0004
9935,NOG,4,0.0004
9936,NOH,4,0.0004
9937,NOI,4,0.0004
9938,NOJ,4,0.0004
9939,NOK,4,0.0004
9940,NOL,4,0.0004
9941,NOM,4,0.0004
9942,NON,4,0.0004
9943,NOO,4,0.0004
9944,NOP,4,0.0004
9945,NOQ,4,0.0004
9946,NOR,4,0.0004
9947,NOS,4,0.0004
9948,NOT,4,0.0004
9949,NOU,4,0.0004
9950,NOV,4,0.0004
9951,NOW,4,0.0004
9952,NOX,4,0.0004
9953,NOY,4,0.0004
9954,NOZ,4,0.0004
9955,NP,4,0.0004
9956,NPA,4,0.0004
9957,NPB,4,0.0004
9958,NPC,4,0.0004
9959,NPD,4,0.0004
9960,NPE,4,0.0004
9961,NPF,4,0.0004
9962,NPG,4,0.0004
9963,NPH,4,0.0004
9964,NPI,4,0.0004
9965,NPJ,4,0.0004
9966,NPK,4,0.0004
9967,NPL,4,0.0004
9968,NPM,4,0.0004
9969,NPN,4,0.0004
9970,NPO,4,0.0004
9971,NPP,4,0.0004
9972,NPQ,4,0.0004
9973,NPR,4,0.0004
9974,NPS,4,0.0004
9975,NPT,4,0.0004
9976,NPU,4,0.0004
9977,NPV,4,0.0004
9978,NPW,4,0.0004
9979,NPX,4,0.0004
9980,NPY,4,0.0004
9981,NPZ,4,0.0004
9982,NQ,4,0.0004
9983,NQA,4,0.0004
9984,NQB,4,0.0004
9985,NQC,4,0.0004
9986,NQD,4,0.0004
9987,NQE,4,0.0004
9988,NQF,4,0.0004
9989,NQG,4,0.0004
9990,NQH,4,0.0004
9991,NQI,4,0.0004
9992,NQJ,4,0.0004
9993,NQK,4,0.0004
9994,NQL,4,0.0004
9995,NQM,4,0.0004
9996,NQN,4,0.0004
9997,NQO,4,0.0004
9998,NQP,4,0.0004
9999,NQQ,4,0.0004
10000,NQR,4,0.0004
10001,NQS,4,0.0004
10002,NQT,4,0.0004
10003,NQU,4,0.0004
10004,NQV,4,0.0004
10005,NQW,4,0.0004
10006,NQX,4,0.0004
10007,NQY,4,0.0004
10008,NQZ,4,0.0004
10009,NR,4,0.0004
10010,NRA,4,0.0004
10011,NRB,4,0.0004
10012,NRC,4,0.0004
10013,NRD,4,0.0004
10014,NRE,4,0.0004
10015,NRF,4,0.0004
10016,NRG,4,0.0004
10017,NRH,4,0.0004
10018,NRI,4,0.0004
10019,NRJ,4,0.0004
10020,NRK,4,0.0004
10021,NRL,4,0.0004
10022,NRM,4,0.0004
10023,NRN,4,0.0004
10024,NRO,4,0.0004
10025,NRP,4,0.0004
10026,NRQ,4,0.0004
10027,NRR,4,0.0004
10028,NRS,4,0.0004
10029,NRT,4,0.0004
10030,NRU,4,0.0004
10031,NRV,4,0.0004
10032,NRW,4,0.0004
10033,NRX,4,0.0004
10034,NRY,4,0.0004
10035,NRZ,4,0.0004
10036,NS,4,0.0004
10037,NSA,4,0.0004
10038,NSB,4,0.0004
10039,NSC,4,0.0004
10040,NSD,4,0.0004
10041,NSE,4,0.0004
10042,NSF,4,0.0004
10043,NSG,4,0.0004
10044,NSH,4,0.0004
10045,NSI,4,0.0004
10046,NSJ,4,0.0004
10047,NSK,4,0.0004
10048,NSL,4,0.0004
10049,NSM,4,0.0004
10050,NSN,4,0.0004
10051,NSO,4,0.0004
10052,NSP,4,0.0004
10053,NSQ,4,0.0004
10054,NSR,4,0.0004
10055,NSS,4,0.0004
10056,NST,4,0.0004
10057,NSU,4,0.0004
10058,NSV,4,0.0004
10059,NSW,4,0.0004
10060,NSX,4,0.0004
10061,NSY,4,0.0004
10062,NSZ,4,0.0004
10063,NT,4,0.0004
10064,NTA,4,0.0004
10065,NTB,4,0.0004
10066,NTC,4,0.0004
10067,NTD,4,0.0004
10068,NTE,4,0.0004
10069,NTF,4,0.0004
10070,NTG,4,0.0004
10071,NTH,4,0.0004
10072,NTI,4,0.0004
10073,NTJ,4,0.0004
10074,NTK,4,0.0004
10075,NTL,4,0.0004
10076,NTM,4,0.0004
10077,NTN,4,0.0004
10078,NTO,4,0.0004
10079,NTP,4,0.0004
10080,NTQ,4,0.0004
10081,NTR,4,0.0004
10082,NTS,4,0.0004
10083,NTT,4,0.0004
10084,NTU,4,0.0004
10085,NTV,4,0.0004
10086,NTW,4,0.0004
10087,NTX,4,0.0004
10088,NTY,4,0.0004
10089,NTZ,4,0.0004
10090,NU,4,0.0004
10091,NUA,4,0.0004
10092,NUB,4,0.0004
10093,NUC,4,0.0004
10094,NUD,4,0.0004
10095,NUE,4,0.0004
10096,NUF,4,0.0004
10097,NUG,4,0.0004
10098,NUH,4,0.0004
10099,NUI,4,0.0004
10100,NUJ,4,0.0004
10101,NUK,4,0.0004
10102,NUL,4,0.0004
10103,NUM,4,0.0004
10104,NUN,4,0.0004
10105,NUO,4,0.0004
10106,NUP,4,0.0004
10107,NUQ,4,0.0004
10108,NUR,4,0.0004
10109,NUS,4,0.0004
10110,NUT,4,0.0004
10111,NUU,4,0.0004
10112,NUV,4,0.0004
10113,NUW,4,0.0004
10114,NUX,4,0.0004
10115,NUY,4,0.0004
10116,NUZ,4,0.0004
10117,NV,4,0.0004
10118,NVA,4,0.0004
10119,NVB,4,0.0004
10120,NVC,4,0.0004
10121,NVD,4,0.0004
10122,NVE,4,0.0004
10123,NVF,4,0.0004
10124,NVG,4,0.0004
10125,NVH,4,0.0004
10126,NVI,4,0.0004
10127,NVJ,4,0.0004
10128,NVK,4,0.0004
10129,NVL,4,0.0004
10130,NVM,4,0.0004
10131,NVN,4,0.0004
10132,NVO,4,0.0004
10133,NVP,4,0.0004
10134,NVQ,4,0.0004
10135,NVR,4,0.0004
10136,NVS,4,0.0004
10137,NVT,4,0.0004
10138,NVU,4,0.0004
10139,NVV,4,0.0004
10140,NVW,4,0.0004
10141,NVX,4,0.0004
10142,NVY,4,0.0004
10143,NVZ,4,0.0004
10144,NW,4,0.0004
10145,NWA,4,0.0004
10146,NWB,4,0.0004
10147,NWC,4,0.0004
10148,NWD,4,0.0004
10149,NWE,4,0.0004
10150,NWF,4,0.0004
10151,NWG,4,0.0004
10152,NWH,4,0.0004
10153,NWI,4,0.0004
10154,NWJ,4,0.0004
10155,NWK,4,0.0004
10156,NWL,4,0.0004
10157,NWM,4,0.0004
10158,NWN,4,0.0004
10159,NWO,4,0.0004
10160,NWP,4,0.0004
10161,NWQ,4,0.0004
10162,NWR,4,0.0004
10163,NWS,4,0.0004
10164,NWT,4,0.0004
10165,NWU,4,0.0004
10166,NWV,4,0.0004
10167,NWW,4,0.0004
10168,NWX,4,0.0004
10169,NWY,4,0.0004
10170,NWZ,4,0.0004
10171,NX,4,0.0004
10172,NXA,4,0.0004
10173,NXB,4,0.0004
10174,NXC,4,0.0004
10175,NXD,4,0.0004
10176,NXE,4,0.0004
10177,NXF,4,0.0004
10178,NXG,4,0.0004
10179,NXH,4,0.0004
10180,NXI,4,0.0004
10181,NXJ,4,0.0004
10182,NXK,4,0.0004
10183,NXL,4,0.0004
10184,NXM,4,0.0004
10185,NXN,4,0.0004
10186,NXO,4,0.0004
10187,NXP,4,0.0004
10188,NXQ,4,0.0004
10189,NXR,4,0.0004
10190,NXS,4,0.0004
10191,NXT,4,0.0004
10192,NXU,4,0.0004
10193,NXV,4,0.0004
10194,NXW,4,0.0004
10195,NXX,4,0.0004
10196,NXY,4,0.0004
10197,NXZ,4,0.0004
10198,NY,4,0.0004
10199,NYA,4,0.0004
10200,NYB,4,0.0004
10201,NYC,4,0.0004
10202,NYD,4,0.0004
10203,NYE,4,0.0004
10204,NYF,4,0.0004
10205,NYG,4,0.0004
10206,NYH,4,0.0004
10207,NYI,4,0.0004
10208,NYJ,4,0.0004
10209,NYK,4,0.0004
10210,NYL,4,0.0004
10211,NYM,4,0.0004
10212,NYN,4,0.0004
10213,NYO,4,0.0004
10214,NYP,4,0.0004
10215,NYQ,4,0.0004
10216,NYR,4,0.0004
10217,NYS,4,0.0004
10218,NYT,4,0.0004
10219,NYU,4,0.0004
10220,NYV,4,0.0004
10221,NYW,4,0.0004
10222,NYX,4,0.0004
10223,NYY,4,0.0004
10224,NYZ,4,0.0004
10225,NZ,4,0.0004
10226,NZA,4,0.0004
10227,NZB,4,0.0004
10228,NZC,4,0.0004
10229,NZD,4,0.0004
10230,NZE,4,0.0004
10231,NZF,4,0.0004
10232,NZG,4,0.0004
10233,NZH,4,0.0004
10234,NZI,4,0.0004
10235,NZJ,4,0.0004
10236,NZK,4,0.0004
10237,NZL,4,0.0004
10238,NZM,4,0.0004
10239,NZN,4,0.0004
10240,NZO,4,0.0004
10241,NZP,4,0.0004
10242,NZQ,4,0.0004
10243,NZR,4,0.0004
10244,NZS,4,0.0004
10245,NZT,4,0.0004
10246,NZU,4,0.0004
10247,NZV,4,0.0004
10248,NZW,4,0.0004
10249,NZX,4,0.0004
10250,NZY,4,0.0004
10251,NZZ,4,0.0004
10252,O,4,0.0004
10253,OA,4,0.0004
10254,OAA,4,0.0004
10255,OAB,4,0.0004
10256,OAC,4,0.0004
10257,OAD,4,0.0004
10258,OAE,4,0.0004
10259,OAF,4,0.0004
10260,OAG,4,0.0004
10261,OAH,4,0.0004
10262,OAI,4,0.0004
10263,OAJ,4,0.0004
10264,OAK,4,0.0004
10265,OAL,4,0.0004
10266,OAM,4,0.0004
10267,OAN,4,0.0004
10268,OAO,4,0.0004
10269,OAP,4,0.0004
10270,OAQ,4,0.0004
10271,OAR,4,0.0004
10272,OAS,4,0.0004
10273,OAT,4,0.0004
10274,OAU,4,0.0004
10275,OAV,4,0.0004
10276,OAW,4,0.0004
10277,OAX,4,0.0004
10278,OAY,4,0.0004
10279,OAZ,4,0.0004
10280,OB,4,0.0004
10281,OBA,4,0.0004
10282,OBB,4,0.0004
10283,OBC,4,0.0004
10284,OBD,4,0.0004
10285,OBE,4,0.0004
10286,OBF,4,0.0004
10287,OBG,4,0.0004
10288,OBH,4,0.0004
10289,OBI,4,0.0004
10290,OBJ,4,0.0004
10291,OBK,4,0.0004
10292,OBL,4,0.0004
10293,OBM,4,0.0004
10294,OBN,4,0.0004
10295,OBO,4,0.0004
10296,OBP,4,0.0004
10297,OBQ,4,0.0004
10298,OBR,4,0.0004
10299,OBS,4,0.0004
10300,OBT,4,0.0004
10301,OBU,4,0.0004
10302,OBV,4,0.0004
10303,OBW,4,0.0004
10304,OBX,4,0.0004
10305,OBY,4,0.0004
10306,OBZ,4,0.0004
10307,OC,4,0.0004
10308,OCA,4,0.0004
10309,OCB,4,0.0004
10310,OCC,4,0.0004
10311,OCD,4,0.0004
10312,OCE,4,0.0004
10313,OCF,4,0.0004
10314,OCG,4,0.0004
10315,OCH,4,0.0004
10316,OCI,4,0.0004
10317,OCJ,4,0.0004
10318,OCK,4,0.0004
10319,OCL,4,0.0004
10320,OCM,4,0.0004
10321,OCN,4,0.0004
10322,OCO,4,0.0004
10323,OCP,4,0.0004
10324,OCQ,4,0.0004
10325,OCR,4,0.0004
10326,OCS,4,0.0004
10327,OCT,4,0.0004
10328,OCU,4,0.0004
10329,OCV,4,0.0004
10330,OCW,4,0.0004
10331,OCX,4,0.0004
10332,OCY,4,0.0004
10333,OCZ,4,0.0004
10334,OD,4,0.0004
10335,ODA,4,0.0004
10336,ODB,4,0.0004
10337,ODC,4,0.0004
10338,ODD,4,0.0004
10339,ODE,4,0.0004
10340,ODF,4,0.0004
10341,ODG,4,0.0004
10342,ODH,4,0.0004
10343,ODI,4,0.0004
10344,ODJ,4,0.0004
10345,ODK,4,0.0004
10346,ODL,4,0.0004
10347,ODM,4,0.0004
10348,ODN,4,0.0004
10349,ODO,4,0.0004
10350,ODP,4,0.0004
10351,ODQ,4,0.0004
10352,ODR,4,0.0004
10353,ODS,4,0.0004
10354,ODT,4,0.0004
10355,ODU,4,0.0004
10356,ODV,4,0.0004
10357,ODW,4,0.0004
10358,ODX,4,0.0004
10359,ODY,4,0.0004
10360,ODZ,4,0.0004
10361,OE,4,0.0004
10362,OEA,4,0.0004
10363,OEB,4,0.0004
10364,OEC,4,0.0004
10365,OED,4,0.0004
10366,OEE,4,0.0004
10367,OEF,4,0.0004
10368,OEG,4,0.0004
10369,OEH,4,0.0004
10370,OEI,4,0.0004
10371,OEJ,4,0.0004
10372,OEK,4,0.0004
10373,OEL,4,0.0004
10374,OEM,4,0.0004
10375,OEN,4,0.0004
10376,OEO,4,0.0004
10377,OEP,4,0.0004
10378,OEQ,4,0.0004
10379,OER,4,0.0004
10380,OES,4,0.0004
10381,OET,4,0.0004
10382,OEU,4,0.0004
10383,OEV,4,0.0004
10384,OEW,4,0.0004
10385,OEX,4,0.0004
10386,OEY,4,0.0004
10387,OEZ,4,0.0004
10388,OF,4,0.0004
10389,OFA,4,0.0004
10390,OFB,4,0.0004
10391,OFC,4,0.0004
10392,OFD,4,0.0004
10393,OFE,4,0.0004
10394,OFF,4,0.0004
10395,OFG,4,0.0004
10396,OFH,4,0.0004
10397,OFI,4,0.0004
10398,OFJ,4,0.0004
10399,OFK,4,0.0004
10400,OFL,4,0.0004
10401,OFM,4,0.0004
10402,OFN,4,0.0004
10403,OFO,4,0.0004
10404,OFP,4,0.0004
10405,OFQ,4,0.0004
10406,OFR,4,0.0004
10407,OFS,4,0.0004
10408,OFT,4,0.0004
10409,OFU,4,0.0004
10410,OFV,4,0.0004
10411,OFW,4,0.0004
10412,OFX,4,0.0004
10413,OFY,4,0.0004
10414,OFZ,4,0.0004
10415,OG,4,0.0004
10416,OGA,4,0.0004
10417,OGB,4,0.0004
10418,OGC,4,0.0004
10419,OGD,4,0.0004
10420,OGE,4,0.0004
10421,OGF,4,0.0004
10422,OGG,4,0.0004
10423,OGH,4,0.0004
10424,OGI,4,0.0004
10425,OGJ,4,0.0004
10426,OGK,4,0.0004
10427,OGL,4,0.0004
10428,OGM,4,0.0004
10429,OGN,4,0.0004
10430,OGO,4,0.0004
10431,OGP,4,0.0004
10432,OGQ,4,0.0004
10433,OGR,4,0.0004
10434,OGS,4,0.0004
10435,OGT,4,0.0004
10436,OGU,4,0.0004
10437,OGV,4,0.0004
10438,OGW,4,0.0004
10439,OGX,4,0.0004
10440,OGY,4,0.0004
10441,OGZ,4,0.0004
10442,OH,4,0.0004
10443,OHA,4,0.0004
10444,OHB,4,0.0004
10445,OHC,4,0.0004
10446,OHD,4,0.0004
10447,OHE,4,0.0004
10448,OHF,4,0.0004
10449,OHG,4,0.0004
10450,OHH,4,0.0004
10451,OHI,4,0.0004
10452,OHJ,4,0.0004
10453,OHK,4,0.0004
10454,OHL,4,0.0004
10455,OHM,4,0.0004
10456,OHN,4,0.0004
10457,OHO,4,0.0004
10458,OHP,4,0.0004
10459,OHQ,4,0.0004
10460,OHR,4,0.0004
10461,OHS,4,0.0004
10462,OHT,4,0.0004
10463,OHU,4,0.0004
10464,OHV,4,0.0004
10465,OHW,4,0.0004
10466,OHX,4,0.0004
10467,OHY,4,0.0004
10468,OHZ,4,0.0004
10469,OI,4,0.0004
10470,OIA,4,0.0004
10471,OIB,4,0.0004
10472,OIC,4,0.0004
10473,OID,4,0.0004
10474,OIE,4,0.0004
10475,OIF,4,0.0004
10476,OIG,4,0.0004
10477,OIH,4,0.0004
10478,OII,4,0.0004
10479,OIJ,4,0.0004
10480,OIK,4,0.0004
10481,OIL,4,0.0004
10482,OIM,4,0.0004
10483,OIN,4,0.0004
10484,OIO,4,0.0004
10485,OIP,4,0.0004
10486,OIQ,4,0.0004
10487,OIR,4,0.0004
10488,OIS,4,0.0004
10489,OIT,4,0.0004
10490,OIU,4,0.0004
10491,OIV,4,0.0004
10492,OIW,4,0.0004
10493,OIX,4,0.0004
10494,OIY,4,0.0004
10495,OIZ,4,0.0004
10496,OJ,4,0.0004
10497,OJA,4,0.0004
10498,OJB,4,0.0004
10499,OJC,4,0.0004
10500,OJD,4,0.0004
10501,OJE,4,0.0004
10502,OJF,4,0.0004
10503,OJG,4,0.0004
10504,OJH,4,0.0004
10505,OJI,4,0.0004
10506,OJJ,4,0.0004
10507,OJK,4,0.0004
10508,OJL,4,0.0004
10509,OJM,4,0.0004
10510,OJN,4,0.0004
10511,OJO,4,0.0004
10512,OJP,4,0.0004
10513,OJQ,4,0.0004
10514,OJR,4,0.0004
10515,OJS,4,0.0004
10516,OJT,4,0.0004
10517,OJU,4,0.0004
10518,OJV,4,0.0004
10519,OJW,4,0.0004
10520,OJX,4,0.0004
10521,OJY,4,0.0004
10522,OJZ,4,0.0004
10523,OK,4,0.0004
10524,OKA,4,0.0004
10525,OKB,4,0.0004
10526,OKC,4,0.0004
10527,OKD,4,0.0004
10528,OKE,4,0.0004
10529,OKF,4,0.0004
10530,OKG,4,0.0004
10531,OKH,4,0.0004
10532,OKI,4,0.0004
10533,OKJ,4,0.0004
10534,OKK,4,0.0004
10535,OKL,4,0.0004
10536,OKM,4,0.0004
10537,OKN,4,0.0004
10538,OKO,4,0.0004
10539,OKP,4,0.0004
10540,OKQ,4,0.0004
10541,OKR,4,0.0004
10542,OKS,4,0.0004
10543,OKT,4,0.0004
10544,OKU,4,0.0004
10545,OKV,4,0.0004
10546,OKW,4,0.0004
10547,OKX,4,0.0004
10548,OKY,4,0.0004
10549,OKZ,4,0.0004
10550,OL,4,0.0004
10551,OLA,4,0.0004
10552,OLB,4,0.0004
10553,OLC,4,0.0004
10554,OLD,4,0.0004
10555,OLE,4,0.0004
10556,OLF,4,0.0004
10557,OLG,4,0.0004
10558,OLH,4,0.0004
10559,OLI,4,0.0004
10560,OLJ,4,0.0004
10561,OLK,4,0.0004
10562,OLL,4,0.0004
10563,OLM,4,0.0004
10564,OLN,4,0.0004
10565,OLO,4,0.0004
10566,OLP,4,0.0004
10567,OLQ,4,0.0004
10568,OLR,4,0.0004
10569,OLS,4,0.0004
10570,OLT,4,0.0004
10571,OLU,4,0.0004
10572,OLV,4,0.0004
10573,OLW,4,0.0004
10574,OLX,4,0.0004
10575,OLY,4,0.0004
10576,OLZ,4,0.0004
10577,OM,4,0.0004
10578,OMA,4,0.0004
10579,OMB,4,0.0004
10580,OMC,4,0.0004
10581,OMD,4,0.0004
10582,OME,4,0.0004
10583,OMF,4,0.0004
10584,OMG,4,0.0004
10585,OMH,4,0.0004
10586,OMI,4,0.0004
10587,OMJ,4,0.0004
10588,OMK,4,0.0004
10589,OML,4,0.0004
10590,OMM,4,0.0004
10591,OMN,4,0.0004
10592,OMO,4,0.0004
10593,OMP,4,0.0004
10594,OMQ,4,0.0004
10595,OMR,4,0.0004
10596,OMS,4,0.0004
10597,OMT,4,0.0004
10598,OMU,4,0.0004
10599,OMV,4,0.0004
10600,OMW,4,0.0004
10601,OMX,4,0.0004
10602,OMY,4,0.0004
10603,OMZ,4,0.0004
10604,ON,4,0.0004
10605,ONA,4,0.0004
10606,ONB,4,0.0004
10607,ONC,4,0.0004
10608,OND,4,0.0004
10609,ONE,4,0.0004
10610,ONF,4,0.0004
10611,ONG,4,0.0004
10612,ONH,4,0.0004
10613,ONI,4,0.0004
10614,ONJ,4,0.0004
10615,ONK,4,0.0004
10616,ONL,4,0.0004
10617,ONM,4,0.0004
10618,ONN,4,0.0004
10619,ONO,4,0.0004
10620,ONP,4,0.0004
10621,ONQ,4,0.0004
10622,ONR,4,0.0004
10623,ONS,4,0.0004
10624,ONT,4,0.0004
10625,ONU,4,0.0004
10626,ONV,4,0.0004
10627,ONW,4,0.0004
10628,ONX,4,0.0004
10629,ONY,4,0.0004
10630,ONZ,4,0.0004
10631,OO,4,0.0004
10632,OOA,4,0.0004
10633,OOB,4,0.0004
10634,OOC,4,0.0004
10635,OOD,4,0.0004
10636,OOE,4,0.0004
10637,OOF,4,0.0004
10638,OOG,4,0.0004
10639,OOH,4,0.0004
10640,OOI,4,0.0004
10641,OOJ,4,0.0004
10642,OOK,4,0.0004
10643,OOL,4,0.0004
10644,OOM,4,0.0004
10645,OON,4,0.0004
10646,OOO,4,0.0004
10647,OOP,4,0.0004
10648,OOQ,4,0.0004
10649,OOR,4,0.0004
10650,OOS,4,0.0004
10651,OOT,4,0.0004
10652,OOU,4,0.0004
10653,OOV,4,0.0004
10654,OOW,4,0.0004
10655,OOX,4,0.0004
10656,OOY,4,0.0004
10657,OOZ,4,0.0004
10658,OPA,4,0.0004
10659,OPB,4,0.0004
10660,OPC,4,0.0004
10661,OPD,4,0.0004
10662,OPE,4,0.0004
10663,OPF,4,0.0004
10664,OPG,4,0.0004
10665,OPH,4,0.0004
10666,OPI,4,0.0004
10667,OPJ,4,0.0004
10668,OPK,4,0.0004
10669,OPL,4,0.0004
10670,OPM,4,0.0004
10671,OPN,4,0.0004
10672,OPO,4,0.0004
10673,OPP,4,0.0004
10674,OPQ,4,0.0004
10675,OPR,4,0.0004
10676,OPS,4,0.0004
10677,OPT,4,0.0004
10678,OPU,4,0.0004
10679,OPV,4,0.0004
10680,OPW,4,0.0004
10681,OPX,4,0.0004
10682,OPY,4,0.0004
10683,OPZ,4,0.0004
10684,OQ,4,0.0004
10685,OQA,4,0.0004
10686,OQB,4,0.0004
10687,OQC,4,0.0004
10688,OQD,4,0.0004
10689,OQE,4,0.0004
10690,OQF,4,0.0004
10691,OQG,4,0.0004
10692,OQH,4,0.0004
10693,OQI,4,0.0004
10694,OQJ,4,0.0004
10695,OQK,4,0.0004
10696,OQL,4,0.0004
10697,OQM,4,0.0004
10698,OQN,4,0.0004
10699,OQO,4,0.0004
10700,OQP,4,0.0004
10701,OQQ,4,0.0004
10702,OQR,4,0.0004
10703,OQS,4,0.0004
10704,OQT,4,0.0004
10705,OQU,4,0.0004
10706,OQV,4,0.0004
10707,OQW,4,0.0004
10708,OQX,4,0.0004
10709,OQY,4,0.0004
10710,OQZ,4,0.0004
10711,OR,4,0.0004
10712,ORA,4,0.0004
10713,ORB,4,0.0004
10714,ORC,4,0.0004
10715,ORD,4,0.0004
10716,ORE,4,0.0004
10717,ORF,4,0.0004
10718,ORG,4,0.0004
10719,ORH,4,0.0004
10720,ORI,4,0.0004
10721,ORJ,4,0.0004
10722,ORK,4,0.0004
10723,ORL,4,0.0004
10724,ORM,4,0.0004
10725,ORN,4,0.0004
10726,ORO,4,0.0004
10727,ORP,4,0.0004
10728,ORQ,4,0.0004
10729,ORR,4,0.0004
10730,ORS,4,0.0004
10731,ORT,4,0.0004
10732,ORU,4,0.0004
10733,ORV,4,0.0004
10734,ORW,4,0.0004
10735,ORX,4,0.0004
10736,ORY,4,0.0004
10737,ORZ,4,0.0004
10738,OS,4,0.0004
10739,OSA,4,0.0004
10740,OSB,4,0.0004
10741,OSC,4,0.0004
10742,OSD,4,0.0004
10743,OSE,4,0.0004
10744,OSF,4,0.0004
10745,OSG,4,0.0004
10746,OSH,4,0.0004
10747,OSI,4,0.0004
10748,OSJ,4,0.0004
10749,OSK,4,0.0004
10750,OSL,4,0.0004
10751,OSM,4,0.0004
10752,OSN,4,0.0004
10753,OSO,4,0.0004
10754,OSP,4,0.0004
10755,OSQ,4,0.0004
10756,OSR,4,0.0004
10757,OSS,4,0.0004
10758,OST,4,0.0004
10759,OSU,4,0.0004
10760,OSV,4,0.0004
10761,OSW,4,0.0004
10762,OSX,4,0.0004
10763,OSY,4,0.0004
10764,OSZ,4,0.0004
10765,OT,4,0.0004
10766,OTA,4,0.0004
10767,OTB,4,0.0004
10768,OTC,4,0.0004
10769,OTD,4,0.0004
10770,OTE,4,0.0004
10771,OTF,4,0.0004
10772,OTG,4,0.0004
10773,OTH,4,0.0004
10774,OTI,4,0.0004
10775,OTJ,4,0.0004
10776,OTK,4,0.0004
10777,OTL,4,0.0004
10778,OTM,4,0.0004
10779,OTN,4,0.0004
10780,OTO,4,0.0004
10781,OTP,4,0.0004
10782,OTQ,4,0.0004
10783,OTR,4,0.0004
10784,OTS,4,0.0004
10785,OTT,4,0.0004
10786,OTU,4,0.0004
10787,OTV,4,0.0004
10788,OTW,4,0.0004
10789,OTX,4,0.0004
10790,OTY,4,0.0004
10791,OTZ,4,0.0004
10792,OU,4,0.0004
10793,OUA,4,0.0004
10794,OUB,4,0.0004
10795,OUC,4,0.0004
10796,OUD,4,0.0004
10797,OUE,4,0.0004
10798,OUF,4,0.0004
10799,OUG,4,0.0004
10800,OUH,4,0.0004
10801,OUI,4,0.0004
10802,OUJ,4,0.0004
10803,OUK,4,0.0004
10804,OUL,4,0.0004
10805,OUM,4,0.0004
10806,OUN,4,0.0004
10807,OUO,4,0.0004
10808,OUP,4,0.0004
10809,OUQ,4,0.0004
10810,OUR,4,0.0004
10811,OUS,4,0.0004
10812,OUT,4,0.0004
10813,OUU,4,0.0004
10814,OUV,4,0.0004
10815,OUW,4,0.0004
10816,OUX,4,0.0004
10817,OUY,4,0.0004
10818,OUZ,4,0.0004
10819,OV,4,0.0004
10820,OVA,4,0.0004
10821,OVB,4,0.0004
10822,OVC,4,0.0004
10823,OVD,4,0.0004
10824,OVE,4,0.0004
10825,OVF,4,0.0004
10826,OVG,4,0.0004
10827,OVH,4,0.0004
10828,OVI,4,0.0004
10829,OVJ,4,0.0004
10830,OVK,4,0.0004
10831,OVL,4,0.0004
10832,OVM,4,0.0004
10833,OVN,4,0.0004
10834,OVO,4,0.0004
10835,OVP,4,0.0004
10836,OVQ,4,0.0004
10837,OVR,4,0.0004
10838,OVS,4,0.0004
10839,OVT,4,0.0004
10840,OVU,4,0.0004
10841,OVV,4,0.0004
10842,OVW,4,0.0004
10843,OVX,4,0.0004
10844,OVY,4,0.0004
10845,OVZ,4,0.0004
10846,OW,4,0.0004
10847,OWA,4,0.0004
10848,OWB,4,0.0004
10849,OWC,4,0.0004
10850,OWD,4,0.0004
10851,OWE,4,0.0004
10852,OWF,4,0.0004
10853,OWG,4,0.0004
10854,OWH,4,0.0004
10855,OWI,4,0.0004
10856,OWJ,4,0.0004
10857,OWK,4,0.0004
10858,OWL,4,0.0004
10859,OWM,4,0.0004
10860,OWN,4,0.0004
10861,OWO,4,0.0004
10862,OWP,4,0.0004
10863,OWQ,4,0.0004
10864,OWR,4,0.0004
10865,OWS,4,0.0004
10866,OWT,4,0.0004
10867,OWU,4,0.0004
10868,OWV,4,0.0004
10869,OWW,4,0.0004
10870,OWX,4,0.0004
10871,OWY,4,0.0004
10872,OWZ,4,0.0004
10873,OX,4,0.0004
10874,OXA,4,0.0004
10875,OXB,4,0.0004
10876,OXC,4,0.0004
10877,OXD,4,0.0004
10878,OXE,4,0.0004
10879,OXF,4,0.0004
10880,OXG,4,0.0004
10881,OXH,4,0.0004
10882,OXI,4,0.0004
10883,OXJ,4,0.0004
10884,OXK,4,0.0004
10885,OXL,4,0.0004
10886,OXM,4,0.0004
10887,OXN,4,0.0004
10888,OXO,4,0.0004
10889,OXP,4,0.0004
10890,OXQ,4,0.0004
10891,OXR,4,0.0004
10892,OXS,4,0.0004
10893,OXT,4,0.0004
10894,OXU,4,0.0004
10895,OXV,4,0.0004
10896,OXW,4,0.0004
10897,OXX,4,0.0004
10898,OXY,4,0.0004
10899,OXZ,4,0.0004
10900,OY,4,0.0004
10901,OYA,4,0.0004
10902,OYB,4,0.0004
10903,OYC,4,0.0004
10904,OYD,4,0.0004
10905,OYE,4,0.0004
10906,OYF,4,0.0004
10907,OYG,4,0.0004
10908,OYH,4,0.0004
10909,OYI,4,0.0004
10910,OYJ,4,0.0004
10911,OYK,4,0.0004
10912,OYL,4,0.0004
10913,OYM,4,0.0004
10914,OYN,4,0.0004
10915,OYO,4,0.0004
10916,OYP,4,0.0004
10917,OYQ,4,0.0004
10918,OYR,4,0.0004
10919,OYS,4,0.0004
10920,OYT,4,0.0004
10921,OYU,4,0.0004
10922,OYV,4,0.0004
10923,OYW,4,0.0004
10924,OYX,4,0.0004
10925,OYY,4,0.0004
10926,OYZ,4,0.0004
10927,OZ,4,0.0004
10928,OZA,4,0.0004
10929,OZB,4,0.0004
10930,OZC,4,0.0004
10931,OZD,4,0.0004
10932,OZE,4,0.0004
10933,OZF,4,0.0004
10934,OZG,4,0.0004
10935,OZH,4,0.0004
10936,OZI,4,0.0004
10937,OZJ,4,0.0004
10938,OZK,4,0.0004
10939,OZL,4,0.0004
10940,OZM,4,0.0004
10941,OZN,4,0.0004
10942,OZO,4,0.0004
10943,OZP,4,0.0004
10944,OZQ,4,0.0004
10945,OZR,4,0.0004
10946,OZS,4,0.0004
10947,OZT,4,0.0004
10948,OZU,4,0.0004
10949,OZV,4,0.0004
10950,OZW,4,0.0004
10951,OZX,4,0.0004
10952,OZY,4,0.0004
10953,OZZ,4,0.0004
10954,P,4,0.0004
10955,PA,4,0.0004
10956,PAA,4,0.0004
10957,PAB,4,0.0004
10958,PAC,4,0.0004
10959,PAD,4,0.0004
10960,PAE,4,0.0004
10961,PAF,4,0.0004
10962,PAG,4,0.0004
10963,PAH,4,0.0004
10964,PAI,4,0.0004
10965,PAJ,4,0.0004
10966,PAK,4,0.0004
10967,PAL,4,0.0004
10968,PAM,4,0.0004
10969,PAN,4,0.0004
10970,PAO,4,0.0004
10971,PAP,4,0.0004
10972,PAQ,4,0.0004
10973,PAR,4,0.0004
10974,PAS,4,0.0004
10975,PAT,4,0.0004
10976,PAU,4,0.0004
10977,PAV,4,0.0004
10978,PAW,4,0.0004
10979,PAX,4,0.0004
10980,PAY,4,0.0004
10981,PAZ,4,0.0004
10982,PB,4,0.0004
10983,PBA,4,0.0004
10984,PBB,4,0.0004
10985,PBC,4,0.0004
10986,PBD,4,0.0004
10987,PBE,4,0.0004
10988,PBF,4,0.0004
10989,PBG,4,0.0004
10990,PBH,4,0.0004
10991,PBI,4,0.0004
10992,PBJ,4,0.0004
10993,PBK,4,0.0004
10994,PBL,4,0.0004
10995,PBM,4,0.0004
10996,PBN,4,0.0004
10997,PBO,4,0.0004
10998,PBP,4,0.0004
10999,PBQ,4,0.0004
11000,PBR,4,0.0004
11001,PBS,4,0.0004
11002,PBT,4,0.0004
11003,PBU,4,0.0004
11004,PBV,4,0.0004
11005,PBW,4,0.0004
11006,PBX,4,0.0004
11007,PBY,4,0.0004
11008,PBZ,4,0.0004
11009,PCA,4,0.0004
11010,PCB,4,0.0004
11011,PCC,4,0.0004
11012,PCD,4,0.0004
11013,PCE,4,0.0004
11014,PCF,4,0.0004
11015,PCG,4,0.0004
11016,PCH,4,0.0004
11017,PCI,4,0.0004
11018,PCJ,4,0.0004
11019,PCK,4,0.0004
11020,PCL,4,0.0004
11021,PCM,4,0.0004
11022,PCN,4,0.0004
11023,PCO,4,0.0004
11024,PCP,4,0.0004
11025,PCQ,4,0.0004
11026,PCR,4,0.0004
11027,PCS,4,0.0004
11028,PCT,4,0.0004
11029,PCU,4,0.0004
11030,PCV,4,0.0004
11031,PCW,4,0.0004
11032,PCX,4,0.0004
11033,PCY,4,0.0004
11034,PCZ,4,0.0004
11035,PD,4,0.0004
11036,PDA,4,0.0004
11037,PDB,4,0.0004
11038,PDC,4,0.0004
11039,PDD,4,0.0004
11040,PDE,4,0.0004
11041,PDF,4,0.0004
11042,PDG,4,0.0004
11043,PDH,4,0.0004
11044,PDI,4,0.0004
11045,PDJ,4,0.0004
11046,PDK,4,0.0004
11047,PDL,4,0.0004
11048,PDM,4,0.0004
11049,PDN,4,0.0004
11050,PDO,4,0.0004
11051,PDP,4,0.0004
11052,PDQ,4,0.0004
11053,PDR,4,0.0004
11054,PDS,4,0.0004
11055,PDT,4,0.0004
11056,PDU,4,0.0004
11057,PDV,4,0.0004
11058,PDW,4,0.0004
11059,PDX,4,0.0004
11060,PDY,4,0.0004
11061,PDZ,4,0.0004
11062,PE,4,0.0004
11063,PEA,4,0.0004
11064,PEB,4,0.0004
11065,PEC,4,0.0004
11066,PED,4,0.0004
11067,PEE,4,0.0004
11068,PEF,4,0.0004
11069,PEG,4,0.0004
11070,PEH,4,0.0004
11071,PEI,4,0.0004
11072,PEJ,4,0.0004
11073,PEK,4,0.0004
11074,PEL,4,0.0004
11075,PEM,4,0.0004
11076,PEN,4,0.0004
11077,PEO,4,0.0004
11078,PEP,4,0.0004
11079,PEQ,4,0.0004
11080,PER,4,0.0004
11081,PES,4,0.0004
11082,PET,4,0.0004
11083,PEU,4,0.0004
11084,PEV,4,0.0004
11085,PEW,4,0.0004
11086,PEX,4,0.0004
11087,PEY,4,0.0004
11088,PEZ,4,0.0004
11089,PF,4,0.0004
11090,PFA,4,0.0004
11091,PFB,4,0.0004
11092,PFC,4,0.0004
11093,PFD,4,0.0004
11094,PFE,4,0.0004
11095,PFF,4,0.0004
11096,PFG,4,0.0004
11097,PFH,4,0.0004
11098,PFI,4,0.0004
11099,PFJ,4,0.0004
11100,PFK,4,0.0004
11101,PFL,4,0.0004
11102,PFM,4,0.0004
11103,PFN,4,0.0004
11104,PFO,4,0.0004
11105,PFP,4,0.0004
11106,PFQ,4,0.0004
11107,PFR,4,0.0004
11108,PFS,4,0.0004
11109,PFT,4,0.0004
11110,PFU,4,0.0004
11111,PFV,4,0.0004
11112,PFW,4,0.0004
11113,PFX,4,0.0004
11114,PFY,4,0.0004
11115,PFZ,4,0.0004
11116,PG,4,0.0004
11117,PGA,4,0.0004
11118,PGB,4,0.0004
11119,PGC,4,0.0004
11120,PGD,4,0.0004
11121,PGE,4,0.0004
11122,PGF,4,0.0004
11123,PGG,4,0.0004
11124,PGH,4,0.0004
11125,PGI,4,0.0004
11126,PGJ,4,0.0004
11127,PGK,4,0.0004
11128,PGL,4,0.0004
11129,PGM,4,0.0004
11130,PGN,4,0.0004
11131,PGO,4,0.0004
11132,PGP,4,0.0004
11133,PGQ,4,0.0004
11134,PGR,4,0.0004
11135,PGS,4,0.0004
11136,PGT,4,0.0004
11137,PGU,4,0.0004
11138,PGV,4,0.0004
11139,PGW,4,0.0004
11140,PGX,4,0.0004
11141,PGY,4,0.0004
11142,PGZ,4,0.0004
11143,PH,4,0.0004
11144,PHA,4,0.0004
11145,PHB,4,0.0004
11146,PHC,4,0.0004
11147,PHD,4,0.0004
11148,PHE,4,0.0004
11149,PHF,4,0.0004
11150,PHG,4,0.0004
11151,PHH,4,0.0004
11152,PHI,4,0.0004
11153,PHJ,4,0.0004
11154,PHK,4,0.0004
11155,PHL,4,0.0004
11156,PHM,4,0.0004
11157,PHN,4,0.0004
11158,PHO,4,0.0004
11159,PHP,4,0.0004
11160,PHQ,4,0.0004
11161,PHR,4,0.0004
11162,PHS,4,0.0004
11163,PHT,4,0.0004
11164,PHU,4,0.0004
11165,PHV,4,0.0004
11166,PHW,4,0.0004
11167,PHX,4,0.0004
11168,PHY,4,0.0004
11169,PHZ,4,0.0004
11170,PIA,4,0.0004
11171,PIB,4,0.0004
11172,PIC,4,0.0004
11173,PID,4,0.0004
11174,PIE,4,0.0004
11175,PIF,4,0.0004
11176,PIG,4,0.0004
11177,PIH,4,0.0004
11178,PII,4,0.0004
11179,PIJ,4,0.0004
11180,PIK,4,0.0004
11181,PIL,4,0.0004
11182,PIM,4,0.0004
11183,PIN,4,0.0004
11184,PIO,4,0.0004
11185,PIP,4,0.0004
11186,PIQ,4,0.0004
11187,PIR,4,0.0004
11188,PIS,4,0.0004
11189,PIT,4,0.0004
11190,PIU,4,0.0004
11191,PIV,4,0.0004
11192,PIW,4,0.0004
11193,PIX,4,0.0004
11194,PIY,4,0.0004
11195,PIZ,4,0.0004
11196,PJ,4,0.0004
11197,PJA,4,0.0004
11198,PJB,4,0.0004
11199,PJC,4,0.0004
11200,PJD,4,0.0004
11201,PJE,4,0.0004
11202,PJF,4,0.0004
11203,PJG,4,0.0004
11204,PJH,4,0.0004
11205,PJI,4,0.0004
11206,PJJ,4,0.0004
11207,PJK,4,0.0004
11208,PJL,4,0.0004
11209,PJM,4,0.0004
11210,PJN,4,0.0004
11211,PJO,4,0.0004
11212,PJP,4,0.0004
11213,PJQ,4,0.0004
11214,PJR,4,0.0004
11215,PJS,4,0.0004
11216,PJT,4,0.0004
11217,PJU,4,0.0004
11218,PJV,4,0.0004
11219,PJW,4,0.0004
11220,PJX,4,0.0004
11221,PJY,4,0.0004
11222,PJZ,4,0.0004
11223,PK,4,0.0004
11224,PKA,4,0.0004
11225,PKB,4,0.0004
11226,PKC,4,0.0004
11227,PKD,4,0.0004
11228,PKE,4,0.0004
11229,PKF,4,0.0004
11230,PKG,4,0.0004
11231,PKH,4,0.0004
11232,PKI,4,0.0004
11233,PKJ,4,0.0004
11234,PKK,4,0.0004
11235,PKL,4,0.0004
11236,PKM,4,0.0004
11237,PKN,4,0.0004
11238,PKO,4,0.0004
11239,PKP,4,0.0004
11240,PKQ,4,0.0004
11241,PKR,4,0.0004
11242,PKS,4,0.0004
11243,PKT,4,0.0004
11244,PKU,4,0.0004
11245,PKV,4,0.0004
11246,PKW,4,0.0004
11247,PKX,4,0.0004
11248,PKY,4,0.0004
11249,PKZ,4,0.0004
11250,PL,4,0.0004
11251,PLA,4,0.0004
11252,PLB,4,0.0004
11253,PLC,4,0.0004
11254,PLD,4,0.0004
11255,PLE,4,0.0004
11256,PLF,4,0.0004
11257,PLG,4,0.0004
11258,PLH,4,0.0004
11259,PLI,4,0.0004
11260,PLJ,4,0.0004
11261,PLK,4,0.0004
11262,PLL,4,0.0004
11263,PLM,4,0.0004
11264,PLN,4,0.0004
11265,PLO,4,0.0004
11266,PLP,4,0.0004
11267,PLQ,4,0.0004
11268,PLR,4,0.0004
11269,PLT,4,0.0004
11270,PLU,4,0.0004
11271,PLV,4,0.0004
11272,PLW,4,0.0004
11273,PLX,4,0.0004
11274,PLY,4,0.0004
11275,PLZ,4,0.0004
11276,PM,4,0.0004
11277,PMA,4,0.0004
11278,PMB,4,0.0004
11279,PMC,4,0.0004
11280,PMD,4,0.0004
11281,PME,4,0.0004
11282,PMF,4,0.0004
11283,PMG,4,0.0004
11284,PMH,4,0.0004
11285,PMI,4,0.0004
11286,PMJ,4,0.0004
11287,PMK,4,0.0004
11288,PML,4,0.0004
11289,PMM,4,0.0004
11290,PMN,4,0.0004
11291,PMO,4,0.0004
11292,PMP,4,0.0004
11293,PMQ,4,0.0004
11294,PMR,4,0.0004
11295,PMS,4,0.0004
11296,PMT,4,0.0004
11297,PMU,4,0.0004
11298,PMV,4,0.0004
11299,PMW,4,0.0004
11300,PMX,4,0.0004
11301,PMY,4,0.0004
11302,PMZ,4,0.0004
11303,PN,4,0.0004
11304,PNA,4,0.0004
11305,PNB,4,0.0004
11306,PNC,4,0.0004
11307,PND,4,0.0004
11308,PNE,4,0.0004
11309,PNF,4,0.0004
11310,PNG,4,0.0004
11311,PNH,4,0.0004
11312,PNI,4,0.0004
11313,PNJ,4,0.0004
11314,PNK,4,0.0004
11315,PNL,4,0.0004
11316,PNM,4,0.0004
11317,PNN,4,0.0004
11318,PNO,4,0.0004
11319,PNP,4,0.0004
11320,PNQ,4,0.0004
11321,PNR,4,0.0004
11322,PNS,4,0.0004
11323,PNT,4,0.0004
11324,PNU,4,0.0004
11325,PNV,4,0.0004
11326,PNW,4,0.0004
11327,PNX,4,0.0004
11328,PNY,4,0.0004
11329,PNZ,4,0.0004
11330,PO,4,0.0004
11331,POA,4,0.0004
11332,POB,4,0.0004
11333,POC,4,0.0004
11334,POD,4,0.0004
11335,POE,4,0.0004
11336,POF,4,0.0004
11337,POG,4,0.0004
11338,POH,4,0.0004
11339,POI,4,0.0004
11340,POJ,4,0.0004
11341,POK,4,0.0004
11342,POL,4,0.0004
11343,POM,4,0.0004
11344,PON,4,0.0004
11345,POO,4,0.0004
11346,POP,4,0.0004
11347,POQ,4,0.0004
11348,POR,4,0.0004
11349,POT,4,0.0004
11350,POU,4,0.0004
11351,POV,4,0.0004
11352,POW,4,0.0004
11353,POX,4,0.0004
11354,POY,4,0.0004
11355,POZ,4,0.0004
11356,PP,4,0.0004
11357,PPA,4,0.0004
11358,PPB,4,0.0004
11359,PPC,4,0.0004
11360,PPD,4,0.0004
11361,PPE,4,0.0004
11362,PPF,4,0.0004
11363,PPG,4,0.0004
11364,PPH,4,0.0004
11365,PPI,4,0.0004
11366,PPJ,4,0.0004
11367,PPK,4,0.0004
11368,PPL,4,0.0004
11369,PPM,4,0.0004
11370,PPN,4,0.0004
11371,PPO,4,0.0004
11372,PPP,4,0.0004
11373,PPQ,4,0.0004
11374,PPR,4,0.0004
11375,PPS,4,0.0004
11376,PPT,4,0.0004
11377,PPU,4,0.0004
11378,PPV,4,0.0004
11379,PPW,4,0.0004
11380,PPX,4,0.0004
11381,PPY,4,0.0004
11382,PPZ,4,0.0004
11383,PQ,4,0.0004
11384,PQA,4,0.0004
11385,PQB,4,0.0004
11386,PQC,4,0.0004
11387,PQD,4,0.0004
11388,PQE,4,0.0004
11389,PQF,4,0.0004
11390,PQG,4,0.0004
11391,PQH,4,0.0004
11392,PQI,4,0.0004
11393,PQJ,4,0.0004
11394,PQK,4,0.0004
11395,PQL,4,0.0004
11396,PQM,4,0.0004
11397,PQN,4,0.0004
11398,PQO,4,0.0004
11399,PQP,4,0.0004
11400,PQQ,4,0.0004
11401,PQR,4,0.0004
11402,PQS,4,0.0004
11403,PQT,4,0.0004
11404,PQU,4,0.0004
11405,PQV,4,0.0004
11406,PQW,4,0.0004
11407,PQX,4,0.0004
11408,PQY,4,0.0004
11409,PQZ,4,0.0004
11410,PRA,4,0.0004
11411,PRB,4,0.0004
11412,PRC,4,0.0004
11413,PRD,4,0.0004
11414,PRE,4,0.0004
11415,PRF,4,0.0004
11416,PRG,4,0.0004
11417,PRH,4,0.0004
11418,PRI,4,0.0004
11419,PRJ,4,0.0004
11420,PRK,4,0.0004
11421,PRL,4,0.0004
11422,PRM,4,0.0004
11423,PRN,4,0.0004
11424,PRO,4,0.0004
11425,PRP,4,0.0004
11426,PRQ,4,0.0004
11427,PRR,4,0.0004
11428,PRS,4,0.0004
11429,PRT,4,0.0004
11430,PRU,4,0.0004
11431,PRV,4,0.0004
11432,PRX,4,0.0004
11433,PRY,4,0.0004
11434,PRZ,4,0.0004
11435,PSA,4,0.0004
11436,PSB,4,0.0004
11437,PSC,4,0.0004
11438,PSD,4,0.0004
11439,PSE,4,0.0004
11440,PSF,4,0.0004
11441,PSG,4,0.0004
11442,PSH,4,0.0004
11443,PSI,4,0.0004
11444,PSJ,4,0.0004
11445,PSK,4,0.0004
11446,PSL,4,0.0004
11447,PSM,4,0.0004
11448,PSN,4,0.0004
11449,PSO,4,0.0004
11450,PSP,4,0.0004
11451,PSQ,4,0.0004
11452,PSR,4,0.0004
11453,PSS,4,0.0004
11454,PST,4,0.0004
11455,PSU,4,0.0004
11456,PSV,4,0.0004
11457,PSW,4,0.0004
11458,PSX,4,0.0004
11459,PSY,4,0.0004
11460,PSZ,4,0.0004
11461,PT,4,0.0004
11462,PTA,4,0.0004
11463,PTB,4,0.0004
11464,PTC,4,0.0004
11465,PTD,4,0.0004
11466,PTE,4,0.0004
11467,PTF,4,0.0004
11468,PTG,4,0.0004
11469,PTH,4,0.0004
11470,PTI,4,0.0004
11471,PTJ,4,0.0004
11472,PTK,4,0.0004
11473,PTL,4,0.0004
11474,PTM,4,0.0004
11475,PTN,4,0.0004
11476,PTO,4,0.0004
11477,PTP,4,0.0004
11478,PTQ,4,0.0004
11479,PTR,4,0.0004
11480,PTS,4,0.0004
11481,PTT,4,0.0004
11482,PTU,4,0.0004
11483,PTV,4,0.0004
11484,PTW,4,0.0004
11485,PTX,4,0.0004
11486,PTY,4,0.0004
11487,PTZ,4,0.0004
11488,PU,4,0.0004
11489,PUA,4,0.0004
11490,PUB,4,0.0004
11491,PUBLIC,4,0.0004
11492,PUC,4,0.0004
11493,PUD,4,0.0004
11494,PUE,4,0.0004
11495,PUF,4,0.0004
11496,PUG,4,0.0004
11497,PUH,4,0.0004
11498,PUI,4,0.0004
11499,PUJ,4,0.0004
11500,PUK,4,0.0004
11501,PUL,4,0.0004
11502,PUM,4,0.0004
11503,PUN,4,0.0004
11504,PUO,4,0.0004
11505,PUP,4,0.0004
11506,PUQ,4,0.0004
11507,PUR,4,0.0004
11508,PUS,4,0.0004
11509,PUT,4,0.0004
11510,PUU,4,0.0004
11511,PUV,4,0.0004
11512,PUW,4,0.0004
11513,PUX,4,0.0004
11514,PUY,4,0.0004
11515,PUZ,4,0.0004
11516,PV,4,0.0004
11517,PVA,4,0.0004
11518,PVB,4,0.0004
11519,PVC,4,0.0004
11520,PVD,4,0.0004
11521,PVE,4,0.0004
11522,PVF,4,0.0004
11523,PVG,4,0.0004
11524,PVH,4,0.0004
11525,PVI,4,0.0004
11526,PVJ,4,0.0004
11527,PVK,4,0.0004
11528,PVL,4,0.0004
11529,PVM,4,0.0004
11530,PVN,4,0.0004
11531,PVO,4,0.0004
11532,PVP,4,0.0004
11533,PVQ,4,0.0004
11534,PVR,4,0.0004
11535,PVS,4,0.0004
11536,PVT,4,0.0004
11537,PVU,4,0.0004
11538,PVV,4,0.0004
11539,PVW,4,0.0004
11540,PVX,4,0.0004
11541,PVY,4,0.0004
11542,PVZ,4,0.0004
11543,PW,4,0.0004
11544,PWA,4,0.0004
11545,PWB,4,0.0004
11546,PWC,4,0.0004
11547,PWD,4,0.0004
11548,PWE,4,0.0004
11549,PWF,4,0.0004
11550,PWG,4,0.0004
11551,PWH,4,0.0004
11552,PWI,4,0.0004
11553,PWJ,4,0.0004
11554,PWK,4,0.0004
11555,PWL,4,0.0004
11556,PWM,4,0.0004
11557,PWN,4,0.0004
11558,PWO,4,0.0004
11559,PWP,4,0.0004
11560,PWQ,4,0.0004
11561,PWR,4,0.0004
11562,PWS,4,0.0004
11563,PWT,4,0.0004
11564,PWU,4,0.0004
11565,PWV,4,0.0004
11566,PWW,4,0.0004
11567,PWX,4,0.0004
11568,PWY,4,0.0004
11569,PWZ,4,0.0004
11570,PX,4,0.0004
11571,PXA,4,0.0004
11572,PXB,4,0.0004
11573,PXC,4,0.0004
11574,PXD,4,0.0004
11575,PXE,4,0.0004
11576,PXF,4,0.0004
11577,PXG,4,0.0004
11578,PXH,4,0.0004
11579,PXI,4,0.0004
11580,PXJ,4,0.0004
11581,PXK,4,0.0004
11582,PXL,4,0.0004
11583,PXM,4,0.0004
11584,PXN,4,0.0004
11585,PXO,4,0.0004
11586,PXP,4,0.0004
11587,PXQ,4,0.0004
11588,PXR,4,0.0004
11589,PXS,4,0.0004
11590,PXT,4,0.0004
11591,PXU,4,0.0004
11592,PXV,4,0.0004
11593,PXW,4,0.0004
11594,PXX,4,0.0004
11595,PXY,4,0.0004
11596,PXZ,4,0.0004
11597,PY,4,0.0004
11598,PYA,4,0.0004
11599,PYB,4,0.0004
11600,PYC,4,0.0004
11601,PYD,4,0.0004
11602,PYE,4,0.0004
11603,PYF,4,0.0004
11604,PYG,4,0.0004
11605,PYH,4,0.0004
11606,PYI,4,0.0004
11607,PYJ,4,0.0004
11608,PYK,4,0.0004
11609,PYL,4,0.0004
11610,PYM,4,0.0004
11611,PYN,4,0.0004
11612,PYO,4,0.0004
11613,PYP,4,0.0004
11614,PYQ,4,0.0004
11615,PYR,4,0.0004
11616,PYS,4,0.0004
11617,PYT,4,0.0004
11618,PYU,4,0.0004
11619,PYV,4,0.0004
11620,PYW,4,0.0004
11621,PYX,4,0.0004
11622,PYY,4,0.0004
11623,PYZ,4,0.0004
11624,PZ,4,0.0004
11625,PZA,4,0.0004
11626,PZB,4,0.0004
11627,PZC,4,0.0004
11628,PZD,4,0.0004
11629,PZE,4,0.0004
11630,PZF,4,0.0004
11631,PZG,4,0.0004
11632,PZH,4,0.0004
11633,PZI,4,0.0004
11634,PZJ,4,0.0004
11635,PZK,4,0.0004
11636,PZL,4,0.0004
11637,PZM,4,0.0004
11638,PZN,4,0.0004
11639,PZO,4,0.0004
11640,PZP,4,0.0004
11641,PZQ,4,0.0004
11642,PZR,4,0.0004
11643,PZS,4,0.0004
11644,PZT,4,0.0004
11645,PZU,4,0.0004
11646,PZV,4,0.0004
11647,PZW,4,0.0004
11648,PZX,4,0.0004
11649,PZY,4,0.0004
11650,PZZ,4,0.0004
11651,Q,4,0.0004
11652,QAA,4,0.0004
11653,QAB,4,0.0004
11654,QAC,4,0.0004
11655,QAD,4,0.0004
11656,QAE,4,0.0004
11657,QAF,4,0.0004
11658,QAG,4,0.0004
11659,QAH,4,0.0004
11660,QAI,4,0.0004
11661,QAJ,4,0.0004
11662,QAK,4,0.0004
11663,QAL,4,0.0004
11664,QAM,4,0.0004
11665,QAN,4,0.0004
11666,QAO,4,0.0004
11667,QAP,4,0.0004
11668,QAQ,4,0.0004
11669,QAR,4,0.0004
11670,QAS,4,0.0004
11671,QAT,4,0.0004
11672,QAU,4,0.0004
11673,QAV,4,0.0004
11674,QAW,4,0.0004
11675,QAX,4,0.0004
11676,QAY,4,0.0004
11677,QB,4,0.0004
11678,QBA,4,0.0004
11679,QBB,4,0.0004
11680,QBC,4,0.0004
11681,QBD,4,0.0004
11682,QBE,4,0.0004
11683,QBF,4,0.0004
11684,QBG,4,0.0004
11685,QBH,4,0.0004
11686,QBI,4,0.0004
11687,QBJ,4,0.0004
11688,QBK,4,0.0004
11689,QBL,4,0.0004
11690,QBM,4,0.0004
11691,QBN,4,0.0004
11692,QBO,4,0.0004
11693,QBP,4,0.0004
11694,QBQ,4,0.0004
11695,QBR,4,0.0004
11696,QBS,4,0.0004
11697,QBT,4,0.0004
11698,QBU,4,0.0004
11699,QBV,4,0.0004
11700,QBW,4,0.0004
11701,QBX,4,0.0004
11702,QBY,4,0.0004
11703,QBZ,4,0.0004
11704,QC,4,0.0004
11705,QCA,4,0.0004
11706,QCB,4,0.0004
11707,QCC,4,0.0004
11708,QCD,4,0.0004
11709,QCE,4,0.0004
11710,QCF,4,0.0004
11711,QCG,4,0.0004
11712,QCH,4,0.0004
11713,QCI,4,0.0004
11714,QCJ,4,0.0004
11715,QCK,4,0.0004
11716,QCL,4,0.0004
11717,QCM,4,0.0004
11718,QCN,4,0.0004
11719,QCO,4,0.0004
11720,QCP,4,0.0004
11721,QCQ,4,0.0004
11722,QCR,4,0.0004
11723,QCS,4,0.0004
11724,QCT,4,0.0004
11725,QCU,4,0.0004
11726,QCV,4,0.0004
11727,QCW,4,0.0004
11728,QCX,4,0.0004
11729,QCY,4,0.0004
11730,QCZ,4,0.0004
11731,QD,4,0.0004
11732,QDA,4,0.0004
11733,QDB,4,0.0004
11734,QDC,4,0.0004
11735,QDD,4,0.0004
11736,QDE,4,0.0004
11737,QDF,4,0.0004
11738,QDG,4,0.0004
11739,QDH,4,0.0004
11740,QDI,4,0.0004
11741,QDJ,4,0.0004
11742,QDK,4,0.0004
11743,QDL,4,0.0004
11744,QDM,4,0.0004
11745,QDN,4,0.0004
11746,QDO,4,0.0004
11747,QDP,4,0.0004
11748,QDQ,4,0.0004
11749,QDR,4,0.0004
11750,QDS,4,0.0004
11751,QDT,4,0.0004
11752,QDU,4,0.0004
11753,QDV,4,0.0004
11754,QDW,4,0.0004
11755,QDX,4,0.0004
11756,QDY,4,0.0004
11757,QDZ,4,0.0004
11758,QE,4,0.0004
11759,QEA,4,0.0004
11760,QEB,4,0.0004
11761,QEC,4,0.0004
11762,QED,4,0.0004
11763,QEE,4,0.0004
11764,QEF,4,0.0004
11765,QEG,4,0.0004
11766,QEH,4,0.0004
11767,QEI,4,0.0004
11768,QEJ,4,0.0004
11769,QEK,4,0.0004
11770,QEL,4,0.0004
11771,QEM,4,0.0004
11772,QEN,4,0.0004
11773,QEO,4,0.0004
11774,QEP,4,0.0004
11775,QEQ,4,0.0004
11776,QER,4,0.0004
11777,QES,4,0.0004
11778,QET,4,0.0004
11779,QEU,4,0.0004
11780,QEV,4,0.0004
11781,QEW,4,0.0004
11782,QEX,4,0.0004
11783,QEY,4,0.0004
11784,QEZ,4,0.0004
11785,QF,4,0.0004
11786,QFA,4,0.0004
11787,QFB,4,0.0004
11788,QFC,4,0.0004
11789,QFD,4,0.0004
11790,QFE,4,0.0004
11791,QFF,4,0.0004
11792,QFG,4,0.0004
11793,QFH,4,0.0004
11794,QFI,4,0.0004
11795,QFJ,4,0.0004
11796,QFK,4,0.0004
11797,QFL,4,0.0004
11798,QFM,4,0.0004
11799,QFN,4,0.0004
11800,QFO,4,0.0004
11801,QFP,4,0.0004
11802,QFQ,4,0.0004
11803,QFR,4,0.0004
11804,QFS,4,0.0004
11805,QFT,4,0.0004
11806,QFU,4,0.0004
11807,QFV,4,0.0004
11808,QFW,4,0.0004
11809,QFX,4,0.0004
11810,QFY,4,0.0004
11811,QFZ,4,0.0004
11812,QG,4,0.0004
11813,QGA,4,0.0004
11814,QGB,4,0.0004
11815,QGC,4,0.0004
11816,QGD,4,0.0004
11817,QGE,4,0.0004
11818,QGF,4,0.0004
11819,QGG,4,0.0004
11820,QGH,4,0.0004
11821,QGI,4,0.0004
11822,QGJ,4,0.0004
11823,QGK,4,0.0004
11824,QGL,4,0.0004
11825,QGM,4,0.0004
11826,QGN,4,0.0004
11827,QGO,4,0.0004
11828,QGP,4,0.0004
11829,QGQ,4,0.0004
11830,QGR,4,0.0004
11831,QGS,4,0.0004
11832,QGT,4,0.0004
11833,QGU,4,0.0004
11834,QGV,4,0.0004
11835,QGW,4,0.0004
11836,QGX,4,0.0004
11837,QGY,4,0.0004
11838,QGZ,4,0.0004
11839,QH,4,0.0004
11840,QHA,4,0.0004
11841,QHB,4,0.0004
11842,QHC,4,0.0004
11843,QHD,4,0.0004
11844,QHE,4,0.0004
11845,QHF,4,0.0004
11846,QHG,4,0.0004
11847,QHH,4,0.0004
11848,QHI,4,0.0004
11849,QHJ,4,0.0004
11850,QHK,4,0.0004
11851,QHL,4,0.0004
11852,QHM,4,0.0004
11853,QHN,4,0.0004
11854,QHO,4,0.0004
11855,QHP,4,0.0004
11856,QHQ,4,0.0004
11857,QHR,4,0.0004
11858,QHS,4,0.0004
11859,QHT,4,0.0004
11860,QHU,4,0.0004
11861,QHV,4,0.0004
11862,QHW,4,0.0004
11863,QHX,4,0.0004
11864,QHY,4,0.0004
11865,QHZ,4,0.0004
11866,QI,4,0.0004
11867,QIA,4,0.0004
11868,QIB,4,0.0004
11869,QIC,4,0.0004
11870,QID,4,0.0004
11871,QIE,4,0.0004
11872,QIF,4,0.0004
11873,QIG,4,0.0004
11874,QIH,4,0.0004
11875,QII,4,0.0004
11876,QIJ,4,0.0004
11877,QIK,4,0.0004
11878,QIL,4,0.0004
11879,QIM,4,0.0004
11880,QIN,4,0.0004
11881,QIO,4,0.0004
11882,QIP,4,0.0004
11883,QIQ,4,0.0004
11884,QIR,4,0.0004
11885,QIS,4,0.0004
11886,QIT,4,0.0004
11887,QIU,4,0.0004
11888,QIV,4,0.0004
11889,QIW,4,0.0004
11890,QIX,4,0.0004
11891,QIY,4,0.0004
11892,QIZ,4,0.0004
11893,QJ,4,0.0004
11894,QJA,4,0.0004
11895,QJB,4,0.0004
11896,QJC,4,0.0004
11897,QJD,4,0.0004
11898,QJE,4,0.0004
11899,QJF,4,0.0004
11900,QJG,4,0.0004
11901,QJH,4,0.0004
11902,QJI,4,0.0004
11903,QJJ,4,0.0004
11904,QJK,4,0.0004
11905,QJL,4,0.0004
11906,QJM,4,0.0004
11907,QJN,4,0.0004
11908,QJO,4,0.0004
11909,QJP,4,0.0004
11910,QJQ,4,0.0004
11911,QJR,4,0.0004
11912,QJS,4,0.0004
11913,QJT,4,0.0004
11914,QJU,4,0.0004
11915,QJV,4,0.0004
11916,QJW,4,0.0004
11917,QJX,4,0.0004
11918,QJY,4,0.0004
11919,QJZ,4,0.0004
11920,QK,4,0.0004
11921,QKA,4,0.0004
11922,QKB,4,0.0004
11923,QKC,4,0.0004
11924,QKD,4,0.0004
11925,QKE,4,0.0004
11926,QKF,4,0.0004
11927,QKG,4,0.0004
11928,QKH,4,0.0004
11929,QKI,4,0.0004
11930,QKJ,4,0.0004
11931,QKK,4,0.0004
11932,QKL,4,0.0004
11933,QKM,4,0.0004
11934,QKN,4,0.0004
11935,QKO,4,0.0004
11936,QKP,4,0.0004
11937,QKQ,4,0.0004
11938,QKR,4,0.0004
11939,QKS,4,0.0004
11940,QKT,4,0.0004
11941,QKU,4,0.0004
11942,QKV,4,0.0004
11943,QKW,4,0.0004
11944,QKX,4,0.0004
11945,QKY,4,0.0004
11946,QKZ,4,0.0004
11947,QL,4,0.0004
11948,QLA,4,0.0004
11949,QLB,4,0.0004
11950,QLC,4,0.0004
11951,QLD,4,0.0004
11952,QLE,4,0.0004
11953,QLF,4,0.0004
11954,QLG,4,0.0004
11955,QLH,4,0.0004
11956,QLI,4,0.0004
11957,QLJ,4,0.0004
11958,QLK,4,0.0004
11959,QLL,4,0.0004
11960,QLM,4,0.0004
11961,QLN,4,0.0004
11962,QLO,4,0.0004
11963,QLP,4,0.0004
11964,QLQ,4,0.0004
11965,QLR,4,0.0004
11966,QLS,4,0.0004
11967,QLT,4,0.0004
11968,QLU,4,0.0004
11969,QLV,4,0.0004
11970,QLW,4,0.0004
11971,QLX,4,0.0004
11972,QLY,4,0.0004
11973,QLZ,4,0.0004
11974,QM,4,0.0004
11975,QMA,4,0.0004
11976,QMB,4,0.0004
11977,QMC,4,0.0004
11978,QMD,4,0.0004
11979,QME,4,0.0004
11980,QMF,4,0.0004
11981,QMG,4,0.0004
11982,QMH,4,0.0004
11983,QMI,4,0.0004
11984,QMJ,4,0.0004
11985,QMK,4,0.0004
11986,QML,4,0.0004
11987,QMM,4,0.0004
11988,QMN,4,0.0004
11989,QMO,4,0.0004
11990,QMP,4,0.0004
11991,QMQ,4,0.0004
11992,QMR,4,0.0004
11993,QMS,4,0.0004
11994,QMT,4,0.0004
11995,QMU,4,0.0004
11996,QMV,4,0.0004
11997,QMW,4,0.0004
11998,QMX,4,0.0004
11999,QMY,4,0.0004
12000,QMZ,4,0.0004
12001,QN,4,0.0004
12002,QNA,4,0.0004
12003,QNB,4,0.0004
12004,QNC,4,0.0004
12005,QND,4,0.0004
12006,QNE,4,0.0004
12007,QNF,4,0.0004
12008,QNG,4,0.0004
12009,QNH,4,0.0004
12010,QNI,4,0.0004
12011,QNJ,4,0.0004
12012,QNK,4,0.0004
12013,QNL,4,0.0004
12014,QNM,4,0.0004
12015,QNN,4,0.0004
12016,QNO,4,0.0004
12017,QNP,4,0.0004
12018,QNQ,4,0.0004
12019,QNR,4,0.0004
12020,QNS,4,0.0004
12021,QNT,4,0.0004
12022,QNU,4,0.0004
12023,QNV,4,0.0004
12024,QNW,4,0.0004
12025,QNX,4,0.0004
12026,QNY,4,0.0004
12027,QNZ,4,0.0004
12028,QO,4,0.0004
12029,QOA,4,0.0004
12030,QOB,4,0.0004
12031,QOC,4,0.0004
12032,QOD,4,0.0004
12033,QOE,4,0.0004
12034,QOF,4,0.0004
12035,QOG,4,0.0004
12036,QOH,4,0.0004
12037,QOI,4,0.0004
12038,QOJ,4,0.0004
12039,QOK,4,0.0004
12040,QOL,4,0.0004
12041,QOM,4,0.0004
12042,QON,4,0.0004
12043,QOO,4,0.0004
12044,QOP,4,0.0004
12045,QOQ,4,0.0004
12046,QOR,4,0.0004
12047,QOS,4,0.0004
12048,QOT,4,0.0004
12049,QOU,4,0.0004
12050,QOV,4,0.0004
12051,QOW,4,0.0004
12052,QOX,4,0.0004
12053,QOY,4,0.0004
12054,QOZ,4,0.0004
12055,QP,4,0.0004
12056,QPA,4,0.0004
12057,QPB,4,0.0004
12058,QPC,4,0.0004
12059,QPD,4,0.0004
12060,QPE,4,0.0004
12061,QPF,4,0.0004
12062,QPG,4,0.0004
12063,QPH,4,0.0004
12064,QPI,4,0.0004
12065,QPJ,4,0.0004
12066,QPK,4,0.0004
12067,QPL,4,0.0004
12068,QPM,4,0.0004
12069,QPN,4,0.0004
12070,QPO,4,0.0004
12071,QPP,4,0.0004
12072,QPQ,4,0.0004
12073,QPR,4,0.0004
12074,QPS,4,0.0004
12075,QPT,4,0.0004
12076,QPU,4,0.0004
12077,QPV,4,0.0004
12078,QPW,4,0.0004
12079,QPX,4,0.0004
12080,QPY,4,0.0004
12081,QPZ,4,0.0004
12082,QQ,4,0.0004
12083,QQA,4,0.0004
12084,QQB,4,0.0004
12085,QQC,4,0.0004
12086,QQD,4,0.0004
12087,QQE,4,0.0004
12088,QQF,4,0.0004
12089,QQG,4,0.0004
12090,QQH,4,0.0004
12091,QQI,4,0.0004
12092,QQJ,4,0.0004
12093,QQK,4,0.0004
12094,QQL,4,0.0004
12095,QQM,4,0.0004
12096,QQN,4,0.0004
12097,QQO,4,0.0004
12098,QQP,4,0.0004
12099,QQQ,4,0.0004
12100,QQR,4,0.0004
12101,QQS,4,0.0004
12102,QQT,4,0.0004
12103,QQU,4,0.0004
12104,QQV,4,0.0004
12105,QQW,4,0.0004
12106,QQX,4,0.0004
12107,QQY,4,0.0004
12108,QQZ,4,0.0004
12109,QR,4,0.0004
12110,QRA,4,0.0004
12111,QRB,4,0.0004
12112,QRC,4,0.0004
12113,QRD,4,0.0004
12114,QRE,4,0.0004
12115,QRF,4,0.0004
12116,QRG,4,0.0004
12117,QRH,4,0.0004
12118,QRI,4,0.0004
12119,QRJ,4,0.0004
12120,QRK,4,0.0004
12121,QRL,4,0.0004
12122,QRM,4,0.0004
12123,QRN,4,0.0004
12124,QRO,4,0.0004
12125,QRP,4,0.0004
12126,QRQ,4,0.0004
12127,QRR,4,0.0004
12128,QRS,4,0.0004
12129,QRT,4,0.0004
12130,QRU,4,0.0004
12131,QRV,4,0.0004
12132,QRW,4,0.0004
12133,QRX,4,0.0004
12134,QRY,4,0.0004
12135,QRZ,4,0.0004
12136,QS,4,0.0004
12137,QSA,4,0.0004
12138,QSB,4,0.0004
12139,QSC,4,0.0004
12140,QSD,4,0.0004
12141,QSE,4,0.0004
12142,QSF,4,0.0004
12143,QSG,4,0.0004
12144,QSH,4,0.0004
12145,QSI,4,0.0004
12146,QSJ,4,0.0004
12147,QSK,4,0.0004
12148,QSL,4,0.0004
12149,QSM,4,0.0004
12150,QSN,4,0.0004
12151,QSO,4,0.0004
12152,QSP,4,0.0004
12153,QSQ,4,0.0004
12154,QSR,4,0.0004
12155,QSS,4,0.0004
12156,QST,4,0.0004
12157,QSU,4,0.0004
12158,QSV,4,0.0004
12159,QSW,4,0.0004
12160,QSX,4,0.0004
12161,QSY,4,0.0004
12162,QSZ,4,0.0004
12163,QT,4,0.0004
12164,QTA,4,0.0004
12165,QTB,4,0.0004
12166,QTC,4,0.0004
12167,QTD,4,0.0004
12168,QTE,4,0.0004
12169,QTF,4,0.0004
12170,QTG,4,0.0004
12171,QTH,4,0.0004
12172,QTI,4,0.0004
12173,QTJ,4,0.0004
12174,QTK,4,0.0004
12175,QTL,4,0.0004
12176,QTM,4,0.0004
12177,QTN,4,0.0004
12178,QTO,4,0.0004
12179,QTP,4,0.0004
12180,QTQ,4,0.0004
12181,QTR,4,0.0004
12182,QTS,4,0.0004
12183,QTT,4,0.0004
12184,QTU,4,0.0004
12185,QTV,4,0.0004
12186,QTW,4,0.0004
12187,QTX,4,0.0004
12188,QTY,4,0.0004
12189,QTZ,4,0.0004
12190,QU,4,0.0004
12191,QUA,4,0.0004
12192,QUB,4,0.0004
12193,QUC,4,0.0004
12194,QUD,4,0.0004
12195,QUE,4,0.0004
12196,QUF,4,0.0004
12197,QUG,4,0.0004
12198,QUH,4,0.0004
12199,QUI,4,0.0004
12200,QUJ,4,0.0004
12201,QUK,4,0.0004
12202,QUL,4,0.0004
12203,QUM,4,0.0004
12204,QUN,4,0.0004
12205,QUO,4,0.0004
12206,QUP,4,0.0004
12207,QUQ,4,0.0004
12208,QUR,4,0.0004
12209,QUS,4,0.0004
12210,QUT,4,0.0004
12211,QUU,4,0.0004
12212,QUV,4,0.0004
12213,QUW,4,0.0004
12214,QUX,4,0.0004
12215,QUY,4,0.0004
12216,QUZ,4,0.0004
12217,QV,4,0.0004
12218,QVA,4,0.0004
12219,QVB,4,0.0004
12220,QVC,4,0.0004
12221,QVD,4,0.0004
12222,QVE,4,0.0004
12223,QVF,4,0.0004
12224,QVG,4,0.0004
12225,QVH,4,0.0004
12226,QVI,4,0.0004
12227,QVJ,4,0.0004
12228,QVK,4,0.0004
12229,QVL,4,0.0004
12230,QVM,4,0.0004
12231,QVN,4,0.0004
12232,QVO,4,0.0004
12233,QVP,4,0.0004
12234,QVQ,4,0.0004
12235,QVR,4,0.0004
12236,QVS,4,0.0004
12237,QVT,4,0.0004
12238,QVU,4,0.0004
12239,QVV,4,0.0004
12240,QVW,4,0.0004
12241,QVX,4,0.0004
12242,QVY,4,0.0004
12243,QVZ,4,0.0004
12244,QW,4,0.0004
12245,QWA,4,0.0004
12246,QWB,4,0.0004
12247,QWC,4,0.0004
12248,QWD,4,0.0004
12249,QWE,4,0.0004
12250,QWF,4,0.0004
12251,QWG,4,0.0004
12252,QWH,4,0.0004
12253,QWI,4,0.0004
12254,QWJ,4,0.0004
12255,QWK,4,0.0004
12256,QWL,4,0.0004
12257,QWM,4,0.0004
12258,QWN,4,0.0004
12259,QWO,4,0.0004
12260,QWP,4,0.0004
12261,QWQ,4,0.0004
12262,QWR,4,0.0004
12263,QWS,4,0.0004
12264,QWT,4,0.0004
12265,QWU,4,0.0004
12266,QWV,4,0.0004
12267,QWW,4,0.0004
12268,QWX,4,0.0004
12269,QWY,4,0.0004
12270,QWZ,4,0.0004
12271,QX,4,0.0004
12272,QXA,4,0.0004
12273,QXB,4,0.0004
12274,QXC,4,0.0004
12275,QXD,4,0.0004
12276,QXE,4,0.0004
12277,QXF,4,0.0004
12278,QXG,4,0.0004
12279,QXH,4,0.0004
12280,QXI,4,0.0004
12281,QXJ,4,0.0004
12282,QXK,4,0.0004
12283,QXL,4,0.0004
12284,QXM,4,0.0004
12285,QXN,4,0.0004
12286,QXO,4,0.0004
12287,QXP,4,0.0004
12288,QXQ,4,0.0004
12289,QXR,4,0.0004
12290,QXS,4,0.0004
12291,QXT,4,0.0004
12292,QXU,4,0.0004
12293,QXV,4,0.0004
12294,QXW,4,0.0004
12295,QXX,4,0.0004
12296,QXY,4,0.0004
12297,QXZ,4,0.0004
12298,QY,4,0.0004
12299,QYA,4,0.0004
12300,QYB,4,0.0004
12301,QYC,4,0.0004
12302,QYD,4,0.0004
12303,QYE,4,0.0004
12304,QYF,4,0.0004
12305,QYG,4,0.0004
12306,QYH,4,0.0004
12307,QYI,4,0.0004
12308,QYJ,4,0.0004
12309,QYK,4,0.0004
12310,QYL,4,0.0004
12311,QYM,4,0.0004
12312,QYN,4,0.0004
12313,QYO,4,0.0004
12314,QYP,4,0.0004
12315,QYQ,4,0.0004
12316,QYR,4,0.0004
12317,QYS,4,0.0004
12318,QYT,4,0.0004
12319,QYU,4,0.0004
12320,QYV,4,0.0004
12321,QYW,4,0.0004
12322,QYX,4,0.0004
12323,QYY,4,0.0004
12324,QYZ,4,0.0004
12325,QZ,4,0.0004
12326,QZA,4,0.0004
12327,QZB,4,0.0004
12328,QZC,4,0.0004
12329,QZD,4,0.0004
12330,QZE,4,0.0004
12331,QZF,4,0.0004
12332,QZG,4,0.0004
12333,QZH,4,0.0004
12334,QZI,4,0.0004
12335,QZJ,4,0.0004
12336,QZK,4,0.0004
12337,QZL,4,0.0004
12338,QZM,4,0.0004
12339,QZN,4,0.0004
12340,QZO,4,0.0004
12341,QZP,4,0.0004
12342,QZQ,4,0.0004
12343,QZR,4,0.0004
12344,QZS,4,0.0004
12345,QZT,4,0.0004
12346,QZU,4,0.0004
12347,QZV,4,0.0004
12348,QZW,4,0.0004
12349,QZX,4,0.0004
12350,QZY,4,0.0004
12351,QZZ,4,0.0004
12352,R,4,0.0004
12353,RA,4,0.0004
12354,RAA,4,0.0004
12355,RAB,4,0.0004
12356,RAC,4,0.0004
12357,RAD,4,0.0004
12358,RAE,4,0.0004
12359,RAF,4,0.0004
12360,RAG,4,0.0004
12361,RAH,4,0.0004
12362,RAI,4,0.0004
12363,RAJ,4,0.0004
12364,RAK,4,0.0004
12365,RAL,4,0.0004
12366,RAM,4,0.0004
12367,RAN,4,0.0004
12368,RAO,4,0.0004
12369,RAP,4,0.0004
12370,RAQ,4,0.0004
12371,RAR,4,0.0004
12372,RAS,4,0.0004
12373,RAT,4,0.0004
12374,RAU,4,0.0004
12375,RAV,4,0.0004
12376,RAW,4,0.0004
12377,RAX,4,0.0004
12378,RAZ,4,0.0004
12379,RB,4,0.0004
12380,RBA,4,0.0004
12381,RBB,4,0.0004
12382,RBC,4,0.0004
12383,RBD,4,0.0004
12384,RBE,4,0.0004
12385,RBF,4,0.0004
12386,RBG,4,0.0004
12387,RBH,4,0.0004
12388,RBI,4,0.0004
12389,RBJ,4,0.0004
12390,RBK,4,0.0004
12391,RBL,4,0.0004
12392,RBM,4,0.0004
12393,RBN,4,0.0004
12394,RBO,4,0.0004
12395,RBP,4,0.0004
12396,RBQ,4,0.0004
12397,RBR,4,0.0004
12398,RBS,4,0.0004
12399,RBT,4,0.0004
12400,RBU,4,0.0004
12401,RBV,4,0.0004
12402,RBW,4,0.0004
12403,RBX,4,0.0004
12404,RBY,4,0.0004
12405,RBZ,4,0.0004
12406,RC,4,0.0004
12407,RCA,4,0.0004
12408,RCB,4,0.0004
12409,RCC,4,0.0004
12410,RCD,4,0.0004
12411,RCE,4,0.0004
12412,RCF,4,0.0004
12413,RCG,4,0.0004
12414,RCH,4,0.0004
12415,RCI,4,0.0004
12416,RCJ,4,0.0004
12417,RCK,4,0.0004
12418,RCL,4,0.0004
12419,RCM,4,0.0004
12420,RCN,4,0.0004
12421,RCO,4,0.0004
12422,RCP,4,0.0004
12423,RCQ,4,0.0004
12424,RCR,4,0.0004
12425,RCS,4,0.0004
12426,RCT,4,0.0004
12427,RCU,4,0.0004
12428,RCV,4,0.0004
12429,RCW,4,0.0004
12430,RCX,4,0.0004
12431,RCY,4,0.0004
12432,RCZ,4,0.0004
12433,RDA,4,0.0004
12434,RDB,4,0.0004
12435,RDC,4,0.0004
12436,RDD,4,0.0004
12437,RDE,4,0.0004
12438,RDF,4,0.0004
12439,RDG,4,0.0004
12440,RDH,4,0.0004
12441,RDI,4,0.0004
12442,RDJ,4,0.0004
12443,RDK,4,0.0004
12444,RDL,4,0.0004
12445,RDM,4,0.0004
12446,RDN,4,0.0004
12447,RDO,4,0.0004
12448,RDQ,4,0.0004
12449,RDR,4,0.0004
12450,RDS,4,0.0004
12451,RDT,4,0.0004
12452,RDU,4,0.0004
12453,RDV,4,0.0004
12454,RDW,4,0.0004
12455,RDX,4,0.0004
12456,RDY,4,0.0004
12457,RDZ,4,0.0004
12458,REA,4,0.0004
12459,REB,4,0.0004
12460,REC,4,0.0004
12461,RED,4,0.0004
12462,REE,4,0.0004
12463,REF,4,0.0004
12464,REG,4,0.0004
12465,REH,4,0.0004
12466,REI,4,0.0004
12467,REJ,4,0.0004
12468,REK,4,0.0004
12469,REL,4,0.0004
12470,REM,4,0.0004
12471,REN,4,0.0004
12472,REO,4,0.0004
12473,REP,4,0.0004
12474,REQ,4,0.0004
12475,RER,4,0.0004
12476,RES,4,0.0004
12477,RET,4,0.0004
12478,REU,4,0.0004
12479,REV,4,0.0004
12480,REW,4,0.0004
12481,REX,4,0.0004
12482,REY,4,0.0004
12483,REZ,4,0.0004
12484,RF,4,0.0004
12485,RFA,4,0.0004
12486,RFB,4,0.0004
12487,RFC,4,0.0004
12488,RFD,4,0.0004
12489,RFE,4,0.0004
12490,RFF,4,0.0004
12491,RFG,4,0.0004
12492,RFH,4,0.0004
12493,RFI,4,0.0004
12494,RFJ,4,0.0004
12495,RFK,4,0.0004
12496,RFL,4,0.0004
12497,RFM,4,0.0004
12498,RFN,4,0.0004
12499,RFO,4,0.0004
12500,RFP,4,0.0004
12501,RFQ,4,0.0004
12502,RFR,4,0.0004
12503,RFS,4,0.0004
12504,RFT,4,0.0004
12505,RFU,4,0.0004
12506,RFV,4,0.0004
12507,RFW,4,0.0004
12508,RFX,4,0.0004
12509,RFY,4,0.0004
12510,RFZ,4,0.0004
12511,RG,4,0.0004
12512,RGA,4,0.0004
12513,RGB,4,0.0004
12514,RGC,4,0.0004
12515,RGD,4,0.0004
12516,RGE,4,0.0004
12517,RGF,4,0.0004
12518,RGG,4,0.0004
12519,RGH,4,0.0004
12520,RGI,4,0.0004
12521,RGJ,4,0.0004
12522,RGK,4,0.0004
12523,RGL,4,0.0004
12524,RGM,4,0.0004
12525,RGN,4,0.0004
12526,RGO,4,0.0004
12527,RGP,4,0.0004
12528,RGQ,4,0.0004
12529,RGR,4,0.0004
12530,RGS,4,0.0004
12531,RGT,4,0.0004
12532,RGU,4,0.0004
12533,RGV,4,0.0004
12534,RGW,4,0.0004
12535,RGX,4,0.0004
12536,RGY,4,0.0004
12537,RGZ,4,0.0004
12538,RH,4,0.0004
12539,RHA,4,0.0004
12540,RHB,4,0.0004
12541,RHC,4,0.0004
12542,RHD,4,0.0004
12543,RHE,4,0.0004
12544,RHF,4,0.0004
12545,RHG,4,0.0004
12546,RHH,4,0.0004
12547,RHI,4,0.0004
12548,RHJ,4,0.0004
12549,RHK,4,0.0004
12550,RHL,4,0.0004
12551,RHM,4,0.0004
12552,RHN,4,0.0004
12553,RHO,4,0.0004
12554,RHP,4,0.0004
12555,RHQ,4,0.0004
12556,RHR,4,0.0004
12557,RHS,4,0.0004
12558,RHT,4,0.0004
12559,RHU,4,0.0004
12560,RHV,4,0.0004
12561,RHW,4,0.0004
12562,RHX,4,0.0004
12563,RHY,4,0.0004
12564,RHZ,4,0.0004
12565,RI,4,0.0004
12566,RIA,4,0.0004
12567,RIB,4,0.0004
12568,RIC,4,0.0004
12569,RID,4,0.0004
12570,RIE,4,0.0004
12571,RIF,4,0.0004
12572,RIG,4,0.0004
12573,RIH,4,0.0004
12574,RII,4,0.0004
12575,RIJ,4,0.0004
12576,RIK,4,0.0004
12577,RIL,4,0.0004
12578,RIM,4,0.0004
12579,RIN,4,0.0004
12580,RIO,4,0.0004
12581,RIP,4,0.0004
12582,RIQ,4,0.0004
12583,RIR,4,0.0004
12584,RIS,4,0.0004
12585,RIT,4,0.0004
12586,RIU,4,0.0004
12587,RIV,4,0.0004
12588,RIW,4,0.0004
12589,RIX,4,0.0004
12590,RIY,4,0.0004
12591,RIZ,4,0.0004
12592,RJ,4,0.0004
12593,RJA,4,0.0004
12594,RJB,4,0.0004
12595,RJC,4,0.0004
12596,RJD,4,0.0004
12597,RJE,4,0.0004
12598,RJF,4,0.0004
12599,RJG,4,0.0004
12600,RJH,4,0.0004
12601,RJI,4,0.0004
12602,RJJ,4,0.0004
12603,RJK,4,0.0004
12604,RJL,4,0.0004
12605,RJM,4,0.0004
12606,RJN,4,0.0004
12607,RJO,4,0.0004
12608,RJP,4,0.0004
12609,RJQ,4,0.0004
12610,RJR,4,0.0004
12611,RJS,4,0.0004
12612,RJT,4,0.0004
12613,RJU,4,0.0004
12614,RJV,4,0.0004
12615,RJW,4,0.0004
12616,RJX,4,0.0004
12617,RJY,4,0.0004
12618,RJZ,4,0.0004
12619,RK,4,0.0004
12620,RKA,4,0.0004
12621,RKB,4,0.0004
12622,RKC,4,0.0004
12623,RKD,4,0.0004
12624,RKE,4,0.0004
12625,RKF,4,0.0004
12626,RKG,4,0.0004
12627,RKH,4,0.0004
12628,RKI,4,0.0004
12629,RKJ,4,0.0004
12630,RKK,4,0.0004
12631,RKL,4,0.0004
12632,RKM,4,0.0004
12633,RKN,4,0.0004
12634,RKO,4,0.0004
12635,RKP,4,0.0004
12636,RKQ,4,0.0004
12637,RKR,4,0.0004
12638,RKS,4,0.0004
12639,RKT,4,0.0004
12640,RKU,4,0.0004
12641,RKV,4,0.0004
12642,RKW,4,0.0004
12643,RKX,4,0.0004
12644,RKY,4,0.0004
12645,RKZ,4,0.0004
12646,RL,4,0.0004
12647,RLA,4,0.0004
12648,RLB,4,0.0004
12649,RLC,4,0.0004
12650,RLD,4,0.0004
12651,RLE,4,0.0004
12652,RLF,4,0.0004
12653,RLG,4,0.0004
12654,RLH,4,0.0004
12655,RLI,4,0.0004
12656,RLJ,4,0.0004
12657,RLK,4,0.0004
12658,RLL,4,0.0004
12659,RLM,4,0.0004
12660,RLN,4,0.0004
12661,RLO,4,0.0004
12662,RLP,4,0.0004
12663,RLQ,4,0.0004
12664,RLR,4,0.0004
12665,RLS,4,0.0004
12666,RLT,4,0.0004
12667,RLU,4,0.0004
12668,RLV,4,0.0004
12669,RLW,4,0.0004
12670,RLX,4,0.0004
12671,RLY,4,0.0004
12672,RLZ,4,0.0004
12673,RM,4,0.0004
12674,RMA,4,0.0004
12675,RMB,4,0.0004
12676,RMC,4,0.0004
12677,RMD,4,0.0004
12678,RME,4,0.0004
12679,RMF,4,0.0004
12680,RMG,4,0.0004
12681,RMH,4,0.0004
12682,RMI,4,0.0004
12683,RMJ,4,0.0004
12684,RMK,4,0.0004
12685,RML,4,0.0004
12686,RMM,4,0.0004
12687,RMN,4,0.0004
12688,RMO,4,0.0004
12689,RMP,4,0.0004
12690,RMQ,4,0.0004
12691,RMR,4,0.0004
12692,RMS,4,0.0004
12693,RMT,4,0.0004
12694,RMU,4,0.0004
12695,RMV,4,0.0004
12696,RMW,4,0.0004
12697,RMX,4,0.0004
12698,RMY,4,0.0004
12699,RMZ,4,0.0004
12700,RN,4,0.0004
12701,RNA,4,0.0004
12702,RNB,4,0.0004
12703,RNC,4,0.0004
12704,RND,4,0.0004
12705,RNE,4,0.0004
12706,RNF,4,0.0004
12707,RNG,4,0.0004
12708,RNH,4,0.0004
12709,RNI,4,0.0004
12710,RNJ,4,0.0004
12711,RNK,4,0.0004
12712,RNL,4,0.0004
12713,RNM,4,0.0004
12714,RNN,4,0.0004
12715,RNO,4,0.0004
12716,RNP,4,0.0004
12717,RNQ,4,0.0004
12718,RNR,4,0.0004
12719,RNS,4,0.0004
12720,RNT,4,0.0004
12721,RNU,4,0.0004
12722,RNV,4,0.0004
12723,RNW,4,0.0004
12724,RNX,4,0.0004
12725,RNY,4,0.0004
12726,RNZ,4,0.0004
12727,RO,4,0.0004
12728,ROA,4,0.0004
12729,ROB,4,0.0004
12730,ROC,4,0.0004
12731,ROD,4,0.0004
12732,ROE,4,0.0004
12733,ROF,4,0.0004
12734,ROG,4,0.0004
12735,ROH,4,0.0004
12736,ROI,4,0.0004
12737,ROJ,4,0.0004
12738,ROK,4,0.0004
12739,ROL,4,0.0004
12740,ROM,4,0.0004
12741,RON,4,0.0004
12742,ROO,4,0.0004
12743,ROP,4,0.0004
12744,ROQ,4,0.0004
12745,ROR,4,0.0004
12746,ROS,4,0.0004
12747,ROT,4,0.0004
12748,ROU,4,0.0004
12749,ROV,4,0.0004
12750,ROW,4,0.0004
12751,ROX,4,0.0004
12752,ROY,4,0.0004
12753,ROZ,4,0.0004
12754,RP,4,0.0004
12755,RPA,4,0.0004
12756,RPB,4,0.0004
12757,RPC,4,0.0004
12758,RPD,4,0.0004
12759,RPE,4,0.0004
12760,RPF,4,0.0004
12761,RPG,4,0.0004
12762,RPH,4,0.0004
12763,RPI,4,0.0004
12764,RPJ,4,0.0004
12765,RPK,4,0.0004
12766,RPL,4,0.0004
12767,RPM,4,0.0004
12768,RPN,4,0.0004
12769,RPO,4,0.0004
12770,RPP,4,0.0004
12771,RPQ,4,0.0004
12772,RPR,4,0.0004
12773,RPS,4,0.0004
12774,RPT,4,0.0004
12775,RPU,4,0.0004
12776,RPV,4,0.0004
12777,RPW,4,0.0004
12778,RPX,4,0.0004
12779,RPY,4,0.0004
12780,RPZ,4,0.0004
12781,RQ,4,0.0004
12782,RQA,4,0.0004
12783,RQB,4,0.0004
12784,RQC,4,0.0004
12785,RQD,4,0.0004
12786,RQE,4,0.0004
12787,RQF,4,0.0004
12788,RQG,4,0.0004
12789,RQH,4,0.0004
12790,RQI,4,0.0004
12791,RQJ,4,0.0004
12792,RQK,4,0.0004
12793,RQL,4,0.0004
12794,RQM,4,0.0004
12795,RQN,4,0.0004
12796,RQO,4,0.0004
12797,RQP,4,0.0004
12798,RQQ,4,0.0004
12799,RQR,4,0.0004
12800,RQS,4,0.0004
12801,RQT,4,0.0004
12802,RQU,4,0.0004
12803,RQV,4,0.0004
12804,RQW,4,0.0004
12805,RQX,4,0.0004
12806,RQY,4,0.0004
12807,RQZ,4,0.0004
12808,RR,4,0.0004
12809,RRA,4,0.0004
12810,RRB,4,0.0004
12811,RRC,4,0.0004
12812,RRD,4,0.0004
12813,RRE,4,0.0004
12814,RRF,4,0.0004
12815,RRG,4,0.0004
12816,RRH,4,0.0004
12817,RRI,4,0.0004
12818,RRJ,4,0.0004
12819,RRK,4,0.0004
12820,RRL,4,0.0004
12821,RRM,4,0.0004
12822,RRN,4,0.0004
12823,RRO,4,0.0004
12824,RRP,4,0.0004
12825,RRQ,4,0.0004
12826,RRR,4,0.0004
12827,RRS,4,0.0004
12828,RRT,4,0.0004
12829,RRU,4,0.0004
12830,RRV,4,0.0004
12831,RRW,4,0.0004
12832,RRX,4,0.0004
12833,RRY,4,0.0004
12834,RRZ,4,0.0004
12835,RS,4,0.0004
12836,RSA,4,0.0004
12837,RSB,4,0.0004
12838,RSC,4,0.0004
12839,RSD,4,0.0004
12840,RSE,4,0.0004
12841,RSF,4,0.0004
12842,RSG,4,0.0004
12843,RSH,4,0.0004
12844,RSI,4,0.0004
12845,RSJ,4,0.0004
12846,RSK,4,0.0004
12847,RSL,4,0.0004
12848,RSM,4,0.0004
12849,RSN,4,0.0004
12850,RSO,4,0.0004
12851,RSP,4,0.0004
12852,RSQ,4,0.0004
12853,RSR,4,0.0004
12854,RSS,4,0.0004
12855,RST,4,0.0004
12856,RSU,4,0.0004
12857,RSV,4,0.0004
12858,RSW,4,0.0004
12859,RSX,4,0.0004
12860,RSY,4,0.0004
12861,RSZ,4,0.0004
12862,RT,4,0.0004
12863,RTA,4,0.0004
12864,RTB,4,0.0004
12865,RTC,4,0.0004
12866,RTD,4,0.0004
12867,RTE,4,0.0004
12868,RTF,4,0.0004
12869,RTG,4,0.0004
12870,RTH,4,0.0004
12871,RTI,4,0.0004
12872,RTJ,4,0.0004
12873,RTK,4,0.0004
12874,RTL,4,0.0004
12875,RTM,4,0.0004
12876,RTN,4,0.0004
12877,RTO,4,0.0004
12878,RTP,4,0.0004
12879,RTQ,4,0.0004
12880,RTR,4,0.0004
12881,RTS,4,0.0004
12882,RTT,4,0.0004
12883,RTU,4,0.0004
12884,RTV,4,0.0004
12885,RTW,4,0.0004
12886,RTX,4,0.0004
12887,RTY,4,0.0004
12888,RTZ,4,0.0004
12889,RU,4,0.0004
12890,RUA,4,0.0004
12891,RUB,4,0.0004
12892,RUC,4,0.0004
12893,RUD,4,0.0004
12894,RUE,4,0.0004
12895,RUF,4,0.0004
12896,RUG,4,0.0004
12897,RUH,4,0.0004
12898,RUI,4,0.0004
12899,RUJ,4,0.0004
12900,RUK,4,0.0004
12901,RUL,4,0.0004
12902,RUM,4,0.0004
12903,RUN,4,0.0004
12904,RUO,4,0.0004
12905,RUP,4,0.0004
12906,RUQ,4,0.0004
12907,RUR,4,0.0004
12908,RUS,4,0.0004
12909,RUT,4,0.0004
12910,RUU,4,0.0004
12911,RUV,4,0.0004
12912,RUW,4,0.0004
12913,RUX,4,0.0004
12914,RUY,4,0.0004
12915,RUZ,4,0.0004
12916,RV,4,0.0004
12917,RVA,4,0.0004
12918,RVB,4,0.0004
12919,RVC,4,0.0004
12920,RVD,4,0.0004
12921,RVE,4,0.0004
12922,RVF,4,0.0004
12923,RVG,4,0.0004
12924,RVH,4,0.0004
12925,RVI,4,0.0004
12926,RVJ,4,0.0004
12927,RVK,4,0.0004
12928,RVL,4,0.0004
12929,RVM,4,0.0004
12930,RVN,4,0.0004
12931,RVO,4,0.0004
12932,RVP,4,0.0004
12933,RVQ,4,0.0004
12934,RVR,4,0.0004
12935,RVS,4,0.0004
12936,RVT,4,0.0004
12937,RVU,4,0.0004
12938,RVV,4,0.0004
12939,RVW,4,0.0004
12940,RVX,4,0.0004
12941,RVY,4,0.0004
12942,RVZ,4,0.0004
12943,RW,4,0.0004
12944,RWA,4,0.0004
12945,RWB,4,0.0004
12946,RWC,4,0.0004
12947,RWD,4,0.0004
12948,RWE,4,0.0004
12949,RWF,4,0.0004
12950,RWG,4,0.0004
12951,RWH,4,0.0004
12952,RWI,4,0.0004
12953,RWJ,4,0.0004
12954,RWK,4,0.0004
12955,RWL,4,0.0004
12956,RWM,4,0.0004
12957,RWN,4,0.0004
12958,RWO,4,0.0004
12959,RWP,4,0.0004
12960,RWQ,4,0.0004
12961,RWR,4,0.0004
12962,RWS,4,0.0004
12963,RWT,4,0.0004
12964,RWU,4,0.0004
12965,RWV,4,0.0004
12966,RWW,4,0.0004
12967,RWX,4,0.0004
12968,RWY,4,0.0004
12969,RWZ,4,0.0004
12970,RX,4,0.0004
12971,RXA,4,0.0004
12972,RXB,4,0.0004
12973,RXC,4,0.0004
12974,RXD,4,0.0004
12975,RXE,4,0.0004
12976,RXF,4,0.0004
12977,RXG,4,0.0004
12978,RXH,4,0.0004
12979,RXI,4,0.0004
12980,RXJ,4,0.0004
12981,RXK,4,0.0004
12982,RXL,4,0.0004
12983,RXM,4,0.0004
12984,RXN,4,0.0004
12985,RXO,4,0.0004
12986,RXP,4,0.0004
12987,RXQ,4,0.0004
12988,RXR,4,0.0004
12989,RXS,4,0.0004
12990,RXT,4,0.0004
12991,RXU,4,0.0004
12992,RXV,4,0.0004
12993,RXW,4,0.0004
12994,RXX,4,0.0004
12995,RXY,4,0.0004
12996,RXZ,4,0.0004
12997,RY,4,0.0004
12998,RYA,4,0.0004
12999,RYB,4,0.0004
13000,RYC,4,0.0004
13001,RYD,4,0.0004
13002,RYE,4,0.0004
13003,RYF,4,0.0004
13004,RYG,4,0.0004
13005,RYH,4,0.0004
13006,RYI,4,0.0004
13007,RYJ,4,0.0004
13008,RYK,4,0.0004
13009,RYL,4,0.0004
13010,RYM,4,0.0004
13011,RYN,4,0.0004
13012,RYO,4,0.0004
13013,RYP,4,0.0004
13014,RYQ,4,0.0004
13015,RYR,4,0.0004
13016,RYS,4,0.0004
13017,RYT,4,0.0004
13018,RYU,4,0.0004
13019,RYV,4,0.0004
13020,RYW,4,0.0004
13021,RYX,4,0.0004
13022,RYY,4,0.0004
13023,RYZ,4,0.0004
13024,RZ,4,0.0004
13025,RZA,4,0.0004
13026,RZB,4,0.0004
13027,RZC,4,0.0004
13028,RZD,4,0.0004
13029,RZE,4,0.0004
13030,RZF,4,0.0004
13031,RZG,4,0.0004
13032,RZH,4,0.0004
13033,RZI,4,0.0004
13034,RZJ,4,0.0004
13035,RZK,4,0.0004
13036,RZL,4,0.0004
13037,RZM,4,0.0004
13038,RZN,4,0.0004
13039,RZO,4,0.0004
13040,RZP,4,0.0004
13041,RZQ,4,0.0004
13042,RZR,4,0.0004
13043,RZS,4,0.0004
13044,RZT,4,0.0004
13045,RZU,4,0.0004
13046,RZV,4,0.0004
13047,RZW,4,0.0004
13048,RZX,4,0.0004
13049,RZY,4,0.0004
13050,RZZ,4,0.0004
13051,S,4,0.0004
13052,SAA,4,0.0004
13053,SAB,4,0.0004
13054,SAC,4,0.0004
13055,SAD,4,0.0004
13056,SAE,4,0.0004
13057,SAF,4,0.0004
13058,SAG,4,0.0004
13059,SAH,4,0.0004
13060,SAI,4,0.0004
13061,SAJ,4,0.0004
13062,SAK,4,0.0004
13063,SAL,4,0.0004
13064,SAN,4,0.0004
13065,SAO,4,0.0004
13066,SAP,4,0.0004
13067,SAQ,4,0.0004
13068,SAR,4,0.0004
13069,SAS,4,0.0004
13070,SAT,4,0.0004
13071,SAU,4,0.0004
13072,SAV,4,0.0004
13073,SAW,4,0.0004
13074,SAX,4,0.0004
13075,SAY,4,0.0004
13076,SAZ,4,0.0004
13077,SB,4,0.0004
13078,SBA,4,0.0004
13079,SBB,4,0.0004
13080,SBC,4,0.0004
13081,SBD,4,0.0004
13082,SBE,4,0.0004
13083,SBF,4,0.0004
13084,SBG,4,0.0004
13085,SBH,4,0.0004
13086,SBI,4,0.0004
13087,SBJ,4,0.0004
13088,SBK,4,0.0004
13089,SBL,4,0.0004
13090,SBM,4,0.0004
13091,SBN,4,0.0004
13092,SBO,4,0.0004
13093,SBP,4,0.0004
13094,SBQ,4,0.0004
13095,SBR,4,0.0004
13096,SBS,4,0.0004
13097,SBT,4,0.0004
13098,SBU,4,0.0004
13099,SBV,4,0.0004
13100,SBW,4,0.0004
13101,SBX,4,0.0004
13102,SBY,4,0.0004
13103,SBZ,4,0.0004
13104,SCA,4,0.0004
13105,SCB,4,0.0004
13106,SCC,4,0.0004
13107,SCD,4,0.0004
13108,SCE,4,0.0004
13109,SCF,4,0.0004
13110,SCG,4,0.0004
13111,SCH,4,0.0004
13112,SCI,4,0.0004
13113,SCJ,4,0.0004
13114,SCK,4,0.0004
13115,SCL,4,0.0004
13116,SCM,4,0.0004
13117,SCN,4,0.0004
13118,SCO,4,0.0004
13119,SCP,4,0.0004
13120,SCQ,4,0.0004
13121,SCR,4,0.0004
13122,SCS,4,0.0004
13123,SCT,4,0.0004
13124,SCU,4,0.0004
13125,SCV,4,0.0004
13126,SCW,4,0.0004
13127,SCX,4,0.0004
13128,SCY,4,0.0004
13129,SCZ,4,0.0004
13130,SDA,4,0.0004
13131,SDB,4,0.0004
13132,SDC,4,0.0004
13133,SDD,4,0.0004
13134,SDE,4,0.0004
13135,SDF,4,0.0004
13136,SDG,4,0.0004
13137,SDH,4,0.0004
13138,SDI,4,0.0004
13139,SDJ,4,0.0004
13140,SDK,4,0.0004
13141,SDL,4,0.0004
13142,SDM,4,0.0004
13143,SDN,4,0.0004
13144,SDO,4,0.0004
13145,SDP,4,0.0004
13146,SDQ,4,0.0004
13147,SDR,4,0.0004
13148,SDS,4,0.0004
13149,SDT,4,0.0004
13150,SDU,4,0.0004
13151,SDV,4,0.0004
13152,SDW,4,0.0004
13153,SDX,4,0.0004
13154,SDY,4,0.0004
13155,SDZ,4,0.0004
13156,SE,4,0.0004
13157,SEA,4,0.0004
13158,SEB,4,0.0004
13159,SEC,4,0.0004
13160,SED,4,0.0004
13161,SEE,4,0.0004
13162,SEF,4,0.0004
13163,SEG,4,0.0004
13164,SEH,4,0.0004
13165,SEI,4,0.0004
13166,SEJ,4,0.0004
13167,SEK,4,0.0004
13168,SEL,4,0.0004
13169,SEM,4,0.0004
13170,SEN,4,0.0004
13171,SEO,4,0.0004
13172,SEP,4,0.0004
13173,SEQ,4,0.0004
13174,SER,4,0.0004
13175,SES,4,0.0004
13176,SET,4,0.0004
13177,SETUP,4,0.0004
13178,SEU,4,0.0004
13179,SEV,4,0.0004
13180,SEW,4,0.0004
13181,SEX,4,0.0004
13182,SEY,4,0.0004
13183,SEZ,4,0.0004
13184,SF,4,0.0004
13185,SFA,4,0.0004
13186,SFB,4,0.0004
13187,SFC,4,0.0004
13188,SFD,4,0.0004
13189,SFE,4,0.0004
13190,SFF,4,0.0004
13191,SFG,4,0.0004
13192,SFH,4,0.0004
13193,SFI,4,0.0004
13194,SFJ,4,0.0004
13195,SFK,4,0.0004
13196,SFL,4,0.0004
13197,SFM,4,0.0004
13198,SFN,4,0.0004
13199,SFO,4,0.0004
13200,SFP,4,0.0004
13201,SFQ,4,0.0004
13202,SFR,4,0.0004
13203,SFS,4,0.0004
13204,SFT,4,0.0004
13205,SFU,4,0.0004
13206,SFV,4,0.0004
13207,SFW,4,0.0004
13208,SFX,4,0.0004
13209,SFY,4,0.0004
13210,SFZ,4,0.0004
13211,SGA,4,0.0004
13212,SGB,4,0.0004
13213,SGC,4,0.0004
13214,SGD,4,0.0004
13215,SGE,4,0.0004
13216,SGF,4,0.0004
13217,SGG,4,0.0004
13218,SGH,4,0.0004
13219,SGI,4,0.0004
13220,SGJ,4,0.0004
13221,SGK,4,0.0004
13222,SGL,4,0.0004
13223,SGM,4,0.0004
13224,SGN,4,0.0004
13225,SGO,4,0.0004
13226,SGP,4,0.0004
13227,SGQ,4,0.0004
13228,SGR,4,0.0004
13229,SGS,4,0.0004
13230,SGT,4,0.0004
13231,SGU,4,0.0004
13232,SGV,4,0.0004
13233,SGW,4,0.0004
13234,SGX,4,0.0004
13235,SGY,4,0.0004
13236,SGZ,4,0.0004
13237,SH,4,0.0004
13238,SHA,4,0.0004
13239,SHARE,4,0.0004
13240,SHB,4,0.0004
13241,SHC,4,0.0004
13242,SHD,4,0.0004
13243,SHE,4,0.0004
13244,SHF,4,0.0004
13245,SHG,4,0.0004
13246,SHH,4,0.0004
13247,SHI,4,0.0004
13248,SHJ,4,0.0004
13249,SHK,4,0.0004
13250,SHL,4,0.0004
13251,SHM,4,0.0004
13252,SHN,4,0.0004
13253,SHO,4,0.0004
13254,SHP,4,0.0004
13255,SHQ,4,0.0004
13256,SHR,4,0.0004
13257,SHS,4,0.0004
13258,SHT,4,0.0004
13259,SHU,4,0.0004
13260,SHV,4,0.0004
13261,SHW,4,0.0004
13262,SHX,4,0.0004
13263,SHY,4,0.0004
13264,SHZ,4,0.0004
13265,SI,4,0.0004
13266,SIA,4,0.0004
13267,SIB,4,0.0004
13268,SIC,4,0.0004
13269,SID,4,0.0004
13270,SIE,4,0.0004
13271,SIF,4,0.0004
13272,SIG,4,0.0004
13273,SIH,4,0.0004
13274,SII,4,0.0004
13275,SIJ,4,0.0004
13276,SIK,4,0.0004
13277,SIL,4,0.0004
13278,SIN,4,0.0004
13279,SIO,4,0.0004
13280,SIP,4,0.0004
13281,SIQ,4,0.0004
13282,SIR,4,0.0004
13283,SIS,4,0.0004
13284,SIT,4,0.0004
13285,SIU,4,0.0004
13286,SIV,4,0.0004
13287,SIW,4,0.0004
13288,SIX,4,0.0004
13289,SIY,4,0.0004
13290,SIZ,4,0.0004
13291,SJ,4,0.0004
13292,SJA,4,0.0004
13293,SJB,4,0.0004
13294,SJC,4,0.0004
13295,SJD,4,0.0004
13296,SJE,4,0.0004
13297,SJF,4,0.0004
13298,SJG,4,0.0004
13299,SJH,4,0.0004
13300,SJI,4,0.0004
13301,SJJ,4,0.0004
13302,SJK,4,0.0004
13303,SJL,4,0.0004
13304,SJM,4,0.0004
13305,SJN,4,0.0004
13306,SJO,4,0.0004
13307,SJP,4,0.0004
13308,SJQ,4,0.0004
13309,SJR,4,0.0004
13310,SJS,4,0.0004
13311,SJT,4,0.0004
13312,SJU,4,0.0004
13313,SJV,4,0.0004
13314,SJW,4,0.0004
13315,SJX,4,0.0004
13316,SJY,4,0.0004
13317,SJZ,4,0.0004
13318,SK,4,0.0004
13319,SKA,4,0.0004
13320,SKB,4,0.0004
13321,SKC,4,0.0004
13322,SKD,4,0.0004
13323,SKE,4,0.0004
13324,SKF,4,0.0004
13325,SKG,4,0.0004
13326,SKH,4,0.0004
13327,SKI,4,0.0004
13328,SKJ,4,0.0004
13329,SKK,4,0.0004
13330,SKL,4,0.0004
13331,SKM,4,0.0004
13332,SKN,4,0.0004
13333,SKO,4,0.0004
13334,SKP,4,0.0004
13335,SKQ,4,0.0004
13336,SKR,4,0.0004
13337,SKS,4,0.0004
13338,SKT,4,0.0004
13339,SKU,4,0.0004
13340,SKV,4,0.0004
13341,SKW,4,0.0004
13342,SKX,4,0.0004
13343,SKY,4,0.0004
13344,SKZ,4,0.0004
13345,SL,4,0.0004
13346,SLA,4,0.0004
13347,SLB,4,0.0004
13348,SLC,4,0.0004
13349,SLD,4,0.0004
13350,SLE,4,0.0004
13351,SLF,4,0.0004
13352,SLG,4,0.0004
13353,SLH,4,0.0004
13354,SLI,4,0.0004
13355,SLJ,4,0.0004
13356,SLK,4,0.0004
13357,SLL,4,0.0004
13358,SLM,4,0.0004
13359,SLN,4,0.0004
13360,SLO,4,0.0004
13361,SLP,4,0.0004
13362,SLQ,4,0.0004
13363,SLR,4,0.0004
13364,SLS,4,0.0004
13365,SLT,4,0.0004
13366,SLU,4,0.0004
13367,SLV,4,0.0004
13368,SLW,4,0.0004
13369,SLX,4,0.0004
13370,SLY,4,0.0004
13371,SLZ,4,0.0004
13372,SM,4,0.0004
13373,SMA,4,0.0004
13374,SMB,4,0.0004
13375,SMC,4,0.0004
13376,SMD,4,0.0004
13377,SME,4,0.0004
13378,SMF,4,0.0004
13379,SMG,4,0.0004
13380,SMH,4,0.0004
13381,SMI,4,0.0004
13382,SMJ,4,0.0004
13383,SMK,4,0.0004
13384,SML,4,0.0004
13385,SMM,4,0.0004
13386,SMN,4,0.0004
13387,SMO,4,0.0004
13388,SMP,4,0.0004
13389,SMQ,4,0.0004
13390,SMR,4,0.0004
13391,SMS,4,0.0004
13392,SMT,4,0.0004
13393,SMU,4,0.0004
13394,SMV,4,0.0004
13395,SMW,4,0.0004
13396,SMX,4,0.0004
13397,SMY,4,0.0004
13398,SMZ,4,0.0004
13399,SN,4,0.0004
13400,SNA,4,0.0004
13401,SNB,4,0.0004
13402,SNC,4,0.0004
13403,SND,4,0.0004
13404,SNE,4,0.0004
13405,SNF,4,0.0004
13406,SNG,4,0.0004
13407,SNH,4,0.0004
13408,SNI,4,0.0004
13409,SNJ,4,0.0004
13410,SNK,4,0.0004
13411,SNL,4,0.0004
13412,SNM,4,0.0004
13413,SNN,4,0.0004
13414,SNO,4,0.0004
13415,SNP,4,0.0004
13416,SNQ,4,0.0004
13417,SNR,4,0.0004
13418,SNS,4,0.0004
13419,SNT,4,0.0004
13420,SNU,4,0.0004
13421,SNV,4,0.0004
13422,SNW,4,0.0004
13423,SNX,4,0.0004
13424,SNY,4,0.0004
13425,SNZ,4,0.0004
13426,SO,4,0.0004
13427,SOA,4,0.0004
13428,SOB,4,0.0004
13429,SOC,4,0.0004
13430,SOD,4,0.0004
13431,SOE,4,0.0004
13432,SOF,4,0.0004
13433,SOG,4,0.0004
13434,SOH,4,0.0004
13435,SOI,4,0.0004
13436,SOJ,4,0.0004
13437,SOK,4,0.0004
13438,SOL,4,0.0004
13439,SOM,4,0.0004
13440,SON,4,0.0004
13441,SOO,4,0.0004
13442,SOP,4,0.0004
13443,SOQ,4,0.0004
13444,SOR,4,0.0004
13445,SOS,4,0.0004
13446,SOT,4,0.0004
13447,SOU,4,0.0004
13448,SOV,4,0.0004
13449,SOW,4,0.0004
13450,SOX,4,0.0004
13451,SOY,4,0.0004
13452,SOZ,4,0.0004
13453,SP,4,0.0004
13454,SPA,4,0.0004
13455,SPB,4,0.0004
13456,SPC,4,0.0004
13457,SPD,4,0.0004
13458,SPE,4,0.0004
13459,SPF,4,0.0004
13460,SPG,4,0.0004
13461,SPH,4,0.0004
13462,SPI,4,0.0004
13463,SPJ,4,0.0004
13464,SPK,4,0.0004
13465,SPL,4,0.0004
13466,SPM,4,0.0004
13467,SPN,4,0.0004
13468,SPO,4,0.0004
13469,SPP,4,0.0004
13470,SPQ,4,0.0004
13471,SPR,4,0.0004
13472,SPS,4,0.0004
13473,SPT,4,0.0004
13474,SPU,4,0.0004
13475,SPV,4,0.0004
13476,SPW,4,0.0004
13477,SPX,4,0.0004
13478,SPY,4,0.0004
13479,SPZ,4,0.0004
13480,SQ,4,0.0004
13481,SQA,4,0.0004
13482,SQB,4,0.0004
13483,SQC,4,0.0004
13484,SQD,4,0.0004
13485,SQE,4,0.0004
13486,SQF,4,0.0004
13487,SQG,4,0.0004
13488,SQH,4,0.0004
13489,SQI,4,0.0004
13490,SQJ,4,0.0004
13491,SQK,4,0.0004
13492,SQL,4,0.0004
13493,SQM,4,0.0004
13494,SQN,4,0.0004
13495,SQO,4,0.0004
13496,SQP,4,0.0004
13497,SQQ,4,0.0004
13498,SQR,4,0.0004
13499,SQS,4,0.0004
13500,SQT,4,0.0004
13501,SQU,4,0.0004
13502,SQV,4,0.0004
13503,SQW,4,0.0004
13504,SQX,4,0.0004
13505,SQY,4,0.0004
13506,SQZ,4,0.0004
13507,SR,4,0.0004
13508,SRA,4,0.0004
13509,SRB,4,0.0004
13510,SRC,4,0.0004
13511,SRD,4,0.0004
13512,SRE,4,0.0004
13513,SRF,4,0.0004
13514,SRG,4,0.0004
13515,SRH,4,0.0004
13516,SRI,4,0.0004
13517,SRJ,4,0.0004
13518,SRK,4,0.0004
13519,SRL,4,0.0004
13520,SRM,4,0.0004
13521,SRN,4,0.0004
13522,SRO,4,0.0004
13523,SRP,4,0.0004
13524,SRQ,4,0.0004
13525,SRR,4,0.0004
13526,SRS,4,0.0004
13527,SRT,4,0.0004
13528,SRU,4,0.0004
13529,SRV,4,0.0004
13530,SRW,4,0.0004
13531,SRX,4,0.0004
13532,SRY,4,0.0004
13533,SRZ,4,0.0004
13534,SS,4,0.0004
13535,SSA,4,0.0004
13536,SSB,4,0.0004
13537,SSC,4,0.0004
13538,SSD,4,0.0004
13539,SSE,4,0.0004
13540,SSF,4,0.0004
13541,SSG,4,0.0004
13542,SSH,4,0.0004
13543,SSI,4,0.0004
13544,SSJ,4,0.0004
13545,SSK,4,0.0004
13546,SSL,4,0.0004
13547,SSM,4,0.0004
13548,SSN,4,0.0004
13549,SSO,4,0.0004
13550,SSP,4,0.0004
13551,SSQ,4,0.0004
13552,SSR,4,0.0004
13553,SSS,4,0.0004
13554,SST,4,0.0004
13555,SSU,4,0.0004
13556,SSV,4,0.0004
13557,SSW,4,0.0004
13558,SSX,4,0.0004
13559,SSY,4,0.0004
13560,SSZ,4,0.0004
13561,STA,4,0.0004
13562,STB,4,0.0004
13563,STC,4,0.0004
13564,STD,4,0.0004
13565,STE,4,0.0004
13566,STF,4,0.0004
13567,STG,4,0.0004
13568,STH,4,0.0004
13569,STI,4,0.0004
13570,STJ,4,0.0004
13571,STK,4,0.0004
13572,STL,4,0.0004
13573,STM,4,0.0004
13574,STN,4,0.0004
13575,STO,4,0.0004
13576,STP,4,0.0004
13577,STQ,4,0.0004
13578,STR,4,0.0004
13579,STS,4,0.0004
13580,STT,4,0.0004
13581,STU,4,0.0004
13582,STUDENT,4,0.0004
13583,STV,4,0.0004
13584,STW,4,0.0004
13585,STX,4,0.0004
13586,STY,4,0.0004
13587,STZ,4,0.0004
13588,SU,4,0.0004
13589,SUA,4,0.0004
13590,SUB,4,0.0004
13591,SUC,4,0.0004
13592,SUD,4,0.0004
13593,SUE,4,0.0004
13594,SUF,4,0.0004
13595,SUG,4,0.0004
13596,SUH,4,0.0004
13597,SUI,4,0.0004
13598,SUJ,4,0.0004
13599,SUK,4,0.0004
13600,SUL,4,0.0004
13601,SUM,4,0.0004
13602,SUN,4,0.0004
13603,SUO,4,0.0004
13604,SUP,4,0.0004
13605,SUQ,4,0.0004
13606,SUR,4,0.0004
13607,SUS,4,0.0004
13608,SUT,4,0.0004
13609,SUU,4,0.0004
13610,SUV,4,0.0004
13611,SUW,4,0.0004
13612,SUX,4,0.0004
13613,SUY,4,0.0004
13614,SUZ,4,0.0004
13615,SV,4,0.0004
13616,SVA,4,0.0004
13617,SVB,4,0.0004
13618,SVC,4,0.0004
13619,SVD,4,0.0004
13620,SVE,4,0.0004
13621,SVF,4,0.0004
13622,SVG,4,0.0004
13623,SVH,4,0.0004
13624,SVI,4,0.0004
13625,SVJ,4,0.0004
13626,SVK,4,0.0004
13627,SVL,4,0.0004
13628,SVM,4,0.0004
13629,SVN,4,0.0004
13630,SVO,4,0.0004
13631,SVP,4,0.0004
13632,SVQ,4,0.0004
13633,SVR,4,0.0004
13634,SVS,4,0.0004
13635,SVT,4,0.0004
13636,SVU,4,0.0004
13637,SVV,4,0.0004
13638,SVW,4,0.0004
13639,SVX,4,0.0004
13640,SVY,4,0.0004
13641,SVZ,4,0.0004
13642,SW,4,0.0004
13643,SWA,4,0.0004
13644,SWB,4,0.0004
13645,SWC,4,0.0004
13646,SWD,4,0.0004
13647,SWE,4,0.0004
13648,SWF,4,0.0004
13649,SWG,4,0.0004
13650,SWH,4,0.0004
13651,SWI,4,0.0004
13652,SWJ,4,0.0004
13653,SWK,4,0.0004
13654,SWL,4,0.0004
13655,SWM,4,0.0004
13656,SWN,4,0.0004
13657,SWO,4,0.0004
13658,SWP,4,0.0004
13659,SWQ,4,0.0004
13660,SWR,4,0.0004
13661,SWS,4,0.0004
13662,SWT,4,0.0004
13663,SWU,4,0.0004
13664,SWV,4,0.0004
13665,SWW,4,0.0004
13666,SWX,4,0.0004
13667,SWY,4,0.0004
13668,SWZ,4,0.0004
13669,SX,4,0.0004
13670,SXA,4,0.0004
13671,SXB,4,0.0004
13672,SXC,4,0.0004
13673,SXD,4,0.0004
13674,SXE,4,0.0004
13675,SXF,4,0.0004
13676,SXG,4,0.0004
13677,SXH,4,0.0004
13678,SXI,4,0.0004
13679,SXJ,4,0.0004
13680,SXK,4,0.0004
13681,SXL,4,0.0004
13682,SXM,4,0.0004
13683,SXN,4,0.0004
13684,SXO,4,0.0004
13685,SXP,4,0.0004
13686,SXQ,4,0.0004
13687,SXR,4,0.0004
13688,SXS,4,0.0004
13689,SXT,4,0.0004
13690,SXU,4,0.0004
13691,SXV,4,0.0004
13692,SXW,4,0.0004
13693,SXX,4,0.0004
13694,SXY,4,0.0004
13695,SXZ,4,0.0004
13696,SY,4,0.0004
13697,SYA,4,0.0004
13698,SYB,4,0.0004
13699,SYC,4,0.0004
13700,SYD,4,0.0004
13701,SYE,4,0.0004
13702,SYF,4,0.0004
13703,SYG,4,0.0004
13704,SYH,4,0.0004
13705,SYI,4,0.0004
13706,SYJ,4,0.0004
13707,SYK,4,0.0004
13708,SYL,4,0.0004
13709,SYM,4,0.0004
13710,SYN,4,0.0004
13711,SYO,4,0.0004
13712,SYP,4,0.0004
13713,SYQ,4,0.0004
13714,SYR,4,0.0004
13715,SYT,4,0.0004
13716,SYU,4,0.0004
13717,SYV,4,0.0004
13718,SYW,4,0.0004
13719,SYX,4,0.0004
13720,SYY,4,0.0004
13721,SYZ,4,0.0004
13722,SZ,4,0.0004
13723,SZA,4,0.0004
13724,SZB,4,0.0004
13725,SZC,4,0.0004
13726,SZD,4,0.0004
13727,SZE,4,0.0004
13728,SZF,4,0.0004
13729,SZG,4,0.0004
13730,SZH,4,0.0004
13731,SZI,4,0.0004
13732,SZJ,4,0.0004
13733,SZK,4,0.0004
13734,SZL,4,0.0004
13735,SZM,4,0.0004
13736,SZN,4,0.0004
13737,SZO,4,0.0004
13738,SZP,4,0.0004
13739,SZQ,4,0.0004
13740,SZR,4,0.0004
13741,SZS,4,0.0004
13742,SZT,4,0.0004
13743,SZU,4,0.0004
13744,SZV,4,0.0004
13745,SZW,4,0.0004
13746,SZX,4,0.0004
13747,SZY,4,0.0004
13748,SZZ,4,0.0004
13749,T,4,0.0004
13750,TA,4,0.0004
13751,TAA,4,0.0004
13752,TAB,4,0.0004
13753,TAC,4,0.0004
13754,TAD,4,0.0004
13755,TAE,4,0.0004
13756,TAF,4,0.0004
13757,TAG,4,0.0004
13758,TAH,4,0.0004
13759,TAI,4,0.0004
13760,TAJ,4,0.0004
13761,TAK,4,0.0004
13762,TAL,4,0.0004
13763,TAM,4,0.0004
13764,TAN,4,0.0004
13765,TAO,4,0.0004
13766,TAP,4,0.0004
13767,TAQ,4,0.0004
13768,TAR,4,0.0004
13769,TAS,4,0.0004
13770,TAT,4,0.0004
13771,TAU,4,0.0004
13772,TAV,4,0.0004
13773,TAW,4,0.0004
13774,TAX,4,0.0004
13775,TAY,4,0.0004
13776,TAZ,4,0.0004
13777,TB,4,0.0004
13778,TBA,4,0.0004
13779,TBB,4,0.0004
13780,TBC,4,0.0004
13781,TBD,4,0.0004
13782,TBE,4,0.0004
13783,TBF,4,0.0004
13784,TBG,4,0.0004
13785,TBH,4,0.0004
13786,TBI,4,0.0004
13787,TBJ,4,0.0004
13788,TBK,4,0.0004
13789,TBL,4,0.0004
13790,TBM,4,0.0004
13791,TBN,4,0.0004
13792,TBO,4,0.0004
13793,TBP,4,0.0004
13794,TBQ,4,0.0004
13795,TBR,4,0.0004
13796,TBS,4,0.0004
13797,TBT,4,0.0004
13798,TBU,4,0.0004
13799,TBV,4,0.0004
13800,TBW,4,0.0004
13801,TBX,4,0.0004
13802,TBY,4,0.0004
13803,TBZ,4,0.0004
13804,TC,4,0.0004
13805,TCA,4,0.0004
13806,TCB,4,0.0004
13807,TCC,4,0.0004
13808,TCD,4,0.0004
13809,TCE,4,0.0004
13810,TCF,4,0.0004
13811,TCG,4,0.0004
13812,TCH,4,0.0004
13813,TCI,4,0.0004
13814,TCJ,4,0.0004
13815,TCK,4,0.0004
13816,TCL,4,0.0004
13817,TCM,4,0.0004
13818,TCN,4,0.0004
13819,TCO,4,0.0004
13820,TCP,4,0.0004
13821,TCQ,4,0.0004
13822,TCR,4,0.0004
13823,TCS,4,0.0004
13824,TCT,4,0.0004
13825,TCU,4,0.0004
13826,TCV,4,0.0004
13827,TCW,4,0.0004
13828,TCX,4,0.0004
13829,TCY,4,0.0004
13830,TCZ,4,0.0004
13831,TD,4,0.0004
13832,TDA,4,0.0004
13833,TDB,4,0.0004
13834,TDC,4,0.0004
13835,TDD,4,0.0004
13836,TDE,4,0.0004
13837,TDF,4,0.0004
13838,TDG,4,0.0004
13839,TDH,4,0.0004
13840,TDI,4,0.0004
13841,TDJ,4,0.0004
13842,TDK,4,0.0004
13843,TDL,4,0.0004
13844,TDM,4,0.0004
13845,TDN,4,0.0004
13846,TDO,4,0.0004
13847,TDP,4,0.0004
13848,TDQ,4,0.0004
13849,TDR,4,0.0004
13850,TDS,4,0.0004
13851,TDT,4,0.0004
13852,TDU,4,0.0004
13853,TDV,4,0.0004
13854,TDW,4,0.0004
13855,TDX,4,0.0004
13856,TDY,4,0.0004
13857,TDZ,4,0.0004
13858,TE,4,0.0004
13859,TEA,4,0.0004
13860,TEB,4,0.0004
13861,TEC,4,0.0004
13862,TED,4,0.0004
13863,TEE,4,0.0004
13864,TEF,4,0.0004
13865,TEG,4,0.0004
13866,TEH,4,0.0004
13867,TEI,4,0.0004
13868,TEJ,4,0.0004
13869,TEK,4,0.0004
13870,TEL,4,0.0004
13871,TEM,4,0.0004
13872,TEN,4,0.0004
13873,TEO,4,0.0004
13874,TEP,4,0.0004
13875,TEQ,4,0.0004
13876,TER,4,0.0004
13877,TES,4,0.0004
13878,TET,4,0.0004
13879,TEU,4,0.0004
13880,TEV,4,0.0004
13881,TEW,4,0.0004
13882,TEX,4,0.0004
13883,TEY,4,0.0004
13884,TEZ,4,0.0004
13885,TF,4,0.0004
13886,TFA,4,0.0004
13887,TFB,4,0.0004
13888,TFC,4,0.0004
13889,TFD,4,0.0004
13890,TFE,4,0.0004
13891,TFF,4,0.0004
13892,TFG,4,0.0004
13893,TFH,4,0.0004
13894,TFI,4,0.0004
13895,TFJ,4,0.0004
13896,TFK,4,0.0004
13897,TFL,4,0.0004
13898,TFM,4,0.0004
13899,TFN,4,0.0004
13900,TFO,4,0.0004
13901,TFP,4,0.0004
13902,TFQ,4,0.0004
13903,TFR,4,0.0004
13904,TFS,4,0.0004
13905,TFT,4,0.0004
13906,TFU,4,0.0004
13907,TFV,4,0.0004
13908,TFW,4,0.0004
13909,TFX,4,0.0004
13910,TFY,4,0.0004
13911,TFZ,4,0.0004
13912,TG,4,0.0004
13913,TGA,4,0.0004
13914,TGB,4,0.0004
13915,TGC,4,0.0004
13916,TGD,4,0.0004
13917,TGE,4,0.0004
13918,TGF,4,0.0004
13919,TGG,4,0.0004
13920,TGH,4,0.0004
13921,TGI,4,0.0004
13922,TGJ,4,0.0004
13923,TGK,4,0.0004
13924,TGL,4,0.0004
13925,TGM,4,0.0004
13926,TGN,4,0.0004
13927,TGO,4,0.0004
13928,TGP,4,0.0004
13929,TGQ,4,0.0004
13930,TGR,4,0.0004
13931,TGS,4,0.0004
13932,TGT,4,0.0004
13933,TGU,4,0.0004
13934,TGV,4,0.0004
13935,TGW,4,0.0004
13936,TGX,4,0.0004
13937,TGY,4,0.0004
13938,TGZ,4,0.0004
13939,TH,4,0.0004
13940,THA,4,0.0004
13941,THB,4,0.0004
13942,THC,4,0.0004
13943,THD,4,0.0004
13944,THE,4,0.0004
13945,THF,4,0.0004
13946,THG,4,0.0004
13947,THH,4,0.0004
13948,THI,4,0.0004
13949,THJ,4,0.0004
13950,THK,4,0.0004
13951,THL,4,0.0004
13952,THM,4,0.0004
13953,THN,4,0.0004
13954,THO,4,0.0004
13955,THP,4,0.0004
13956,THQ,4,0.0004
13957,THR,4,0.0004
13958,THS,4,0.0004
13959,THT,4,0.0004
13960,THU,4,0.0004
13961,THV,4,0.0004
13962,THW,4,0.0004
13963,THX,4,0.0004
13964,THY,4,0.0004
13965,THZ,4,0.0004
13966,TI,4,0.0004
13967,TIA,4,0.0004
13968,TIB,4,0.0004
13969,TIC,4,0.0004
13970,TID,4,0.0004
13971,TIE,4,0.0004
13972,TIF,4,0.0004
13973,TIG,4,0.0004
13974,TIH,4,0.0004
13975,TII,4,0.0004
13976,TIJ,4,0.0004
13977,TIK,4,0.0004
13978,TIL,4,0.0004
13979,TIM,4,0.0004
13980,TIN,4,0.0004
13981,TIO,4,0.0004
13982,TIP,4,0.0004
13983,TIQ,4,0.0004
13984,TIR,4,0.0004
13985,TIS,4,0.0004
13986,TIT,4,0.0004
13987,TIU,4,0.0004
13988,TIV,4,0.0004
13989,TIW,4,0.0004
13990,TIX,4,0.0004
13991,TIY,4,0.0004
13992,TIZ,4,0.0004
13993,TJ,4,0.0004
13994,TJA,4,0.0004
13995,TJB,4,0.0004
13996,TJC,4,0.0004
13997,TJD,4,0.0004
13998,TJE,4,0.0004
13999,TJF,4,0.0004
14000,TJG,4,0.0004
14001,TJH,4,0.0004
14002,TJI,4,0.0004
14003,TJJ,4,0.0004
14004,TJK,4,0.0004
14005,TJL,4,0.0004
14006,TJM,4,0.0004
14007,TJN,4,0.0004
14008,TJO,4,0.0004
14009,TJP,4,0.0004
14010,TJQ,4,0.0004
14011,TJR,4,0.0004
14012,TJS,4,0.0004
14013,TJT,4,0.0004
14014,TJU,4,0.0004
14015,TJV,4,0.0004
14016,TJW,4,0.0004
14017,TJX,4,0.0004
14018,TJY,4,0.0004
14019,TJZ,4,0.0004
14020,TK,4,0.0004
14021,TKA,4,0.0004
14022,TKB,4,0.0004
14023,TKC,4,0.0004
14024,TKD,4,0.0004
14025,TKE,4,0.0004
14026,TKF,4,0.0004
14027,TKG,4,0.0004
14028,TKH,4,0.0004
14029,TKI,4,0.0004
14030,TKJ,4,0.0004
14031,TKK,4,0.0004
14032,TKM,4,0.0004
14033,TKN,4,0.0004
14034,TKO,4,0.0004
14035,TKP,4,0.0004
14036,TKQ,4,0.0004
14037,TKR,4,0.0004
14038,TKS,4,0.0004
14039,TKT,4,0.0004
14040,TKU,4,0.0004
14041,TKV,4,0.0004
14042,TKW,4,0.0004
14043,TKX,4,0.0004
14044,TKY,4,0.0004
14045,TKZ,4,0.0004
14046,TL,4,0.0004
14047,TLA,4,0.0004
14048,TLB,4,0.0004
14049,TLC,4,0.0004
14050,TLD,4,0.0004
14051,TLE,4,0.0004
14052,TLF,4,0.0004
14053,TLG,4,0.0004
14054,TLH,4,0.0004
14055,TLI,4,0.0004
14056,TLJ,4,0.0004
14057,TLK,4,0.0004
14058,TLL,4,0.0004
14059,TLM,4,0.0004
14060,TLN,4,0.0004
14061,TLO,4,0.0004
14062,TLP,4,0.0004
14063,TLQ,4,0.0004
14064,TLR,4,0.0004
14065,TLS,4,0.0004
14066,TLT,4,0.0004
14067,TLU,4,0.0004
14068,TLV,4,0.0004
14069,TLW,4,0.0004
14070,TLX,4,0.0004
14071,TLY,4,0.0004
14072,TLZ,4,0.0004
14073,TM,4,0.0004
14074,TMA,4,0.0004
14075,TMB,4,0.0004
14076,TMC,4,0.0004
14077,TMD,4,0.0004
14078,TME,4,0.0004
14079,TMF,4,0.0004
14080,TMG,4,0.0004
14081,TMH,4,0.0004
14082,TMI,4,0.0004
14083,TMJ,4,0.0004
14084,TMK,4,0.0004
14085,TML,4,0.0004
14086,TMM,4,0.0004
14087,TMN,4,0.0004
14088,TMO,4,0.0004
14089,TMP,4,0.0004
14090,TMQ,4,0.0004
14091,TMR,4,0.0004
14092,TMS,4,0.0004
14093,TMT,4,0.0004
14094,TMU,4,0.0004
14095,TMV,4,0.0004
14096,TMW,4,0.0004
14097,TMX,4,0.0004
14098,TMY,4,0.0004
14099,TMZ,4,0.0004
14100,TN,4,0.0004
14101,TNA,4,0.0004
14102,TNB,4,0.0004
14103,TNC,4,0.0004
14104,TND,4,0.0004
14105,TNE,4,0.0004
14106,TNF,4,0.0004
14107,TNG,4,0.0004
14108,TNH,4,0.0004
14109,TNI,4,0.0004
14110,TNJ,4,0.0004
14111,TNK,4,0.0004
14112,TNL,4,0.0004
14113,TNM,4,0.0004
14114,TNN,4,0.0004
14115,TNO,4,0.0004
14116,TNP,4,0.0004
14117,TNQ,4,0.0004
14118,TNR,4,0.0004
14119,TNS,4,0.0004
14120,TNT,4,0.0004
14121,TNU,4,0.0004
14122,TNV,4,0.0004
14123,TNW,4,0.0004
14124,TNX,4,0.0004
14125,TNY,4,0.0004
14126,TNZ,4,0.0004
14127,TO,4,0.0004
14128,TOA,4,0.0004
14129,TOB,4,0.0004
14130,TOC,4,0.0004
14131,TOD,4,0.0004
14132,TOE,4,0.0004
14133,TOF,4,0.0004
14134,TOG,4,0.0004
14135,TOH,4,0.0004
14136,TOI,4,0.0004
14137,TOJ,4,0.0004
14138,TOK,4,0.0004
14139,TOL,4,0.0004
14140,TON,4,0.0004
14141,TOO,4,0.0004
14142,TOQ,4,0.0004
14143,TOR,4,0.0004
14144,TOS,4,0.0004
14145,TOT,4,0.0004
14146,TOU,4,0.0004
14147,TOV,4,0.0004
14148,TOW,4,0.0004
14149,TOX,4,0.0004
14150,TOY,4,0.0004
14151,TOZ,4,0.0004
14152,TP,4,0.0004
14153,TPA,4,0.0004
14154,TPB,4,0.0004
14155,TPC,4,0.0004
14156,TPD,4,0.0004
14157,TPE,4,0.0004
14158,TPF,4,0.0004
14159,TPG,4,0.0004
14160,TPH,4,0.0004
14161,TPI,4,0.0004
14162,TPJ,4,0.0004
14163,TPK,4,0.0004
14164,TPL,4,0.0004
14165,TPM,4,0.0004
14166,TPN,4,0.0004
14167,TPO,4,0.0004
14168,TPP,4,0.0004
14169,TPQ,4,0.0004
14170,TPR,4,0.0004
14171,TPS,4,0.0004
14172,TPT,4,0.0004
14173,TPU,4,0.0004
14174,TPV,4,0.0004
14175,TPW,4,0.0004
14176,TPX,4,0.0004
14177,TPY,4,0.0004
14178,TPZ,4,0.0004
14179,TQ,4,0.0004
14180,TQA,4,0.0004
14181,TQB,4,0.0004
14182,TQC,4,0.0004
14183,TQD,4,0.0004
14184,TQE,4,0.0004
14185,TQF,4,0.0004
14186,TQG,4,0.0004
14187,TQH,4,0.0004
14188,TQI,4,0.0004
14189,TQJ,4,0.0004
14190,TQK,4,0.0004
14191,TQL,4,0.0004
14192,TQM,4,0.0004
14193,TQN,4,0.0004
14194,TQO,4,0.0004
14195,TQP,4,0.0004
14196,TQQ,4,0.0004
14197,TQR,4,0.0004
14198,TQS,4,0.0004
14199,TQT,4,0.0004
14200,TQU,4,0.0004
14201,TQV,4,0.0004
14202,TQW,4,0.0004
14203,TQX,4,0.0004
14204,TQY,4,0.0004
14205,TQZ,4,0.0004
14206,TR,4,0.0004
14207,TRA,4,0.0004
14208,TRB,4,0.0004
14209,TRC,4,0.0004
14210,TRD,4,0.0004
14211,TRE,4,0.0004
14212,TRF,4,0.0004
14213,TRG,4,0.0004
14214,TRH,4,0.0004
14215,TRI,4,0.0004
14216,TRJ,4,0.0004
14217,TRK,4,0.0004
14218,TRL,4,0.0004
14219,TRM,4,0.0004
14220,TRN,4,0.0004
14221,TRO,4,0.0004
14222,TRP,4,0.0004
14223,TRQ,4,0.0004
14224,TRR,4,0.0004
14225,TRS,4,0.0004
14226,TRT,4,0.0004
14227,TRU,4,0.0004
14228,TRV,4,0.0004
14229,TRW,4,0.0004
14230,TRX,4,0.0004
14231,TRY,4,0.0004
14232,TRZ,4,0.0004
14233,TS,4,0.0004
14234,TSA,4,0.0004
14235,TSB,4,0.0004
14236,TSC,4,0.0004
14237,TSD,4,0.0004
14238,TSE,4,0.0004
14239,TSF,4,0.0004
14240,TSG,4,0.0004
14241,TSH,4,0.0004
14242,TSI,4,0.0004
14243,TSJ,4,0.0004
14244,TSK,4,0.0004
14245,TSL,4,0.0004
14246,TSM,4,0.0004
14247,TSN,4,0.0004
14248,TSO,4,0.0004
14249,TSP,4,0.0004
14250,TSQ,4,0.0004
14251,TSR,4,0.0004
14252,TSS,4,0.0004
14253,TST,4,0.0004
14254,TSU,4,0.0004
14255,TSV,4,0.0004
14256,TSW,4,0.0004
14257,TSX,4,0.0004
14258,TSY,4,0.0004
14259,TSZ,4,0.0004
14260,TT,4,0.0004
14261,TTA,4,0.0004
14262,TTB,4,0.0004
14263,TTC,4,0.0004
14264,TTD,4,0.0004
14265,TTE,4,0.0004
14266,TTF,4,0.0004
14267,TTG,4,0.0004
14268,TTH,4,0.0004
14269,TTI,4,0.0004
14270,TTJ,4,0.0004
14271,TTK,4,0.0004
14272,TTL,4,0.0004
14273,TTM,4,0.0004
14274,TTN,4,0.0004
14275,TTO,4,0.0004
14276,TTP,4,0.0004
14277,TTQ,4,0.0004
14278,TTR,4,0.0004
14279,TTS,4,0.0004
14280,TTT,4,0.0004
14281,TTU,4,0.0004
14282,TTV,4,0.0004
14283,TTW,4,0.0004
14284,TTX,4,0.0004
14285,TTY,4,0.0004
14286,TTZ,4,0.0004
14287,TU,4,0.0004
14288,TUA,4,0.0004
14289,TUB,4,0.0004
14290,TUC,4,0.0004
14291,TUD,4,0.0004
14292,TUE,4,0.0004
14293,TUF,4,0.0004
14294,TUG,4,0.0004
14295,TUH,4,0.0004
14296,TUI,4,0.0004
14297,TUJ,4,0.0004
14298,TUK,4,0.0004
14299,TUL,4,0.0004
14300,TUM,4,0.0004
14301,TUN,4,0.0004
14302,TUO,4,0.0004
14303,TUP,4,0.0004
14304,TUQ,4,0.0004
14305,TUR,4,0.0004
14306,TUS,4,0.0004
14307,TUT,4,0.0004
14308,TUU,4,0.0004
14309,TUV,4,0.0004
14310,TUW,4,0.0004
14311,TUX,4,0.0004
14312,TUY,4,0.0004
14313,TUZ,4,0.0004
14314,TVA,4,0.0004
14315,TVB,4,0.0004
14316,TVC,4,0.0004
14317,TVD,4,0.0004
14318,TVE,4,0.0004
14319,TVF,4,0.0004
14320,TVG,4,0.0004
14321,TVH,4,0.0004
14322,TVI,4,0.0004
14323,TVJ,4,0.0004
14324,TVK,4,0.0004
14325,TVL,4,0.0004
14326,TVM,4,0.0004
14327,TVN,4,0.0004
14328,TVO,4,0.0004
14329,TVP,4,0.0004
14330,TVQ,4,0.0004
14331,TVR,4,0.0004
14332,TVS,4,0.0004
14333,TVT,4,0.0004
14334,TVU,4,0.0004
14335,TVV,4,0.0004
14336,TVW,4,0.0004
14337,TVX,4,0.0004
14338,TVY,4,0.0004
14339,TVZ,4,0.0004
14340,TW,4,0.0004
14341,TWA,4,0.0004
14342,TWB,4,0.0004
14343,TWC,4,0.0004
14344,TWD,4,0.0004
14345,TWE,4,0.0004
14346,TWF,4,0.0004
14347,TWG,4,0.0004
14348,TWH,4,0.0004
14349,TWI,4,0.0004
14350,TWJ,4,0.0004
14351,TWK,4,0.0004
14352,TWL,4,0.0004
14353,TWM,4,0.0004
14354,TWN,4,0.0004
14355,TWO,4,0.0004
14356,TWP,4,0.0004
14357,TWQ,4,0.0004
14358,TWR,4,0.0004
14359,TWS,4,0.0004
14360,TWT,4,0.0004
14361,TWU,4,0.0004
14362,TWV,4,0.0004
14363,TWW,4,0.0004
14364,TWX,4,0.0004
14365,TWY,4,0.0004
14366,TWZ,4,0.0004
14367,TX,4,0.0004
14368,TXA,4,0.0004
14369,TXB,4,0.0004
14370,TXC,4,0.0004
14371,TXD,4,0.0004
14372,TXE,4,0.0004
14373,TXF,4,0.0004
14374,TXG,4,0.0004
14375,TXH,4,0.0004
14376,TXI,4,0.0004
14377,TXJ,4,0.0004
14378,TXK,4,0.0004
14379,TXL,4,0.0004
14380,TXM,4,0.0004
14381,TXN,4,0.0004
14382,TXO,4,0.0004
14383,TXP,4,0.0004
14384,TXQ,4,0.0004
14385,TXR,4,0.0004
14386,TXS,4,0.0004
14387,TXT,4,0.0004
14388,TXU,4,0.0004
14389,TXV,4,0.0004
14390,TXW,4,0.0004
14391,TXX,4,0.0004
14392,TXY,4,0.0004
14393,TXZ,4,0.0004
14394,TY,4,0.0004
14395,TYA,4,0.0004
14396,TYB,4,0.0004
14397,TYC,4,0.0004
14398,TYD,4,0.0004
14399,TYE,4,0.0004
14400,TYF,4,0.0004
14401,TYG,4,0.0004
14402,TYH,4,0.0004
14403,TYI,4,0.0004
14404,TYJ,4,0.0004
14405,TYK,4,0.0004
14406,TYL,4,0.0004
14407,TYM,4,0.0004
14408,TYN,4,0.0004
14409,TYO,4,0.0004
14410,TYP,4,0.0004
14411,TYQ,4,0.0004
14412,TYR,4,0.0004
14413,TYS,4,0.0004
14414,TYT,4,0.0004
14415,TYU,4,0.0004
14416,TYV,4,0.0004
14417,TYW,4,0.0004
14418,TYX,4,0.0004
14419,TYY,4,0.0004
14420,TYZ,4,0.0004
14421,TZ,4,0.0004
14422,TZA,4,0.0004
14423,TZB,4,0.0004
14424,TZC,4,0.0004
14425,TZD,4,0.0004
14426,TZE,4,0.0004
14427,TZF,4,0.0004
14428,TZG,4,0.0004
14429,TZH,4,0.0004
14430,TZI,4,0.0004
14431,TZJ,4,0.0004
14432,TZK,4,0.0004
14433,TZL,4,0.0004
14434,TZM,4,0.0004
14435,TZN,4,0.0004
14436,TZO,4,0.0004
14437,TZP,4,0.0004
14438,TZQ,4,0.0004
14439,TZR,4,0.0004
14440,TZS,4,0.0004
14441,TZT,4,0.0004
14442,TZU,4,0.0004
14443,TZV,4,0.0004
14444,TZW,4,0.0004
14445,TZX,4,0.0004
14446,TZY,4,0.0004
14447,TZZ,4,0.0004
14448,U,4,0.0004
14449,UA,4,0.0004
14450,UAA,4,0.0004
14451,UAB,4,0.0004
14452,UAC,4,0.0004
14453,UAD,4,0.0004
14454,UAE,4,0.0004
14455,UAF,4,0.0004
14456,UAG,4,0.0004
14457,UAH,4,0.0004
14458,UAI,4,0.0004
14459,UAJ,4,0.0004
14460,UAK,4,0.0004
14461,UAL,4,0.0004
14462,UAM,4,0.0004
14463,UAN,4,0.0004
14464,UAO,4,0.0004
14465,UAP,4,0.0004
14466,UAQ,4,0.0004
14467,UAR,4,0.0004
14468,UAS,4,0.0004
14469,UAT,4,0.0004
14470,UAU,4,0.0004
14471,UAV,4,0.0004
14472,UAW,4,0.0004
14473,UAX,4,0.0004
14474,UAY,4,0.0004
14475,UAZ,4,0.0004
14476,UB,4,0.0004
14477,UBA,4,0.0004
14478,UBB,4,0.0004
14479,UBC,4,0.0004
14480,UBD,4,0.0004
14481,UBE,4,0.0004
14482,UBF,4,0.0004
14483,UBG,4,0.0004
14484,UBH,4,0.0004
14485,UBI,4,0.0004
14486,UBJ,4,0.0004
14487,UBK,4,0.0004
14488,UBL,4,0.0004
14489,UBM,4,0.0004
14490,UBN,4,0.0004
14491,UBO,4,0.0004
14492,UBP,4,0.0004
14493,UBQ,4,0.0004
14494,UBR,4,0.0004
14495,UBS,4,0.0004
14496,UBT,4,0.0004
14497,UBU,4,0.0004
14498,UBV,4,0.0004
14499,UBW,4,0.0004
14500,UBX,4,0.0004
14501,UBY,4,0.0004
14502,UBZ,4,0.0004
14503,UC,4,0.0004
14504,UCA,4,0.0004
14505,UCB,4,0.0004
14506,UCC,4,0.0004
14507,UCD,4,0.0004
14508,UCE,4,0.0004
14509,UCF,4,0.0004
14510,UCG,4,0.0004
14511,UCH,4,0.0004
14512,UCI,4,0.0004
14513,UCJ,4,0.0004
14514,UCK,4,0.0004
14515,UCL,4,0.0004
14516,UCM,4,0.0004
14517,UCN,4,0.0004
14518,UCO,4,0.0004
14519,UCP,4,0.0004
14520,UCQ,4,0.0004
14521,UCR,4,0.0004
14522,UCS,4,0.0004
14523,UCT,4,0.0004
14524,UCU,4,0.0004
14525,UCV,4,0.0004
14526,UCW,4,0.0004
14527,UCX,4,0.0004
14528,UCY,4,0.0004
14529,UCZ,4,0.0004
14530,UD,4,0.0004
14531,UDA,4,0.0004
14532,UDB,4,0.0004
14533,UDC,4,0.0004
14534,UDD,4,0.0004
14535,UDE,4,0.0004
14536,UDF,4,0.0004
14537,UDG,4,0.0004
14538,UDH,4,0.0004
14539,UDI,4,0.0004
14540,UDJ,4,0.0004
14541,UDK,4,0.0004
14542,UDL,4,0.0004
14543,UDM,4,0.0004
14544,UDN,4,0.0004
14545,UDP,4,0.0004
14546,UDQ,4,0.0004
14547,UDR,4,0.0004
14548,UDS,4,0.0004
14549,UDT,4,0.0004
14550,UDU,4,0.0004
14551,UDV,4,0.0004
14552,UDW,4,0.0004
14553,UDX,4,0.0004
14554,UDY,4,0.0004
14555,UDZ,4,0.0004
14556,UE,4,0.0004
14557,UEA,4,0.0004
14558,UEB,4,0.0004
14559,UEC,4,0.0004
14560,UED,4,0.0004
14561,UEE,4,0.0004
14562,UEF,4,0.0004
14563,UEG,4,0.0004
14564,UEH,4,0.0004
14565,UEI,4,0.0004
14566,UEJ,4,0.0004
14567,UEK,4,0.0004
14568,UEL,4,0.0004
14569,UEM,4,0.0004
14570,UEN,4,0.0004
14571,UEO,4,0.0004
14572,UEP,4,0.0004
14573,UEQ,4,0.0004
14574,UER,4,0.0004
14575,UES,4,0.0004
14576,UET,4,0.0004
14577,UEU,4,0.0004
14578,UEV,4,0.0004
14579,UEW,4,0.0004
14580,UEX,4,0.0004
14581,UEY,4,0.0004
14582,UEZ,4,0.0004
14583,UF,4,0.0004
14584,UFA,4,0.0004
14585,UFB,4,0.0004
14586,UFC,4,0.0004
14587,UFD,4,0.0004
14588,UFE,4,0.0004
14589,UFF,4,0.0004
14590,UFG,4,0.0004
14591,UFH,4,0.0004
14592,UFI,4,0.0004
14593,UFJ,4,0.0004
14594,UFK,4,0.0004
14595,UFL,4,0.0004
14596,UFM,4,0.0004
14597,UFN,4,0.0004
14598,UFO,4,0.0004
14599,UFP,4,0.0004
14600,UFQ,4,0.0004
14601,UFR,4,0.0004
14602,UFS,4,0.0004
14603,UFT,4,0.0004
14604,UFU,4,0.0004
14605,UFV,4,0.0004
14606,UFW,4,0.0004
14607,UFX,4,0.0004
14608,UFY,4,0.0004
14609,UFZ,4,0.0004
14610,UG,4,0.0004
14611,UGA,4,0.0004
14612,UGB,4,0.0004
14613,UGC,4,0.0004
14614,UGD,4,0.0004
14615,UGE,4,0.0004
14616,UGF,4,0.0004
14617,UGG,4,0.0004
14618,UGH,4,0.0004
14619,UGI,4,0.0004
14620,UGJ,4,0.0004
14621,UGK,4,0.0004
14622,UGL,4,0.0004
14623,UGM,4,0.0004
14624,UGN,4,0.0004
14625,UGO,4,0.0004
14626,UGP,4,0.0004
14627,UGQ,4,0.0004
14628,UGR,4,0.0004
14629,UGS,4,0.0004
14630,UGT,4,0.0004
14631,UGU,4,0.0004
14632,UGV,4,0.0004
14633,UGW,4,0.0004
14634,UGX,4,0.0004
14635,UGY,4,0.0004
14636,UGZ,4,0.0004
14637,UH,4,0.0004
14638,UHA,4,0.0004
14639,UHB,4,0.0004
14640,UHC,4,0.0004
14641,UHD,4,0.0004
14642,UHE,4,0.0004
14643,UHF,4,0.0004
14644,UHG,4,0.0004
14645,UHH,4,0.0004
14646,UHI,4,0.0004
14647,UHJ,4,0.0004
14648,UHK,4,0.0004
14649,UHL,4,0.0004
14650,UHM,4,0.0004
14651,UHN,4,0.0004
14652,UHO,4,0.0004
14653,UHP,4,0.0004
14654,UHQ,4,0.0004
14655,UHR,4,0.0004
14656,UHS,4,0.0004
14657,UHT,4,0.0004
14658,UHU,4,0.0004
14659,UHV,4,0.0004
14660,UHW,4,0.0004
14661,UHX,4,0.0004
14662,UHY,4,0.0004
14663,UHZ,4,0.0004
14664,UI,4,0.0004
14665,UIA,4,0.0004
14666,UIB,4,0.0004
14667,UIC,4,0.0004
14668,UID,4,0.0004
14669,UIE,4,0.0004
14670,UIF,4,0.0004
14671,UIG,4,0.0004
14672,UIH,4,0.0004
14673,UII,4,0.0004
14674,UIJ,4,0.0004
14675,UIK,4,0.0004
14676,UIL,4,0.0004
14677,UIM,4,0.0004
14678,UIN,4,0.0004
14679,UIO,4,0.0004
14680,UIP,4,0.0004
14681,UIQ,4,0.0004
14682,UIR,4,0.0004
14683,UIS,4,0.0004
14684,UIT,4,0.0004
14685,UIU,4,0.0004
14686,UIV,4,0.0004
14687,UIW,4,0.0004
14688,UIX,4,0.0004
14689,UIY,4,0.0004
14690,UIZ,4,0.0004
14691,UJ,4,0.0004
14692,UJA,4,0.0004
14693,UJB,4,0.0004
14694,UJC,4,0.0004
14695,UJD,4,0.0004
14696,UJE,4,0.0004
14697,UJF,4,0.0004
14698,UJG,4,0.0004
14699,UJH,4,0.0004
14700,UJI,4,0.0004
14701,UJJ,4,0.0004
14702,UJK,4,0.0004
14703,UJL,4,0.0004
14704,UJM,4,0.0004
14705,UJN,4,0.0004
14706,UJO,4,0.0004
14707,UJP,4,0.0004
14708,UJQ,4,0.0004
14709,UJR,4,0.0004
14710,UJS,4,0.0004
14711,UJT,4,0.0004
14712,UJU,4,0.0004
14713,UJV,4,0.0004
14714,UJW,4,0.0004
14715,UJX,4,0.0004
14716,UJY,4,0.0004
14717,UJZ,4,0.0004
14718,UK,4,0.0004
14719,UKA,4,0.0004
14720,UKB,4,0.0004
14721,UKC,4,0.0004
14722,UKD,4,0.0004
14723,UKE,4,0.0004
14724,UKF,4,0.0004
14725,UKG,4,0.0004
14726,UKH,4,0.0004
14727,UKI,4,0.0004
14728,UKJ,4,0.0004
14729,UKK,4,0.0004
14730,UKL,4,0.0004
14731,UKM,4,0.0004
14732,UKN,4,0.0004
14733,UKO,4,0.0004
14734,UKP,4,0.0004
14735,UKQ,4,0.0004
14736,UKR,4,0.0004
14737,UKS,4,0.0004
14738,UKT,4,0.0004
14739,UKU,4,0.0004
14740,UKV,4,0.0004
14741,UKW,4,0.0004
14742,UKX,4,0.0004
14743,UKY,4,0.0004
14744,UKZ,4,0.0004
14745,UL,4,0.0004
14746,ULA,4,0.0004
14747,ULB,4,0.0004
14748,ULC,4,0.0004
14749,ULD,4,0.0004
14750,ULE,4,0.0004
14751,ULF,4,0.0004
14752,ULG,4,0.0004
14753,ULH,4,0.0004
14754,ULI,4,0.0004
14755,ULJ,4,0.0004
14756,ULK,4,0.0004
14757,ULL,4,0.0004
14758,ULM,4,0.0004
14759,ULN,4,0.0004
14760,ULO,4,0.0004
14761,ULP,4,0.0004
14762,ULQ,4,0.0004
14763,ULR,4,0.0004
14764,ULS,4,0.0004
14765,ULT,4,0.0004
14766,ULU,4,0.0004
14767,ULV,4,0.0004
14768,ULW,4,0.0004
14769,ULX,4,0.0004
14770,ULY,4,0.0004
14771,ULZ,4,0.0004
14772,UM,4,0.0004
14773,UMA,4,0.0004
14774,UMB,4,0.0004
14775,UMC,4,0.0004
14776,UMD,4,0.0004
14777,UME,4,0.0004
14778,UMF,4,0.0004
14779,UMG,4,0.0004
14780,UMH,4,0.0004
14781,UMI,4,0.0004
14782,UMJ,4,0.0004
14783,UMK,4,0.0004
14784,UML,4,0.0004
14785,UMM,4,0.0004
14786,UMN,4,0.0004
14787,UMO,4,0.0004
14788,UMP,4,0.0004
14789,UMQ,4,0.0004
14790,UMR,4,0.0004
14791,UMS,4,0.0004
14792,UMT,4,0.0004
14793,UMU,4,0.0004
14794,UMV,4,0.0004
14795,UMW,4,0.0004
14796,UMX,4,0.0004
14797,UMY,4,0.0004
14798,UMZ,4,0.0004
14799,UN,4,0.0004
14800,UNA,4,0.0004
14801,UNB,4,0.0004
14802,UNC,4,0.0004
14803,UND,4,0.0004
14804,UNE,4,0.0004
14805,UNF,4,0.0004
14806,UNG,4,0.0004
14807,UNH,4,0.0004
14808,UNI,4,0.0004
14809,UNJ,4,0.0004
14810,UNK,4,0.0004
14811,UNL,4,0.0004
14812,UNM,4,0.0004
14813,UNN,4,0.0004
14814,UNO,4,0.0004
14815,UNP,4,0.0004
14816,UNQ,4,0.0004
14817,UNR,4,0.0004
14818,UNS,4,0.0004
14819,UNT,4,0.0004
14820,UNU,4,0.0004
14821,UNV,4,0.0004
14822,UNW,4,0.0004
14823,UNX,4,0.0004
14824,UNY,4,0.0004
14825,UNZ,4,0.0004
14826,UO,4,0.0004
14827,UOA,4,0.0004
14828,UOB,4,0.0004
14829,UOC,4,0.0004
14830,UOD,4,0.0004
14831,UOE,4,0.0004
14832,UOF,4,0.0004
14833,UOG,4,0.0004
14834,UOH,4,0.0004
14835,UOI,4,0.0004
14836,UOJ,4,0.0004
14837,UOK,4,0.0004
14838,UOL,4,0.0004
14839,UOM,4,0.0004
14840,UON,4,0.0004
14841,UOO,4,0.0004
14842,UOP,4,0.0004
14843,UOQ,4,0.0004
14844,UOR,4,0.0004
14845,UOS,4,0.0004
14846,UOT,4,0.0004
14847,UOU,4,0.0004
14848,UOV,4,0.0004
14849,UOW,4,0.0004
14850,UOX,4,0.0004
14851,UOY,4,0.0004
14852,UOZ,4,0.0004
14853,UP,4,0.0004
14854,UPA,4,0.0004
14855,UPB,4,0.0004
14856,UPC,4,0.0004
14857,UPD,4,0.0004
14858,UPE,4,0.0004
14859,UPF,4,0.0004
14860,UPG,4,0.0004
14861,UPH,4,0.0004
14862,UPI,4,0.0004
14863,UPJ,4,0.0004
14864,UPK,4,0.0004
14865,UPL,4,0.0004
14866,UPM,4,0.0004
14867,UPN,4,0.0004
14868,UPO,4,0.0004
14869,UPP,4,0.0004
14870,UPQ,4,0.0004
14871,UPR,4,0.0004
14872,UPT,4,0.0004
14873,UPU,4,0.0004
14874,UPV,4,0.0004
14875,UPW,4,0.0004
14876,UPX,4,0.0004
14877,UPY,4,0.0004
14878,UPZ,4,0.0004
14879,UQ,4,0.0004
14880,UQA,4,0.0004
14881,UQB,4,0.0004
14882,UQC,4,0.0004
14883,UQD,4,0.0004
14884,UQE,4,0.0004
14885,UQF,4,0.0004
14886,UQG,4,0.0004
14887,UQH,4,0.0004
14888,UQI,4,0.0004
14889,UQJ,4,0.0004
14890,UQK,4,0.0004
14891,UQL,4,0.0004
14892,UQM,4,0.0004
14893,UQN,4,0.0004
14894,UQO,4,0.0004
14895,UQP,4,0.0004
14896,UQQ,4,0.0004
14897,UQR,4,0.0004
14898,UQS,4,0.0004
14899,UQT,4,0.0004
14900,UQU,4,0.0004
14901,UQV,4,0.0004
14902,UQW,4,0.0004
14903,UQX,4,0.0004
14904,UQY,4,0.0004
14905,UQZ,4,0.0004
14906,UR,4,0.0004
14907,URA,4,0.0004
14908,URB,4,0.0004
14909,URC,4,0.0004
14910,URD,4,0.0004
14911,URE,4,0.0004
14912,URF,4,0.0004
14913,URG,4,0.0004
14914,URH,4,0.0004
14915,URI,4,0.0004
14916,URJ,4,0.0004
14917,URK,4,0.0004
14918,URL,4,0.0004
14919,URM,4,0.0004
14920,URN,4,0.0004
14921,URO,4,0.0004
14922,URP,4,0.0004
14923,URQ,4,0.0004
14924,URR,4,0.0004
14925,URS,4,0.0004
14926,URT,4,0.0004
14927,URU,4,0.0004
14928,URV,4,0.0004
14929,URW,4,0.0004
14930,URX,4,0.0004
14931,URY,4,0.0004
14932,URZ,4,0.0004
14933,US,4,0.0004
14934,USB,4,0.0004
14935,USC,4,0.0004
14936,USD,4,0.0004
14937,USE,4,0.0004
14938,USF,4,0.0004
14939,USG,4,0.0004
14940,USH,4,0.0004
14941,USI,4,0.0004
14942,USJ,4,0.0004
14943,USK,4,0.0004
14944,USL,4,0.0004
14945,USM,4,0.0004
14946,USN,4,0.0004
14947,USO,4,0.0004
14948,USP,4,0.0004
14949,USQ,4,0.0004
14950,USR,4,0.0004
14951,USS,4,0.0004
14952,UST,4,0.0004
14953,USU,4,0.0004
14954,USV,4,0.0004
14955,USW,4,0.0004
14956,USX,4,0.0004
14957,USY,4,0.0004
14958,USZ,4,0.0004
14959,UT,4,0.0004
14960,UTA,4,0.0004
14961,UTB,4,0.0004
14962,UTC,4,0.0004
14963,UTD,4,0.0004
14964,UTE,4,0.0004
14965,UTF,4,0.0004
14966,UTG,4,0.0004
14967,UTH,4,0.0004
14968,UTI,4,0.0004
14969,UTJ,4,0.0004
14970,UTK,4,0.0004
14971,UTL,4,0.0004
14972,UTM,4,0.0004
14973,UTN,4,0.0004
14974,UTO,4,0.0004
14975,UTP,4,0.0004
14976,UTQ,4,0.0004
14977,UTR,4,0.0004
14978,UTS,4,0.0004
14979,UTT,4,0.0004
14980,UTU,4,0.0004
14981,UTV,4,0.0004
14982,UTW,4,0.0004
14983,UTX,4,0.0004
14984,UTY,4,0.0004
14985,UTZ,4,0.0004
14986,UU,4,0.0004
14987,UUA,4,0.0004
14988,UUB,4,0.0004
14989,UUC,4,0.0004
14990,UUD,4,0.0004
14991,UUE,4,0.0004
14992,UUF,4,0.0004
14993,UUG,4,0.0004
14994,UUH,4,0.0004
14995,UUI,4,0.0004
14996,UUJ,4,0.0004
14997,UUK,4,0.0004
14998,UUL,4,0.0004
14999,UUM,4,0.0004
15000,UUN,4,0.0004
15001,UUO,4,0.0004
15002,UUP,4,0.0004
15003,UUQ,4,0.0004
15004,UUR,4,0.0004
15005,UUS,4,0.0004
15006,UUT,4,0.0004
15007,UUU,4,0.0004
15008,UUV,4,0.0004
15009,UUW,4,0.0004
15010,UUX,4,0.0004
15011,UUY,4,0.0004
15012,UUZ,4,0.0004
15013,UV,4,0.0004
15014,UVA,4,0.0004
15015,UVB,4,0.0004
15016,UVC,4,0.0004
15017,UVD,4,0.0004
15018,UVE,4,0.0004
15019,UVF,4,0.0004
15020,UVG,4,0.0004
15021,UVH,4,0.0004
15022,UVI,4,0.0004
15023,UVJ,4,0.0004
15024,UVK,4,0.0004
15025,UVL,4,0.0004
15026,UVM,4,0.0004
15027,UVN,4,0.0004
15028,UVO,4,0.0004
15029,UVP,4,0.0004
15030,UVQ,4,0.0004
15031,UVR,4,0.0004
15032,UVS,4,0.0004
15033,UVT,4,0.0004
15034,UVU,4,0.0004
15035,UVV,4,0.0004
15036,UVW,4,0.0004
15037,UVX,4,0.0004
15038,UVY,4,0.0004
15039,UVZ,4,0.0004
15040,UW,4,0.0004
15041,UWA,4,0.0004
15042,UWB,4,0.0004
15043,UWC,4,0.0004
15044,UWD,4,0.0004
15045,UWE,4,0.0004
15046,UWF,4,0.0004
15047,UWG,4,0.0004
15048,UWH,4,0.0004
15049,UWI,4,0.0004
15050,UWJ,4,0.0004
15051,UWK,4,0.0004
15052,UWL,4,0.0004
15053,UWM,4,0.0004
15054,UWN,4,0.0004
15055,UWO,4,0.0004
15056,UWP,4,0.0004
15057,UWQ,4,0.0004
15058,UWR,4,0.0004
15059,UWS,4,0.0004
15060,UWT,4,0.0004
15061,UWU,4,0.0004
15062,UWV,4,0.0004
15063,UWW,4,0.0004
15064,UWX,4,0.0004
15065,UWY,4,0.0004
15066,UWZ,4,0.0004
15067,UX,4,0.0004
15068,UXA,4,0.0004
15069,UXB,4,0.0004
15070,UXC,4,0.0004
15071,UXD,4,0.0004
15072,UXE,4,0.0004
15073,UXF,4,0.0004
15074,UXG,4,0.0004
15075,UXH,4,0.0004
15076,UXI,4,0.0004
15077,UXJ,4,0.0004
15078,UXK,4,0.0004
15079,UXL,4,0.0004
15080,UXM,4,0.0004
15081,UXN,4,0.0004
15082,UXO,4,0.0004
15083,UXP,4,0.0004
15084,UXQ,4,0.0004
15085,UXR,4,0.0004
15086,UXS,4,0.0004
15087,UXT,4,0.0004
15088,UXU,4,0.0004
15089,UXV,4,0.0004
15090,UXW,4,0.0004
15091,UXX,4,0.0004
15092,UXY,4,0.0004
15093,UXZ,4,0.0004
15094,UY,4,0.0004
15095,UYA,4,0.0004
15096,UYB,4,0.0004
15097,UYC,4,0.0004
15098,UYD,4,0.0004
15099,UYE,4,0.0004
15100,UYF,4,0.0004
15101,UYG,4,0.0004
15102,UYH,4,0.0004
15103,UYI,4,0.0004
15104,UYJ,4,0.0004
15105,UYK,4,0.0004
15106,UYL,4,0.0004
15107,UYM,4,0.0004
15108,UYN,4,0.0004
15109,UYO,4,0.0004
15110,UYP,4,0.0004
15111,UYQ,4,0.0004
15112,UYR,4,0.0004
15113,UYS,4,0.0004
15114,UYT,4,0.0004
15115,UYU,4,0.0004
15116,UYV,4,0.0004
15117,UYW,4,0.0004
15118,UYX,4,0.0004
15119,UYY,4,0.0004
15120,UYZ,4,0.0004
15121,UZ,4,0.0004
15122,UZA,4,0.0004
15123,UZB,4,0.0004
15124,UZC,4,0.0004
15125,UZD,4,0.0004
15126,UZE,4,0.0004
15127,UZF,4,0.0004
15128,UZG,4,0.0004
15129,UZH,4,0.0004
15130,UZI,4,0.0004
15131,UZJ,4,0.0004
15132,UZK,4,0.0004
15133,UZL,4,0.0004
15134,UZM,4,0.0004
15135,UZN,4,0.0004
15136,UZO,4,0.0004
15137,UZP,4,0.0004
15138,UZQ,4,0.0004
15139,UZR,4,0.0004
15140,UZS,4,0.0004
15141,UZT,4,0.0004
15142,UZU,4,0.0004
15143,UZV,4,0.0004
15144,UZW,4,0.0004
15145,UZX,4,0.0004
15146,UZY,4,0.0004
15147,UZZ,4,0.0004
15148,V,4,0.0004
15149,VA,4,0.0004
15150,VAA,4,0.0004
15151,VAB,4,0.0004
15152,VAC,4,0.0004
15153,VAD,4,0.0004
15154,VAE,4,0.0004
15155,VAF,4,0.0004
15156,VAG,4,0.0004
15157,VAH,4,0.0004
15158,VAI,4,0.0004
15159,VAJ,4,0.0004
15160,VAK,4,0.0004
15161,VAL,4,0.0004
15162,VAM,4,0.0004
15163,VAN,4,0.0004
15164,VAO,4,0.0004
15165,VAP,4,0.0004
15166,VAQ,4,0.0004
15167,VAR,4,0.0004
15168,VAS,4,0.0004
15169,VAT,4,0.0004
15170,VAU,4,0.0004
15171,VAV,4,0.0004
15172,VAW,4,0.0004
15173,VAX,4,0.0004
15174,VAY,4,0.0004
15175,VAZ,4,0.0004
15176,VB,4,0.0004
15177,VBA,4,0.0004
15178,VBB,4,0.0004
15179,VBC,4,0.0004
15180,VBD,4,0.0004
15181,VBE,4,0.0004
15182,VBF,4,0.0004
15183,VBG,4,0.0004
15184,VBH,4,0.0004
15185,VBI,4,0.0004
15186,VBJ,4,0.0004
15187,VBK,4,0.0004
15188,VBL,4,0.0004
15189,VBM,4,0.0004
15190,VBN,4,0.0004
15191,VBO,4,0.0004
15192,VBP,4,0.0004
15193,VBQ,4,0.0004
15194,VBR,4,0.0004
15195,VBS,4,0.0004
15196,VBT,4,0.0004
15197,VBU,4,0.0004
15198,VBV,4,0.0004
15199,VBW,4,0.0004
15200,VBX,4,0.0004
15201,VBY,4,0.0004
15202,VBZ,4,0.0004
15203,VCA,4,0.0004
15204,VCB,4,0.0004
15205,VCC,4,0.0004
15206,VCD,4,0.0004
15207,VCE,4,0.0004
15208,VCF,4,0.0004
15209,VCG,4,0.0004
15210,VCH,4,0.0004
15211,VCI,4,0.0004
15212,VCJ,4,0.0004
15213,VCK,4,0.0004
15214,VCL,4,0.0004
15215,VCM,4,0.0004
15216,VCN,4,0.0004
15217,VCO,4,0.0004
15218,VCP,4,0.0004
15219,VCQ,4,0.0004
15220,VCR,4,0.0004
15221,VCS,4,0.0004
15222,VCT,4,0.0004
15223,VCU,4,0.0004
15224,VCV,4,0.0004
15225,VCW,4,0.0004
15226,VCX,4,0.0004
15227,VCY,4,0.0004
15228,VCZ,4,0.0004
15229,VD,4,0.0004
15230,VDA,4,0.0004
15231,VDB,4,0.0004
15232,VDC,4,0.0004
15233,VDD,4,0.0004
15234,VDE,4,0.0004
15235,VDF,4,0.0004
15236,VDG,4,0.0004
15237,VDH,4,0.0004
15238,VDI,4,0.0004
15239,VDJ,4,0.0004
15240,VDK,4,0.0004
15241,VDL,4,0.0004
15242,VDM,4,0.0004
15243,VDN,4,0.0004
15244,VDO,4,0.0004
15245,VDP,4,0.0004
15246,VDQ,4,0.0004
15247,VDR,4,0.0004
15248,VDS,4,0.0004
15249,VDT,4,0.0004
15250,VDU,4,0.0004
15251,VDV,4,0.0004
15252,VDW,4,0.0004
15253,VDX,4,0.0004
15254,VDY,4,0.0004
15255,VDZ,4,0.0004
15256,VE,4,0.0004
15257,VEA,4,0.0004
15258,VEB,4,0.0004
15259,VEC,4,0.0004
15260,VED,4,0.0004
15261,VEE,4,0.0004
15262,VEF,4,0.0004
15263,VEG,4,0.0004
15264,VEH,4,0.0004
15265,VEI,4,0.0004
15266,VEJ,4,0.0004
15267,VEK,4,0.0004
15268,VEL,4,0.0004
15269,VEM,4,0.0004
15270,VEN,4,0.0004
15271,VEO,4,0.0004
15272,VEP,4,0.0004
15273,VEQ,4,0.0004
15274,VER,4,0.0004
15275,VES,4,0.0004
15276,VET,4,0.0004
15277,VEU,4,0.0004
15278,VEV,4,0.0004
15279,VEW,4,0.0004
15280,VEX,4,0.0004
15281,VEY,4,0.0004
15282,VEZ,4,0.0004
15283,VF,4,0.0004
15284,VFA,4,0.0004
15285,VFB,4,0.0004
15286,VFC,4,0.0004
15287,VFD,4,0.0004
15288,VFE,4,0.0004
15289,VFF,4,0.0004
15290,VFG,4,0.0004
15291,VFH,4,0.0004
15292,VFI,4,0.0004
15293,VFJ,4,0.0004
15294,VFK,4,0.0004
15295,VFL,4,0.0004
15296,VFM,4,0.0004
15297,VFN,4,0.0004
15298,VFO,4,0.0004
15299,VFP,4,0.0004
15300,VFQ,4,0.0004
15301,VFR,4,0.0004
15302,VFS,4,0.0004
15303,VFT,4,0.0004
15304,VFU,4,0.0004
15305,VFV,4,0.0004
15306,VFW,4,0.0004
15307,VFX,4,0.0004
15308,VFY,4,0.0004
15309,VFZ,4,0.0004
15310,VG,4,0.0004
15311,VGA,4,0.0004
15312,VGB,4,0.0004
15313,VGC,4,0.0004
15314,VGD,4,0.0004
15315,VGE,4,0.0004
15316,VGF,4,0.0004
15317,VGG,4,0.0004
15318,VGH,4,0.0004
15319,VGI,4,0.0004
15320,VGJ,4,0.0004
15321,VGK,4,0.0004
15322,VGL,4,0.0004
15323,VGM,4,0.0004
15324,VGN,4,0.0004
15325,VGO,4,0.0004
15326,VGP,4,0.0004
15327,VGQ,4,0.0004
15328,VGR,4,0.0004
15329,VGS,4,0.0004
15330,VGT,4,0.0004
15331,VGU,4,0.0004
15332,VGV,4,0.0004
15333,VGW,4,0.0004
15334,VGX,4,0.0004
15335,VGY,4,0.0004
15336,VGZ,4,0.0004
15337,VH,4,0.0004
15338,VHA,4,0.0004
15339,VHB,4,0.0004
15340,VHC,4,0.0004
15341,VHD,4,0.0004
15342,VHE,4,0.0004
15343,VHF,4,0.0004
15344,VHG,4,0.0004
15345,VHH,4,0.0004
15346,VHI,4,0.0004
15347,VHJ,4,0.0004
15348,VHK,4,0.0004
15349,VHL,4,0.0004
15350,VHM,4,0.0004
15351,VHN,4,0.0004
15352,VHO,4,0.0004
15353,VHP,4,0.0004
15354,VHQ,4,0.0004
15355,VHR,4,0.0004
15356,VHS,4,0.0004
15357,VHT,4,0.0004
15358,VHU,4,0.0004
15359,VHV,4,0.0004
15360,VHW,4,0.0004
15361,VHX,4,0.0004
15362,VHY,4,0.0004
15363,VHZ,4,0.0004
15364,VI,4,0.0004
15365,VIA,4,0.0004
15366,VIB,4,0.0004
15367,VIC,4,0.0004
15368,VID,4,0.0004
15369,VIE,4,0.0004
15370,VIF,4,0.0004
15371,VIG,4,0.0004
15372,VIH,4,0.0004
15373,VII,4,0.0004
15374,VIJ,4,0.0004
15375,VIK,4,0.0004
15376,VIL,4,0.0004
15377,VIM,4,0.0004
15378,VIN,4,0.0004
15379,VIO,4,0.0004
15380,VIP,4,0.0004
15381,VIQ,4,0.0004
15382,VIR,4,0.0004
15383,VIS,4,0.0004
15384,VIT,4,0.0004
15385,VIU,4,0.0004
15386,VIV,4,0.0004
15387,VIW,4,0.0004
15388,VIX,4,0.0004
15389,VIY,4,0.0004
15390,VIZ,4,0.0004
15391,VJ,4,0.0004
15392,VJA,4,0.0004
15393,VJB,4,0.0004
15394,VJC,4,0.0004
15395,VJD,4,0.0004
15396,VJE,4,0.0004
15397,VJF,4,0.0004
15398,VJG,4,0.0004
15399,VJH,4,0.0004
15400,VJI,4,0.0004
15401,VJJ,4,0.0004
15402,VJK,4,0.0004
15403,VJL,4,0.0004
15404,VJM,4,0.0004
15405,VJN,4,0.0004
15406,VJO,4,0.0004
15407,VJP,4,0.0004
15408,VJQ,4,0.0004
15409,VJR,4,0.0004
15410,VJS,4,0.0004
15411,VJT,4,0.0004
15412,VJU,4,0.0004
15413,VJV,4,0.0004
15414,VJW,4,0.0004
15415,VJX,4,0.0004
15416,VJY,4,0.0004
15417,VJZ,4,0.0004
15418,VK,4,0.0004
15419,VKA,4,0.0004
15420,VKB,4,0.0004
15421,VKC,4,0.0004
15422,VKD,4,0.0004
15423,VKE,4,0.0004
15424,VKF,4,0.0004
15425,VKG,4,0.0004
15426,VKH,4,0.0004
15427,VKI,4,0.0004
15428,VKJ,4,0.0004
15429,VKK,4,0.0004
15430,VKL,4,0.0004
15431,VKM,4,0.0004
15432,VKN,4,0.0004
15433,VKO,4,0.0004
15434,VKP,4,0.0004
15435,VKQ,4,0.0004
15436,VKR,4,0.0004
15437,VKS,4,0.0004
15438,VKT,4,0.0004
15439,VKU,4,0.0004
15440,VKV,4,0.0004
15441,VKW,4,0.0004
15442,VKX,4,0.0004
15443,VKY,4,0.0004
15444,VKZ,4,0.0004
15445,VL,4,0.0004
15446,VLA,4,0.0004
15447,VLB,4,0.0004
15448,VLC,4,0.0004
15449,VLD,4,0.0004
15450,VLE,4,0.0004
15451,VLF,4,0.0004
15452,VLG,4,0.0004
15453,VLH,4,0.0004
15454,VLI,4,0.0004
15455,VLJ,4,0.0004
15456,VLK,4,0.0004
15457,VLL,4,0.0004
15458,VLM,4,0.0004
15459,VLN,4,0.0004
15460,VLO,4,0.0004
15461,VLP,4,0.0004
15462,VLQ,4,0.0004
15463,VLR,4,0.0004
15464,VLS,4,0.0004
15465,VLT,4,0.0004
15466,VLU,4,0.0004
15467,VLV,4,0.0004
15468,VLW,4,0.0004
15469,VLX,4,0.0004
15470,VLY,4,0.0004
15471,VLZ,4,0.0004
15472,VM,4,0.0004
15473,VMA,4,0.0004
15474,VMB,4,0.0004
15475,VMC,4,0.0004
15476,VMD,4,0.0004
15477,VME,4,0.0004
15478,VMF,4,0.0004
15479,VMG,4,0.0004
15480,VMH,4,0.0004
15481,VMI,4,0.0004
15482,VMJ,4,0.0004
15483,VMK,4,0.0004
15484,VML,4,0.0004
15485,VMM,4,0.0004
15486,VMN,4,0.0004
15487,VMO,4,0.0004
15488,VMP,4,0.0004
15489,VMQ,4,0.0004
15490,VMR,4,0.0004
15491,VMS,4,0.0004
15492,VMT,4,0.0004
15493,VMU,4,0.0004
15494,VMV,4,0.0004
15495,VMW,4,0.0004
15496,VMX,4,0.0004
15497,VMY,4,0.0004
15498,VMZ,4,0.0004
15499,VN,4,0.0004
15500,VNA,4,0.0004
15501,VNB,4,0.0004
15502,VNC,4,0.0004
15503,VND,4,0.0004
15504,VNE,4,0.0004
15505,VNF,4,0.0004
15506,VNG,4,0.0004
15507,VNH,4,0.0004
15508,VNI,4,0.0004
15509,VNJ,4,0.0004
15510,VNK,4,0.0004
15511,VNL,4,0.0004
15512,VNM,4,0.0004
15513,VNN,4,0.0004
15514,VNO,4,0.0004
15515,VNP,4,0.0004
15516,VNQ,4,0.0004
15517,VNR,4,0.0004
15518,VNS,4,0.0004
15519,VNT,4,0.0004
15520,VNU,4,0.0004
15521,VNV,4,0.0004
15522,VNW,4,0.0004
15523,VNX,4,0.0004
15524,VNY,4,0.0004
15525,VNZ,4,0.0004
15526,VO,4,0.0004
15527,VOA,4,0.0004
15528,VOB,4,0.0004
15529,VOC,4,0.0004
15530,VOD,4,0.0004
15531,VOE,4,0.0004
15532,VOF,4,0.0004
15533,VOG,4,0.0004
15534,VOH,4,0.0004
15535,VOI,4,0.0004
15536,VOJ,4,0.0004
15537,VOK,4,0.0004
15538,VOL,4,0.0004
15539,VOM,4,0.0004
15540,VON,4,0.0004
15541,VOO,4,0.0004
15542,VOP,4,0.0004
15543,VOQ,4,0.0004
15544,VOR,4,0.0004
15545,VOS,4,0.0004
15546,VOT,4,0.0004
15547,VOU,4,0.0004
15548,VOV,4,0.0004
15549,VOW,4,0.0004
15550,VOX,4,0.0004
15551,VOY,4,0.0004
15552,VOZ,4,0.0004
15553,VPA,4,0.0004
15554,VPB,4,0.0004
15555,VPC,4,0.0004
15556,VPD,4,0.0004
15557,VPE,4,0.0004
15558,VPF,4,0.0004
15559,VPG,4,0.0004
15560,VPH,4,0.0004
15561,VPI,4,0.0004
15562,VPJ,4,0.0004
15563,VPK,4,0.0004
15564,VPL,4,0.0004
15565,VPM,4,0.0004
15566,VPO,4,0.0004
15567,VPP,4,0.0004
15568,VPQ,4,0.0004
15569,VPR,4,0.0004
15570,VPS,4,0.0004
15571,VPT,4,0.0004
15572,VPU,4,0.0004
15573,VPV,4,0.0004
15574,VPW,4,0.0004
15575,VPX,4,0.0004
15576,VPY,4,0.0004
15577,VPZ,4,0.0004
15578,VQ,4,0.0004
15579,VQA,4,0.0004
15580,VQB,4,0.0004
15581,VQC,4,0.0004
15582,VQD,4,0.0004
15583,VQE,4,0.0004
15584,VQF,4,0.0004
15585,VQG,4,0.0004
15586,VQH,4,0.0004
15587,VQI,4,0.0004
15588,VQJ,4,0.0004
15589,VQK,4,0.0004
15590,VQL,4,0.0004
15591,VQM,4,0.0004
15592,VQN,4,0.0004
15593,VQO,4,0.0004
15594,VQP,4,0.0004
15595,VQQ,4,0.0004
15596,VQR,4,0.0004
15597,VQS,4,0.0004
15598,VQT,4,0.0004
15599,VQU,4,0.0004
15600,VQV,4,0.0004
15601,VQW,4,0.0004
15602,VQX,4,0.0004
15603,VQY,4,0.0004
15604,VQZ,4,0.0004
15605,VR,4,0.0004
15606,VRA,4,0.0004
15607,VRB,4,0.0004
15608,VRC,4,0.0004
15609,VRD,4,0.0004
15610,VRE,4,0.0004
15611,VRF,4,0.0004
15612,VRG,4,0.0004
15613,VRH,4,0.0004
15614,VRI,4,0.0004
15615,VRJ,4,0.0004
15616,VRK,4,0.0004
15617,VRL,4,0.0004
15618,VRM,4,0.0004
15619,VRN,4,0.0004
15620,VRO,4,0.0004
15621,VRP,4,0.0004
15622,VRQ,4,0.0004
15623,VRR,4,0.0004
15624,VRS,4,0.0004
15625,VRT,4,0.0004
15626,VRU,4,0.0004
15627,VRV,4,0.0004
15628,VRW,4,0.0004
15629,VRX,4,0.0004
15630,VRY,4,0.0004
15631,VRZ,4,0.0004
15632,VS,4,0.0004
15633,VSA,4,0.0004
15634,VSB,4,0.0004
15635,VSC,4,0.0004
15636,VSD,4,0.0004
15637,VSE,4,0.0004
15638,VSF,4,0.0004
15639,VSG,4,0.0004
15640,VSH,4,0.0004
15641,VSI,4,0.0004
15642,VSJ,4,0.0004
15643,VSK,4,0.0004
15644,VSL,4,0.0004
15645,VSM,4,0.0004
15646,VSN,4,0.0004
15647,VSO,4,0.0004
15648,VSP,4,0.0004
15649,VSQ,4,0.0004
15650,VSR,4,0.0004
15651,VSS,4,0.0004
15652,VST,4,0.0004
15653,VSU,4,0.0004
15654,VSV,4,0.0004
15655,VSW,4,0.0004
15656,VSX,4,0.0004
15657,VSY,4,0.0004
15658,VSZ,4,0.0004
15659,VT,4,0.0004
15660,VTA,4,0.0004
15661,VTB,4,0.0004
15662,VTC,4,0.0004
15663,VTD,4,0.0004
15664,VTE,4,0.0004
15665,VTF,4,0.0004
15666,VTG,4,0.0004
15667,VTH,4,0.0004
15668,VTI,4,0.0004
15669,VTJ,4,0.0004
15670,VTK,4,0.0004
15671,VTL,4,0.0004
15672,VTM,4,0.0004
15673,VTN,4,0.0004
15674,VTO,4,0.0004
15675,VTP,4,0.0004
15676,VTQ,4,0.0004
15677,VTR,4,0.0004
15678,VTS,4,0.0004
15679,VTT,4,0.0004
15680,VTU,4,0.0004
15681,VTV,4,0.0004
15682,VTW,4,0.0004
15683,VTX,4,0.0004
15684,VTY,4,0.0004
15685,VTZ,4,0.0004
15686,VU,4,0.0004
15687,VUA,4,0.0004
15688,VUB,4,0.0004
15689,VUC,4,0.0004
15690,VUD,4,0.0004
15691,VUE,4,0.0004
15692,VUF,4,0.0004
15693,VUG,4,0.0004
15694,VUH,4,0.0004
15695,VUI,4,0.0004
15696,VUJ,4,0.0004
15697,VUK,4,0.0004
15698,VUL,4,0.0004
15699,VUM,4,0.0004
15700,VUN,4,0.0004
15701,VUO,4,0.0004
15702,VUP,4,0.0004
15703,VUQ,4,0.0004
15704,VUR,4,0.0004
15705,VUS,4,0.0004
15706,VUT,4,0.0004
15707,VUU,4,0.0004
15708,VUV,4,0.0004
15709,VUW,4,0.0004
15710,VUX,4,0.0004
15711,VUY,4,0.0004
15712,VUZ,4,0.0004
15713,VV,4,0.0004
15714,VVA,4,0.0004
15715,VVB,4,0.0004
15716,VVC,4,0.0004
15717,VVD,4,0.0004
15718,VVE,4,0.0004
15719,VVF,4,0.0004
15720,VVG,4,0.0004
15721,VVH,4,0.0004
15722,VVI,4,0.0004
15723,VVJ,4,0.0004
15724,VVK,4,0.0004
15725,VVL,4,0.0004
15726,VVM,4,0.0004
15727,VVN,4,0.0004
15728,VVO,4,0.0004
15729,VVP,4,0.0004
15730,VVQ,4,0.0004
15731,VVR,4,0.0004
15732,VVS,4,0.0004
15733,VVT,4,0.0004
15734,VVU,4,0.0004
15735,VVV,4,0.0004
15736,VVW,4,0.0004
15737,VVX,4,0.0004
15738,VVY,4,0.0004
15739,VVZ,4,0.0004
15740,VWA,4,0.0004
15741,VWB,4,0.0004
15742,VWC,4,0.0004
15743,VWD,4,0.0004
15744,VWE,4,0.0004
15745,VWF,4,0.0004
15746,VWG,4,0.0004
15747,VWH,4,0.0004
15748,VWI,4,0.0004
15749,VWJ,4,0.0004
15750,VWK,4,0.0004
15751,VWL,4,0.0004
15752,VWM,4,0.0004
15753,VWN,4,0.0004
15754,VWO,4,0.0004
15755,VWP,4,0.0004
15756,VWQ,4,0.0004
15757,VWR,4,0.0004
15758,VWS,4,0.0004
15759,VWT,4,0.0004
15760,VWU,4,0.0004
15761,VWV,4,0.0004
15762,VWW,4,0.0004
15763,VWX,4,0.0004
15764,VWY,4,0.0004
15765,VWZ,4,0.0004
15766,VX,4,0.0004
15767,VXA,4,0.0004
15768,VXB,4,0.0004
15769,VXC,4,0.0004
15770,VXD,4,0.0004
15771,VXE,4,0.0004
15772,VXF,4,0.0004
15773,VXG,4,0.0004
15774,VXH,4,0.0004
15775,VXI,4,0.0004
15776,VXJ,4,0.0004
15777,VXK,4,0.0004
15778,VXL,4,0.0004
15779,VXM,4,0.0004
15780,VXN,4,0.0004
15781,VXO,4,0.0004
15782,VXP,4,0.0004
15783,VXQ,4,0.0004
15784,VXR,4,0.0004
15785,VXS,4,0.0004
15786,VXT,4,0.0004
15787,VXU,4,0.0004
15788,VXV,4,0.0004
15789,VXW,4,0.0004
15790,VXX,4,0.0004
15791,VXY,4,0.0004
15792,VXZ,4,0.0004
15793,VY,4,0.0004
15794,VYA,4,0.0004
15795,VYB,4,0.0004
15796,VYC,4,0.0004
15797,VYD,4,0.0004
15798,VYE,4,0.0004
15799,VYF,4,0.0004
15800,VYG,4,0.0004
15801,VYH,4,0.0004
15802,VYI,4,0.0004
15803,VYJ,4,0.0004
15804,VYK,4,0.0004
15805,VYL,4,0.0004
15806,VYM,4,0.0004
15807,VYN,4,0.0004
15808,VYO,4,0.0004
15809,VYP,4,0.0004
15810,VYQ,4,0.0004
15811,VYR,4,0.0004
15812,VYS,4,0.0004
15813,VYT,4,0.0004
15814,VYU,4,0.0004
15815,VYV,4,0.0004
15816,VYW,4,0.0004
15817,VYX,4,0.0004
15818,VYY,4,0.0004
15819,VYZ,4,0.0004
15820,VZ,4,0.0004
15821,VZA,4,0.0004
15822,VZB,4,0.0004
15823,VZC,4,0.0004
15824,VZD,4,0.0004
15825,VZE,4,0.0004
15826,VZF,4,0.0004
15827,VZG,4,0.0004
15828,VZH,4,0.0004
15829,VZI,4,0.0004
15830,VZJ,4,0.0004
15831,VZK,4,0.0004
15832,VZL,4,0.0004
15833,VZM,4,0.0004
15834,VZN,4,0.0004
15835,VZO,4,0.0004
15836,VZP,4,0.0004
15837,VZQ,4,0.0004
15838,VZR,4,0.0004
15839,VZS,4,0.0004
15840,VZT,4,0.0004
15841,VZU,4,0.0004
15842,VZV,4,0.0004
15843,VZW,4,0.0004
15844,VZX,4,0.0004
15845,VZY,4,0.0004
15846,VZZ,4,0.0004
15847,W,4,0.0004
15848,WA,4,0.0004
15849,WAA,4,0.0004
15850,WAB,4,0.0004
15851,WAC,4,0.0004
15852,WAD,4,0.0004
15853,WAE,4,0.0004
15854,WAF,4,0.0004
15855,WAG,4,0.0004
15856,WAH,4,0.0004
15857,WAI,4,0.0004
15858,WAJ,4,0.0004
15859,WAK,4,0.0004
15860,WAL,4,0.0004
15861,WAM,4,0.0004
15862,WAN,4,0.0004
15863,WAO,4,0.0004
15864,WAP,4,0.0004
15865,WAQ,4,0.0004
15866,WAR,4,0.0004
15867,WAS,4,0.0004
15868,WAT,4,0.0004
15869,WAU,4,0.0004
15870,WAV,4,0.0004
15871,WAW,4,0.0004
15872,WAX,4,0.0004
15873,WAY,4,0.0004
15874,WAZ,4,0.0004
15875,WBA,4,0.0004
15876,WBB,4,0.0004
15877,WBC,4,0.0004
15878,WBD,4,0.0004
15879,WBE,4,0.0004
15880,WBF,4,0.0004
15881,WBG,4,0.0004
15882,WBH,4,0.0004
15883,WBI,4,0.0004
15884,WBJ,4,0.0004
15885,WBK,4,0.0004
15886,WBL,4,0.0004
15887,WBM,4,0.0004
15888,WBN,4,0.0004
15889,WBO,4,0.0004
15890,WBP,4,0.0004
15891,WBQ,4,0.0004
15892,WBR,4,0.0004
15893,WBS,4,0.0004
15894,WBT,4,0.0004
15895,WBU,4,0.0004
15896,WBV,4,0.0004
15897,WBW,4,0.0004
15898,WBX,4,0.0004
15899,WBY,4,0.0004
15900,WBZ,4,0.0004
15901,WC,4,0.0004
15902,WCA,4,0.0004
15903,WCB,4,0.0004
15904,WCC,4,0.0004
15905,WCD,4,0.0004
15906,WCE,4,0.0004
15907,WCF,4,0.0004
15908,WCG,4,0.0004
15909,WCH,4,0.0004
15910,WCI,4,0.0004
15911,WCJ,4,0.0004
15912,WCK,4,0.0004
15913,WCL,4,0.0004
15914,WCM,4,0.0004
15915,WCN,4,0.0004
15916,WCO,4,0.0004
15917,WCP,4,0.0004
15918,WCQ,4,0.0004
15919,WCR,4,0.0004
15920,WCS,4,0.0004
15921,WCT,4,0.0004
15922,WCU,4,0.0004
15923,WCV,4,0.0004
15924,WCW,4,0.0004
15925,WCX,4,0.0004
15926,WCY,4,0.0004
15927,WCZ,4,0.0004
15928,WD,4,0.0004
15929,WDA,4,0.0004
15930,WDB,4,0.0004
15931,WDC,4,0.0004
15932,WDD,4,0.0004
15933,WDE,4,0.0004
15934,WDF,4,0.0004
15935,WDG,4,0.0004
15936,WDH,4,0.0004
15937,WDI,4,0.0004
15938,WDJ,4,0.0004
15939,WDK,4,0.0004
15940,WDL,4,0.0004
15941,WDM,4,0.0004
15942,WDN,4,0.0004
15943,WDO,4,0.0004
15944,WDP,4,0.0004
15945,WDQ,4,0.0004
15946,WDR,4,0.0004
15947,WDS,4,0.0004
15948,WDT,4,0.0004
15949,WDU,4,0.0004
15950,WDV,4,0.0004
15951,WDW,4,0.0004
15952,WDX,4,0.0004
15953,WDY,4,0.0004
15954,WDZ,4,0.0004
15955,WE,4,0.0004
15956,WEA,4,0.0004
15957,WEB,4,0.0004
15958,WEC,4,0.0004
15959,WED,4,0.0004
15960,WEE,4,0.0004
15961,WEF,4,0.0004
15962,WEG,4,0.0004
15963,WEH,4,0.0004
15964,WEI,4,0.0004
15965,WEJ,4,0.0004
15966,WEK,4,0.0004
15967,WEL,4,0.0004
15968,WEM,4,0.0004
15969,WEN,4,0.0004
15970,WEO,4,0.0004
15971,WEP,4,0.0004
15972,WEQ,4,0.0004
15973,WER,4,0.0004
15974,WES,4,0.0004
15975,WET,4,0.0004
15976,WEU,4,0.0004
15977,WEV,4,0.0004
15978,WEW,4,0.0004
15979,WEX,4,0.0004
15980,WEY,4,0.0004
15981,WEZ,4,0.0004
15982,WF,4,0.0004
15983,WFA,4,0.0004
15984,WFB,4,0.0004
15985,WFC,4,0.0004
15986,WFD,4,0.0004
15987,WFE,4,0.0004
15988,WFF,4,0.0004
15989,WFG,4,0.0004
15990,WFH,4,0.0004
15991,WFI,4,0.0004
15992,WFJ,4,0.0004
15993,WFK,4,0.0004
15994,WFL,4,0.0004
15995,WFM,4,0.0004
15996,WFN,4,0.0004
15997,WFO,4,0.0004
15998,WFP,4,0.0004
15999,WFQ,4,0.0004
16000,WFR,4,0.0004
16001,WFS,4,0.0004
16002,WFT,4,0.0004
16003,WFU,4,0.0004
16004,WFV,4,0.0004
16005,WFW,4,0.0004
16006,WFX,4,0.0004
16007,WFY,4,0.0004
16008,WFZ,4,0.0004
16009,WG,4,0.0004
16010,WGA,4,0.0004
16011,WGB,4,0.0004
16012,WGC,4,0.0004
16013,WGD,4,0.0004
16014,WGE,4,0.0004
16015,WGF,4,0.0004
16016,WGG,4,0.0004
16017,WGH,4,0.0004
16018,WGI,4,0.0004
16019,WGJ,4,0.0004
16020,WGK,4,0.0004
16021,WGL,4,0.0004
16022,WGM,4,0.0004
16023,WGN,4,0.0004
16024,WGO,4,0.0004
16025,WGP,4,0.0004
16026,WGQ,4,0.0004
16027,WGR,4,0.0004
16028,WGS,4,0.0004
16029,WGT,4,0.0004
16030,WGU,4,0.0004
16031,WGV,4,0.0004
16032,WGW,4,0.0004
16033,WGX,4,0.0004
16034,WGY,4,0.0004
16035,WGZ,4,0.0004
16036,WH,4,0.0004
16037,WHA,4,0.0004
16038,WHB,4,0.0004
16039,WHC,4,0.0004
16040,WHD,4,0.0004
16041,WHE,4,0.0004
16042,WHF,4,0.0004
16043,WHG,4,0.0004
16044,WHH,4,0.0004
16045,WHI,4,0.0004
16046,WHJ,4,0.0004
16047,WHK,4,0.0004
16048,WHL,4,0.0004
16049,WHM,4,0.0004
16050,WHN,4,0.0004
16051,WHO,4,0.0004
16052,WHP,4,0.0004
16053,WHQ,4,0.0004
16054,WHR,4,0.0004
16055,WHS,4,0.0004
16056,WHT,4,0.0004
16057,WHU,4,0.0004
16058,WHV,4,0.0004
16059,WHW,4,0.0004
16060,WHX,4,0.0004
16061,WHY,4,0.0004
16062,WHZ,4,0.0004
16063,WI,4,0.0004
16064,WIA,4,0.0004
16065,WIB,4,0.0004
16066,WIC,4,0.0004
16067,WID,4,0.0004
16068,WIE,4,0.0004
16069,WIF,4,0.0004
16070,WIG,4,0.0004
16071,WIH,4,0.0004
16072,WII,4,0.0004
16073,WIJ,4,0.0004
16074,WIK,4,0.0004
16075,WIL,4,0.0004
16076,WIM,4,0.0004
16077,WIO,4,0.0004
16078,WIP,4,0.0004
16079,WIQ,4,0.0004
16080,WIR,4,0.0004
16081,WIS,4,0.0004
16082,WIT,4,0.0004
16083,WIU,4,0.0004
16084,WIV,4,0.0004
16085,WIW,4,0.0004
16086,WIX,4,0.0004
16087,WIY,4,0.0004
16088,WIZ,4,0.0004
16089,WJ,4,0.0004
16090,WJA,4,0.0004
16091,WJB,4,0.0004
16092,WJC,4,0.0004
16093,WJD,4,0.0004
16094,WJE,4,0.0004
16095,WJF,4,0.0004
16096,WJG,4,0.0004
16097,WJH,4,0.0004
16098,WJI,4,0.0004
16099,WJJ,4,0.0004
16100,WJK,4,0.0004
16101,WJL,4,0.0004
16102,WJM,4,0.0004
16103,WJN,4,0.0004
16104,WJO,4,0.0004
16105,WJP,4,0.0004
16106,WJQ,4,0.0004
16107,WJR,4,0.0004
16108,WJS,4,0.0004
16109,WJT,4,0.0004
16110,WJU,4,0.0004
16111,WJV,4,0.0004
16112,WJW,4,0.0004
16113,WJX,4,0.0004
16114,WJY,4,0.0004
16115,WJZ,4,0.0004
16116,WK,4,0.0004
16117,WKA,4,0.0004
16118,WKB,4,0.0004
16119,WKC,4,0.0004
16120,WKD,4,0.0004
16121,WKE,4,0.0004
16122,WKF,4,0.0004
16123,WKG,4,0.0004
16124,WKH,4,0.0004
16125,WKI,4,0.0004
16126,WKJ,4,0.0004
16127,WKK,4,0.0004
16128,WKL,4,0.0004
16129,WKM,4,0.0004
16130,WKN,4,0.0004
16131,WKO,4,0.0004
16132,WKP,4,0.0004
16133,WKQ,4,0.0004
16134,WKR,4,0.0004
16135,WKS,4,0.0004
16136,WKT,4,0.0004
16137,WKU,4,0.0004
16138,WKV,4,0.0004
16139,WKW,4,0.0004
16140,WKX,4,0.0004
16141,WKY,4,0.0004
16142,WKZ,4,0.0004
16143,WL,4,0.0004
16144,WLA,4,0.0004
16145,WLB,4,0.0004
16146,WLC,4,0.0004
16147,WLD,4,0.0004
16148,WLE,4,0.0004
16149,WLF,4,0.0004
16150,WLG,4,0.0004
16151,WLH,4,0.0004
16152,WLI,4,0.0004
16153,WLJ,4,0.0004
16154,WLK,4,0.0004
16155,WLL,4,0.0004
16156,WLM,4,0.0004
16157,WLN,4,0.0004
16158,WLO,4,0.0004
16159,WLP,4,0.0004
16160,WLQ,4,0.0004
16161,WLR,4,0.0004
16162,WLS,4,0.0004
16163,WLT,4,0.0004
16164,WLU,4,0.0004
16165,WLV,4,0.0004
16166,WLW,4,0.0004
16167,WLX,4,0.0004
16168,WLY,4,0.0004
16169,WLZ,4,0.0004
16170,WMA,4,0.0004
16171,WMB,4,0.0004
16172,WMC,4,0.0004
16173,WMD,4,0.0004
16174,WME,4,0.0004
16175,WMF,4,0.0004
16176,WMG,4,0.0004
16177,WMH,4,0.0004
16178,WMI,4,0.0004
16179,WMJ,4,0.0004
16180,WMK,4,0.0004
16181,WML,4,0.0004
16182,WMM,4,0.0004
16183,WMN,4,0.0004
16184,WMO,4,0.0004
16185,WMP,4,0.0004
16186,WMQ,4,0.0004
16187,WMR,4,0.0004
16188,WMS,4,0.0004
16189,WMT,4,0.0004
16190,WMU,4,0.0004
16191,WMV,4,0.0004
16192,WMW,4,0.0004
16193,WMX,4,0.0004
16194,WMY,4,0.0004
16195,WMZ,4,0.0004
16196,WN,4,0.0004
16197,WNA,4,0.0004
16198,WNB,4,0.0004
16199,WNC,4,0.0004
16200,WND,4,0.0004
16201,WNE,4,0.0004
16202,WNF,4,0.0004
16203,WNG,4,0.0004
16204,WNH,4,0.0004
16205,WNI,4,0.0004
16206,WNJ,4,0.0004
16207,WNK,4,0.0004
16208,WNL,4,0.0004
16209,WNM,4,0.0004
16210,WNN,4,0.0004
16211,WNO,4,0.0004
16212,WNP,4,0.0004
16213,WNQ,4,0.0004
16214,WNR,4,0.0004
16215,WNS,4,0.0004
16216,WNT,4,0.0004
16217,WNU,4,0.0004
16218,WNV,4,0.0004
16219,WNW,4,0.0004
16220,WNX,4,0.0004
16221,WNY,4,0.0004
16222,WNZ,4,0.0004
16223,WO,4,0.0004
16224,WOA,4,0.0004
16225,WOB,4,0.0004
16226,WOC,4,0.0004
16227,WOD,4,0.0004
16228,WOE,4,0.0004
16229,WOF,4,0.0004
16230,WOG,4,0.0004
16231,WOH,4,0.0004
16232,WOI,4,0.0004
16233,WOJ,4,0.0004
16234,WOK,4,0.0004
16235,WOL,4,0.0004
16236,WOM,4,0.0004
16237,WON,4,0.0004
16238,WOO,4,0.0004
16239,WOP,4,0.0004
16240,WOQ,4,0.0004
16241,WOR,4,0.0004
16242,WOS,4,0.0004
16243,WOT,4,0.0004
16244,WOU,4,0.0004
16245,WOV,4,0.0004
16246,WOW,4,0.0004
16247,WOX,4,0.0004
16248,WOY,4,0.0004
16249,WOZ,4,0.0004
16250,WP,4,0.0004
16251,WPA,4,0.0004
16252,WPB,4,0.0004
16253,WPC,4,0.0004
16254,WPD,4,0.0004
16255,WPE,4,0.0004
16256,WPF,4,0.0004
16257,WPG,4,0.0004
16258,WPH,4,0.0004
16259,WPI,4,0.0004
16260,WPJ,4,0.0004
16261,WPK,4,0.0004
16262,WPL,4,0.0004
16263,WPM,4,0.0004
16264,WPN,4,0.0004
16265,WPO,4,0.0004
16266,WPP,4,0.0004
16267,WPQ,4,0.0004
16268,WPR,4,0.0004
16269,WPS,4,0.0004
16270,WPT,4,0.0004
16271,WPU,4,0.0004
16272,WPV,4,0.0004
16273,WPW,4,0.0004
16274,WPX,4,0.0004
16275,WPY,4,0.0004
16276,WPZ,4,0.0004
16277,WQ,4,0.0004
16278,WQA,4,0.0004
16279,WQB,4,0.0004
16280,WQC,4,0.0004
16281,WQD,4,0.0004
16282,WQE,4,0.0004
16283,WQF,4,0.0004
16284,WQG,4,0.0004
16285,WQH,4,0.0004
16286,WQI,4,0.0004
16287,WQJ,4,0.0004
16288,WQK,4,0.0004
16289,WQL,4,0.0004
16290,WQM,4,0.0004
16291,WQN,4,0.0004
16292,WQO,4,0.0004
16293,WQP,4,0.0004
16294,WQQ,4,0.0004
16295,WQR,4,0.0004
16296,WQS,4,0.0004
16297,WQT,4,0.0004
16298,WQU,4,0.0004
16299,WQV,4,0.0004
16300,WQW,4,0.0004
16301,WQX,4,0.0004
16302,WQY,4,0.0004
16303,WQZ,4,0.0004
16304,WR,4,0.0004
16305,WRA,4,0.0004
16306,WRB,4,0.0004
16307,WRC,4,0.0004
16308,WRD,4,0.0004
16309,WRE,4,0.0004
16310,WRF,4,0.0004
16311,WRG,4,0.0004
16312,WRH,4,0.0004
16313,WRI,4,0.0004
16314,WRJ,4,0.0004
16315,WRK,4,0.0004
16316,WRL,4,0.0004
16317,WRM,4,0.0004
16318,WRN,4,0.0004
16319,WRO,4,0.0004
16320,WRP,4,0.0004
16321,WRQ,4,0.0004
16322,WRR,4,0.0004
16323,WRS,4,0.0004
16324,WRT,4,0.0004
16325,WRU,4,0.0004
16326,WRV,4,0.0004
16327,WRW,4,0.0004
16328,WRX,4,0.0004
16329,WRY,4,0.0004
16330,WRZ,4,0.0004
16331,WSA,4,0.0004
16332,WSB,4,0.0004
16333,WSC,4,0.0004
16334,WSD,4,0.0004
16335,WSE,4,0.0004
16336,WSF,4,0.0004
16337,WSG,4,0.0004
16338,WSH,4,0.0004
16339,WSI,4,0.0004
16340,WSJ,4,0.0004
16341,WSK,4,0.0004
16342,WSL,4,0.0004
16343,WSM,4,0.0004
16344,WSN,4,0.0004
16345,WSO,4,0.0004
16346,WSP,4,0.0004
16347,WSQ,4,0.0004
16348,WSR,4,0.0004
16349,WSS,4,0.0004
16350,WST,4,0.0004
16351,WSU,4,0.0004
16352,WSV,4,0.0004
16353,WSW,4,0.0004
16354,WSX,4,0.0004
16355,WSY,4,0.0004
16356,WSZ,4,0.0004
16357,WT,4,0.0004
16358,WTA,4,0.0004
16359,WTB,4,0.0004
16360,WTC,4,0.0004
16361,WTD,4,0.0004
16362,WTE,4,0.0004
16363,WTF,4,0.0004
16364,WTG,4,0.0004
16365,WTH,4,0.0004
16366,WTI,4,0.0004
16367,WTJ,4,0.0004
16368,WTK,4,0.0004
16369,WTL,4,0.0004
16370,WTM,4,0.0004
16371,WTN,4,0.0004
16372,WTO,4,0.0004
16373,WTP,4,0.0004
16374,WTQ,4,0.0004
16375,WTR,4,0.0004
16376,WTT,4,0.0004
16377,WTU,4,0.0004
16378,WTV,4,0.0004
16379,WTW,4,0.0004
16380,WTX,4,0.0004
16381,WTY,4,0.0004
16382,WTZ,4,0.0004
16383,WU,4,0.0004
16384,WUA,4,0.0004
16385,WUB,4,0.0004
16386,WUC,4,0.0004
16387,WUD,4,0.0004
16388,WUE,4,0.0004
16389,WUF,4,0.0004
16390,WUG,4,0.0004
16391,WUH,4,0.0004
16392,WUI,4,0.0004
16393,WUJ,4,0.0004
16394,WUK,4,0.0004
16395,WUL,4,0.0004
16396,WUM,4,0.0004
16397,WUN,4,0.0004
16398,WUO,4,0.0004
16399,WUP,4,0.0004
16400,WUQ,4,0.0004
16401,WUR,4,0.0004
16402,WUS,4,0.0004
16403,WUT,4,0.0004
16404,WUU,4,0.0004
16405,WUV,4,0.0004
16406,WUW,4,0.0004
16407,WUX,4,0.0004
16408,WUY,4,0.0004
16409,WUZ,4,0.0004
16410,WV,4,0.0004
16411,WVA,4,0.0004
16412,WVB,4,0.0004
16413,WVC,4,0.0004
16414,WVD,4,0.0004
16415,WVE,4,0.0004
16416,WVF,4,0.0004
16417,WVG,4,0.0004
16418,WVH,4,0.0004
16419,WVI,4,0.0004
16420,WVJ,4,0.0004
16421,WVK,4,0.0004
16422,WVL,4,0.0004
16423,WVM,4,0.0004
16424,WVN,4,0.0004
16425,WVO,4,0.0004
16426,WVP,4,0.0004
16427,WVQ,4,0.0004
16428,WVR,4,0.0004
16429,WVS,4,0.0004
16430,WVT,4,0.0004
16431,WVU,4,0.0004
16432,WVV,4,0.0004
16433,WVW,4,0.0004
16434,WVX,4,0.0004
16435,WVY,4,0.0004
16436,WVZ,4,0.0004
16437,WW,4,0.0004
16438,WWA,4,0.0004
16439,WWB,4,0.0004
16440,WWC,4,0.0004
16441,WWD,4,0.0004
16442,WWE,4,0.0004
16443,WWF,4,0.0004
16444,WWG,4,0.0004
16445,WWH,4,0.0004
16446,WWI,4,0.0004
16447,WWJ,4,0.0004
16448,WWK,4,0.0004
16449,WWL,4,0.0004
16450,WWM,4,0.0004
16451,WWN,4,0.0004
16452,WWO,4,0.0004
16453,WWP,4,0.0004
16454,WWQ,4,0.0004
16455,WWR,4,0.0004
16456,WWS,4,0.0004
16457,WWT,4,0.0004
16458,WWU,4,0.0004
16459,WWV,4,0.0004
16460,WWW,4,0.0004
16461,WWX,4,0.0004
16462,WWY,4,0.0004
16463,WWZ,4,0.0004
16464,WX,4,0.0004
16465,WXA,4,0.0004
16466,WXB,4,0.0004
16467,WXC,4,0.0004
16468,WXD,4,0.0004
16469,WXE,4,0.0004
16470,WXF,4,0.0004
16471,WXG,4,0.0004
16472,WXH,4,0.0004
16473,WXI,4,0.0004
16474,WXJ,4,0.0004
16475,WXK,4,0.0004
16476,WXL,4,0.0004
16477,WXM,4,0.0004
16478,WXN,4,0.0004
16479,WXO,4,0.0004
16480,WXP,4,0.0004
16481,WXQ,4,0.0004
16482,WXR,4,0.0004
16483,WXS,4,0.0004
16484,WXT,4,0.0004
16485,WXU,4,0.0004
16486,WXV,4,0.0004
16487,WXW,4,0.0004
16488,WXX,4,0.0004
16489,WXY,4,0.0004
16490,WXZ,4,0.0004
16491,WY,4,0.0004
16492,WYA,4,0.0004
16493,WYB,4,0.0004
16494,WYC,4,0.0004
16495,WYD,4,0.0004
16496,WYE,4,0.0004
16497,WYF,4,0.0004
16498,WYG,4,0.0004
16499,WYH,4,0.0004
16500,WYI,4,0.0004
16501,WYJ,4,0.0004
16502,WYK,4,0.0004
16503,WYL,4,0.0004
16504,WYM,4,0.0004
16505,WYN,4,0.0004
16506,WYO,4,0.0004
16507,WYP,4,0.0004
16508,WYQ,4,0.0004
16509,WYR,4,0.0004
16510,WYS,4,0.0004
16511,WYT,4,0.0004
16512,WYU,4,0.0004
16513,WYV,4,0.0004
16514,WYW,4,0.0004
16515,WYX,4,0.0004
16516,WYY,4,0.0004
16517,WYZ,4,0.0004
16518,WZ,4,0.0004
16519,WZA,4,0.0004
16520,WZB,4,0.0004
16521,WZC,4,0.0004
16522,WZD,4,0.0004
16523,WZE,4,0.0004
16524,WZF,4,0.0004
16525,WZG,4,0.0004
16526,WZH,4,0.0004
16527,WZI,4,0.0004
16528,WZJ,4,0.0004
16529,WZK,4,0.0004
16530,WZL,4,0.0004
16531,WZM,4,0.0004
16532,WZN,4,0.0004
16533,WZO,4,0.0004
16534,WZP,4,0.0004
16535,WZQ,4,0.0004
16536,WZR,4,0.0004
16537,WZS,4,0.0004
16538,WZT,4,0.0004
16539,WZU,4,0.0004
16540,WZV,4,0.0004
16541,WZW,4,0.0004
16542,WZX,4,0.0004
16543,WZY,4,0.0004
16544,WZZ,4,0.0004
16545,XA,4,0.0004
16546,XAA,4,0.0004
16547,XAB,4,0.0004
16548,XAC,4,0.0004
16549,XAD,4,0.0004
16550,XAE,4,0.0004
16551,XAF,4,0.0004
16552,XAG,4,0.0004
16553,XAH,4,0.0004
16554,XAI,4,0.0004
16555,XAJ,4,0.0004
16556,XAK,4,0.0004
16557,XAL,4,0.0004
16558,XAM,4,0.0004
16559,XAN,4,0.0004
16560,XAO,4,0.0004
16561,XAP,4,0.0004
16562,XAQ,4,0.0004
16563,XAR,4,0.0004
16564,XAS,4,0.0004
16565,XAT,4,0.0004
16566,XAU,4,0.0004
16567,XAV,4,0.0004
16568,XAW,4,0.0004
16569,XAX,4,0.0004
16570,XAY,4,0.0004
16571,XAZ,4,0.0004
16572,XB,4,0.0004
16573,XBA,4,0.0004
16574,XBB,4,0.0004
16575,XBC,4,0.0004
16576,XBD,4,0.0004
16577,XBE,4,0.0004
16578,XBF,4,0.0004
16579,XBG,4,0.0004
16580,XBH,4,0.0004
16581,XBI,4,0.0004
16582,XBJ,4,0.0004
16583,XBK,4,0.0004
16584,XBL,4,0.0004
16585,XBM,4,0.0004
16586,XBN,4,0.0004
16587,XBO,4,0.0004
16588,XBP,4,0.0004
16589,XBQ,4,0.0004
16590,XBR,4,0.0004
16591,XBS,4,0.0004
16592,XBT,4,0.0004
16593,XBU,4,0.0004
16594,XBV,4,0.0004
16595,XBW,4,0.0004
16596,XBX,4,0.0004
16597,XBY,4,0.0004
16598,XBZ,4,0.0004
16599,XC,4,0.0004
16600,XCA,4,0.0004
16601,XCB,4,0.0004
16602,XCC,4,0.0004
16603,XCD,4,0.0004
16604,XCE,4,0.0004
16605,XCF,4,0.0004
16606,XCG,4,0.0004
16607,XCH,4,0.0004
16608,XCI,4,0.0004
16609,XCJ,4,0.0004
16610,XCK,4,0.0004
16611,XCL,4,0.0004
16612,XCM,4,0.0004
16613,XCN,4,0.0004
16614,XCO,4,0.0004
16615,XCP,4,0.0004
16616,XCQ,4,0.0004
16617,XCR,4,0.0004
16618,XCS,4,0.0004
16619,XCT,4,0.0004
16620,XCU,4,0.0004
16621,XCV,4,0.0004
16622,XCW,4,0.0004
16623,XCX,4,0.0004
16624,XCY,4,0.0004
16625,XCZ,4,0.0004
16626,XD,4,0.0004
16627,XDA,4,0.0004
16628,XDB,4,0.0004
16629,XDC,4,0.0004
16630,XDD,4,0.0004
16631,XDE,4,0.0004
16632,XDF,4,0.0004
16633,XDG,4,0.0004
16634,XDH,4,0.0004
16635,XDI,4,0.0004
16636,XDJ,4,0.0004
16637,XDK,4,0.0004
16638,XDL,4,0.0004
16639,XDM,4,0.0004
16640,XDN,4,0.0004
16641,XDO,4,0.0004
16642,XDP,4,0.0004
16643,XDQ,4,0.0004
16644,XDR,4,0.0004
16645,XDS,4,0.0004
16646,XDT,4,0.0004
16647,XDU,4,0.0004
16648,XDV,4,0.0004
16649,XDW,4,0.0004
16650,XDX,4,0.0004
16651,XDY,4,0.0004
16652,XDZ,4,0.0004
16653,XE,4,0.0004
16654,XEA,4,0.0004
16655,XEB,4,0.0004
16656,XEC,4,0.0004
16657,XED,4,0.0004
16658,XEE,4,0.0004
16659,XEF,4,0.0004
16660,XEG,4,0.0004
16661,XEH,4,0.0004
16662,XEI,4,0.0004
16663,XEJ,4,0.0004
16664,XEK,4,0.0004
16665,XEL,4,0.0004
16666,XEM,4,0.0004
16667,XEN,4,0.0004
16668,XEO,4,0.0004
16669,XEP,4,0.0004
16670,XEQ,4,0.0004
16671,XER,4,0.0004
16672,XES,4,0.0004
16673,XET,4,0.0004
16674,XEU,4,0.0004
16675,XEV,4,0.0004
16676,XEW,4,0.0004
16677,XEX,4,0.0004
16678,XEY,4,0.0004
16679,XEZ,4,0.0004
16680,XF,4,0.0004
16681,XFA,4,0.0004
16682,XFB,4,0.0004
16683,XFC,4,0.0004
16684,XFD,4,0.0004
16685,XFE,4,0.0004
16686,XFF,4,0.0004
16687,XFG,4,0.0004
16688,XFH,4,0.0004
16689,XFI,4,0.0004
16690,XFJ,4,0.0004
16691,XFK,4,0.0004
16692,XFL,4,0.0004
16693,XFM,4,0.0004
16694,XFN,4,0.0004
16695,XFO,4,0.0004
16696,XFP,4,0.0004
16697,XFQ,4,0.0004
16698,XFR,4,0.0004
16699,XFS,4,0.0004
16700,XFT,4,0.0004
16701,XFU,4,0.0004
16702,XFV,4,0.0004
16703,XFW,4,0.0004
16704,XFX,4,0.0004
16705,XFY,4,0.0004
16706,XFZ,4,0.0004
16707,XG,4,0.0004
16708,XGA,4,0.0004
16709,XGB,4,0.0004
16710,XGC,4,0.0004
16711,XGD,4,0.0004
16712,XGE,4,0.0004
16713,XGF,4,0.0004
16714,XGG,4,0.0004
16715,XGH,4,0.0004
16716,XGI,4,0.0004
16717,XGJ,4,0.0004
16718,XGK,4,0.0004
16719,XGL,4,0.0004
16720,XGM,4,0.0004
16721,XGN,4,0.0004
16722,XGO,4,0.0004
16723,XGP,4,0.0004
16724,XGQ,4,0.0004
16725,XGR,4,0.0004
16726,XGS,4,0.0004
16727,XGT,4,0.0004
16728,XGU,4,0.0004
16729,XGV,4,0.0004
16730,XGW,4,0.0004
16731,XGX,4,0.0004
16732,XGY,4,0.0004
16733,XGZ,4,0.0004
16734,XH,4,0.0004
16735,XHA,4,0.0004
16736,XHB,4,0.0004
16737,XHC,4,0.0004
16738,XHD,4,0.0004
16739,XHE,4,0.0004
16740,XHF,4,0.0004
16741,XHG,4,0.0004
16742,XHH,4,0.0004
16743,XHI,4,0.0004
16744,XHJ,4,0.0004
16745,XHK,4,0.0004
16746,XHL,4,0.0004
16747,XHM,4,0.0004
16748,XHN,4,0.0004
16749,XHO,4,0.0004
16750,XHP,4,0.0004
16751,XHQ,4,0.0004
16752,XHR,4,0.0004
16753,XHS,4,0.0004
16754,XHT,4,0.0004
16755,XHU,4,0.0004
16756,XHV,4,0.0004
16757,XHW,4,0.0004
16758,XHX,4,0.0004
16759,XHY,4,0.0004
16760,XHZ,4,0.0004
16761,XI,4,0.0004
16762,XIA,4,0.0004
16763,XIB,4,0.0004
16764,XIC,4,0.0004
16765,XID,4,0.0004
16766,XIE,4,0.0004
16767,XIF,4,0.0004
16768,XIG,4,0.0004
16769,XIH,4,0.0004
16770,XII,4,0.0004
16771,XIJ,4,0.0004
16772,XIK,4,0.0004
16773,XIL,4,0.0004
16774,XIM,4,0.0004
16775,XIN,4,0.0004
16776,XIO,4,0.0004
16777,XIP,4,0.0004
16778,XIQ,4,0.0004
16779,XIR,4,0.0004
16780,XIS,4,0.0004
16781,XIT,4,0.0004
16782,XIU,4,0.0004
16783,XIV,4,0.0004
16784,XIW,4,0.0004
16785,XIX,4,0.0004
16786,XIY,4,0.0004
16787,XIZ,4,0.0004
16788,XJ,4,0.0004
16789,XJA,4,0.0004
16790,XJB,4,0.0004
16791,XJC,4,0.0004
16792,XJD,4,0.0004
16793,XJE,4,0.0004
16794,XJF,4,0.0004
16795,XJG,4,0.0004
16796,XJH,4,0.0004
16797,XJI,4,0.0004
16798,XJJ,4,0.0004
16799,XJK,4,0.0004
16800,XJL,4,0.0004
16801,XJM,4,0.0004
16802,XJN,4,0.0004
16803,XJO,4,0.0004
16804,XJP,4,0.0004
16805,XJQ,4,0.0004
16806,XJR,4,0.0004
16807,XJS,4,0.0004
16808,XJT,4,0.0004
16809,XJU,4,0.0004
16810,XJV,4,0.0004
16811,XJW,4,0.0004
16812,XJX,4,0.0004
16813,XJY,4,0.0004
16814,XJZ,4,0.0004
16815,XK,4,0.0004
16816,XKA,4,0.0004
16817,XKB,4,0.0004
16818,XKC,4,0.0004
16819,XKD,4,0.0004
16820,XKE,4,0.0004
16821,XKF,4,0.0004
16822,XKG,4,0.0004
16823,XKH,4,0.0004
16824,XKI,4,0.0004
16825,XKJ,4,0.0004
16826,XKK,4,0.0004
16827,XKL,4,0.0004
16828,XKM,4,0.0004
16829,XKN,4,0.0004
16830,XKO,4,0.0004
16831,XKP,4,0.0004
16832,XKQ,4,0.0004
16833,XKR,4,0.0004
16834,XKS,4,0.0004
16835,XKT,4,0.0004
16836,XKU,4,0.0004
16837,XKV,4,0.0004
16838,XKW,4,0.0004
16839,XKX,4,0.0004
16840,XKY,4,0.0004
16841,XKZ,4,0.0004
16842,XL,4,0.0004
16843,XLA,4,0.0004
16844,XLB,4,0.0004
16845,XLC,4,0.0004
16846,XLD,4,0.0004
16847,XLE,4,0.0004
16848,XLF,4,0.0004
16849,XLG,4,0.0004
16850,XLH,4,0.0004
16851,XLI,4,0.0004
16852,XLJ,4,0.0004
16853,XLK,4,0.0004
16854,XLL,4,0.0004
16855,XLM,4,0.0004
16856,XLN,4,0.0004
16857,XLO,4,0.0004
16858,XLP,4,0.0004
16859,XLQ,4,0.0004
16860,XLR,4,0.0004
16861,XLS,4,0.0004
16862,XLT,4,0.0004
16863,XLU,4,0.0004
16864,XLV,4,0.0004
16865,XLW,4,0.0004
16866,XLX,4,0.0004
16867,XLY,4,0.0004
16868,XLZ,4,0.0004
16869,XM,4,0.0004
16870,XMA,4,0.0004
16871,XMB,4,0.0004
16872,XMC,4,0.0004
16873,XMD,4,0.0004
16874,XME,4,0.0004
16875,XMF,4,0.0004
16876,XMG,4,0.0004
16877,XMH,4,0.0004
16878,XMI,4,0.0004
16879,XMJ,4,0.0004
16880,XMK,4,0.0004
16881,XML,4,0.0004
16882,XMM,4,0.0004
16883,XMN,4,0.0004
16884,XMO,4,0.0004
16885,XMP,4,0.0004
16886,XMQ,4,0.0004
16887,XMR,4,0.0004
16888,XMS,4,0.0004
16889,XMT,4,0.0004
16890,XMU,4,0.0004
16891,XMV,4,0.0004
16892,XMW,4,0.0004
16893,XMX,4,0.0004
16894,XMY,4,0.0004
16895,XMZ,4,0.0004
16896,XN,4,0.0004
16897,XNA,4,0.0004
16898,XNB,4,0.0004
16899,XNC,4,0.0004
16900,XND,4,0.0004
16901,XNE,4,0.0004
16902,XNF,4,0.0004
16903,XNG,4,0.0004
16904,XNH,4,0.0004
16905,XNI,4,0.0004
16906,XNJ,4,0.0004
16907,XNK,4,0.0004
16908,XNL,4,0.0004
16909,XNM,4,0.0004
16910,XNN,4,0.0004
16911,XNO,4,0.0004
16912,XNP,4,0.0004
16913,XNQ,4,0.0004
16914,XNR,4,0.0004
16915,XNS,4,0.0004
16916,XNT,4,0.0004
16917,XNU,4,0.0004
16918,XNV,4,0.0004
16919,XNW,4,0.0004
16920,XNX,4,0.0004
16921,XNY,4,0.0004
16922,XNZ,4,0.0004
16923,XO,4,0.0004
16924,XOA,4,0.0004
16925,XOB,4,0.0004
16926,XOC,4,0.0004
16927,XOD,4,0.0004
16928,XOE,4,0.0004
16929,XOF,4,0.0004
16930,XOG,4,0.0004
16931,XOH,4,0.0004
16932,XOI,4,0.0004
16933,XOJ,4,0.0004
16934,XOK,4,0.0004
16935,XOL,4,0.0004
16936,XOM,4,0.0004
16937,XON,4,0.0004
16938,XOO,4,0.0004
16939,XOP,4,0.0004
16940,XOQ,4,0.0004
16941,XOR,4,0.0004
16942,XOS,4,0.0004
16943,XOT,4,0.0004
16944,XOU,4,0.0004
16945,XOV,4,0.0004
16946,XOW,4,0.0004
16947,XOX,4,0.0004
16948,XOY,4,0.0004
16949,XOZ,4,0.0004
16950,XP,4,0.0004
16951,XPA,4,0.0004
16952,XPB,4,0.0004
16953,XPC,4,0.0004
16954,XPD,4,0.0004
16955,XPE,4,0.0004
16956,XPF,4,0.0004
16957,XPG,4,0.0004
16958,XPH,4,0.0004
16959,XPI,4,0.0004
16960,XPJ,4,0.0004
16961,XPK,4,0.0004
16962,XPL,4,0.0004
16963,XPM,4,0.0004
16964,XPN,4,0.0004
16965,XPO,4,0.0004
16966,XPP,4,0.0004
16967,XPQ,4,0.0004
16968,XPR,4,0.0004
16969,XPS,4,0.0004
16970,XPT,4,0.0004
16971,XPU,4,0.0004
16972,XPV,4,0.0004
16973,XPW,4,0.0004
16974,XPX,4,0.0004
16975,XPY,4,0.0004
16976,XPZ,4,0.0004
16977,XQ,4,0.0004
16978,XQA,4,0.0004
16979,XQB,4,0.0004
16980,XQC,4,0.0004
16981,XQD,4,0.0004
16982,XQE,4,0.0004
16983,XQF,4,0.0004
16984,XQG,4,0.0004
16985,XQH,4,0.0004
16986,XQI,4,0.0004
16987,XQJ,4,0.0004
16988,XQK,4,0.0004
16989,XQL,4,0.0004
16990,XQM,4,0.0004
16991,XQN,4,0.0004
16992,XQO,4,0.0004
16993,XQP,4,0.0004
16994,XQQ,4,0.0004
16995,XQR,4,0.0004
16996,XQS,4,0.0004
16997,XQT,4,0.0004
16998,XQU,4,0.0004
16999,XQV,4,0.0004
17000,XQW,4,0.0004
17001,XQX,4,0.0004
17002,XQY,4,0.0004
17003,XQZ,4,0.0004
17004,XR,4,0.0004
17005,XRA,4,0.0004
17006,XRB,4,0.0004
17007,XRC,4,0.0004
17008,XRD,4,0.0004
17009,XRE,4,0.0004
17010,XRF,4,0.0004
17011,XRG,4,0.0004
17012,XRH,4,0.0004
17013,XRI,4,0.0004
17014,XRJ,4,0.0004
17015,XRK,4,0.0004
17016,XRL,4,0.0004
17017,XRM,4,0.0004
17018,XRN,4,0.0004
17019,XRO,4,0.0004
17020,XRP,4,0.0004
17021,XRQ,4,0.0004
17022,XRR,4,0.0004
17023,XRS,4,0.0004
17024,XRT,4,0.0004
17025,XRU,4,0.0004
17026,XRV,4,0.0004
17027,XRW,4,0.0004
17028,XRX,4,0.0004
17029,XRY,4,0.0004
17030,XRZ,4,0.0004
17031,XS,4,0.0004
17032,XSA,4,0.0004
17033,XSB,4,0.0004
17034,XSC,4,0.0004
17035,XSD,4,0.0004
17036,XSE,4,0.0004
17037,XSF,4,0.0004
17038,XSG,4,0.0004
17039,XSH,4,0.0004
17040,XSI,4,0.0004
17041,XSJ,4,0.0004
17042,XSK,4,0.0004
17043,XSL,4,0.0004
17044,XSM,4,0.0004
17045,XSN,4,0.0004
17046,XSO,4,0.0004
17047,XSP,4,0.0004
17048,XSQ,4,0.0004
17049,XSR,4,0.0004
17050,XSS,4,0.0004
17051,XST,4,0.0004
17052,XSU,4,0.0004
17053,XSV,4,0.0004
17054,XSW,4,0.0004
17055,XSX,4,0.0004
17056,XSY,4,0.0004
17057,XSZ,4,0.0004
17058,XT,4,0.0004
17059,XTA,4,0.0004
17060,XTB,4,0.0004
17061,XTC,4,0.0004
17062,XTD,4,0.0004
17063,XTE,4,0.0004
17064,XTF,4,0.0004
17065,XTG,4,0.0004
17066,XTH,4,0.0004
17067,XTI,4,0.0004
17068,XTJ,4,0.0004
17069,XTK,4,0.0004
17070,XTL,4,0.0004
17071,XTM,4,0.0004
17072,XTN,4,0.0004
17073,XTO,4,0.0004
17074,XTP,4,0.0004
17075,XTQ,4,0.0004
17076,XTR,4,0.0004
17077,XTS,4,0.0004
17078,XTT,4,0.0004
17079,XTU,4,0.0004
17080,XTV,4,0.0004
17081,XTW,4,0.0004
17082,XTX,4,0.0004
17083,XTY,4,0.0004
17084,XTZ,4,0.0004
17085,XU,4,0.0004
17086,XUA,4,0.0004
17087,XUB,4,0.0004
17088,XUC,4,0.0004
17089,XUD,4,0.0004
17090,XUE,4,0.0004
17091,XUF,4,0.0004
17092,XUG,4,0.0004
17093,XUH,4,0.0004
17094,XUI,4,0.0004
17095,XUJ,4,0.0004
17096,XUK,4,0.0004
17097,XUL,4,0.0004
17098,XUM,4,0.0004
17099,XUN,4,0.0004
17100,XUO,4,0.0004
17101,XUP,4,0.0004
17102,XUQ,4,0.0004
17103,XUR,4,0.0004
17104,XUS,4,0.0004
17105,XUT,4,0.0004
17106,XUU,4,0.0004
17107,XUV,4,0.0004
17108,XUW,4,0.0004
17109,XUX,4,0.0004
17110,XUY,4,0.0004
17111,XUZ,4,0.0004
17112,XV,4,0.0004
17113,XVA,4,0.0004
17114,XVB,4,0.0004
17115,XVC,4,0.0004
17116,XVD,4,0.0004
17117,XVE,4,0.0004
17118,XVF,4,0.0004
17119,XVG,4,0.0004
17120,XVH,4,0.0004
17121,XVI,4,0.0004
17122,XVJ,4,0.0004
17123,XVK,4,0.0004
17124,XVL,4,0.0004
17125,XVM,4,0.0004
17126,XVN,4,0.0004
17127,XVO,4,0.0004
17128,XVP,4,0.0004
17129,XVQ,4,0.0004
17130,XVR,4,0.0004
17131,XVS,4,0.0004
17132,XVT,4,0.0004
17133,XVU,4,0.0004
17134,XVV,4,0.0004
17135,XVW,4,0.0004
17136,XVX,4,0.0004
17137,XVY,4,0.0004
17138,XVZ,4,0.0004
17139,XW,4,0.0004
17140,XWA,4,0.0004
17141,XWB,4,0.0004
17142,XWC,4,0.0004
17143,XWD,4,0.0004
17144,XWE,4,0.0004
17145,XWF,4,0.0004
17146,XWG,4,0.0004
17147,XWH,4,0.0004
17148,XWI,4,0.0004
17149,XWJ,4,0.0004
17150,XWK,4,0.0004
17151,XWL,4,0.0004
17152,XWM,4,0.0004
17153,XWN,4,0.0004
17154,XWO,4,0.0004
17155,XWP,4,0.0004
17156,XWQ,4,0.0004
17157,XWR,4,0.0004
17158,XWS,4,0.0004
17159,XWT,4,0.0004
17160,XWU,4,0.0004
17161,XWV,4,0.0004
17162,XWW,4,0.0004
17163,XWX,4,0.0004
17164,XWY,4,0.0004
17165,XWZ,4,0.0004
17166,XX,4,0.0004
17167,XXA,4,0.0004
17168,XXB,4,0.0004
17169,XXC,4,0.0004
17170,XXD,4,0.0004
17171,XXE,4,0.0004
17172,XXF,4,0.0004
17173,XXG,4,0.0004
17174,XXH,4,0.0004
17175,XXI,4,0.0004
17176,XXJ,4,0.0004
17177,XXK,4,0.0004
17178,XXL,4,0.0004
17179,XXM,4,0.0004
17180,XXN,4,0.0004
17181,XXO,4,0.0004
17182,XXP,4,0.0004
17183,XXQ,4,0.0004
17184,XXR,4,0.0004
17185,XXT,4,0.0004
17186,XXU,4,0.0004
17187,XXV,4,0.0004
17188,XXW,4,0.0004
17189,XXX,4,0.0004
17190,XXY,4,0.0004
17191,XXZ,4,0.0004
17192,XY,4,0.0004
17193,XYA,4,0.0004
17194,XYB,4,0.0004
17195,XYC,4,0.0004
17196,XYD,4,0.0004
17197,XYE,4,0.0004
17198,XYF,4,0.0004
17199,XYG,4,0.0004
17200,XYH,4,0.0004
17201,XYI,4,0.0004
17202,XYJ,4,0.0004
17203,XYK,4,0.0004
17204,XYL,4,0.0004
17205,XYM,4,0.0004
17206,XYN,4,0.0004
17207,XYO,4,0.0004
17208,XYP,4,0.0004
17209,XYQ,4,0.0004
17210,XYR,4,0.0004
17211,XYS,4,0.0004
17212,XYT,4,0.0004
17213,XYU,4,0.0004
17214,XYV,4,0.0004
17215,XYW,4,0.0004
17216,XYX,4,0.0004
17217,XYY,4,0.0004
17218,XYZ,4,0.0004
17219,XZ,4,0.0004
17220,XZA,4,0.0004
17221,XZB,4,0.0004
17222,XZC,4,0.0004
17223,XZD,4,0.0004
17224,XZE,4,0.0004
17225,XZF,4,0.0004
17226,XZG,4,0.0004
17227,XZH,4,0.0004
17228,XZI,4,0.0004
17229,XZJ,4,0.0004
17230,XZK,4,0.0004
17231,XZL,4,0.0004
17232,XZM,4,0.0004
17233,XZN,4,0.0004
17234,XZO,4,0.0004
17235,XZP,4,0.0004
17236,XZQ,4,0.0004
17237,XZR,4,0.0004
17238,XZS,4,0.0004
17239,XZT,4,0.0004
17240,XZU,4,0.0004
17241,XZV,4,0.0004
17242,XZW,4,0.0004
17243,XZX,4,0.0004
17244,XZY,4,0.0004
17245,XZZ,4,0.0004
17246,Y,4,0.0004
17247,YA,4,0.0004
17248,YAA,4,0.0004
17249,YAB,4,0.0004
17250,YAC,4,0.0004
17251,YAD,4,0.0004
17252,YAE,4,0.0004
17253,YAF,4,0.0004
17254,YAG,4,0.0004
17255,YAH,4,0.0004
17256,YAI,4,0.0004
17257,YAJ,4,0.0004
17258,YAK,4,0.0004
17259,YAL,4,0.0004
17260,YAM,4,0.0004
17261,YAN,4,0.0004
17262,YAO,4,0.0004
17263,YAP,4,0.0004
17264,YAQ,4,0.0004
17265,YAR,4,0.0004
17266,YAS,4,0.0004
17267,YAT,4,0.0004
17268,YAU,4,0.0004
17269,YAV,4,0.0004
17270,YAW,4,0.0004
17271,YAX,4,0.0004
17272,YAY,4,0.0004
17273,YAZ,4,0.0004
17274,YB,4,0.0004
17275,YBA,4,0.0004
17276,YBB,4,0.0004
17277,YBC,4,0.0004
17278,YBD,4,0.0004
17279,YBE,4,0.0004
17280,YBF,4,0.0004
17281,YBG,4,0.0004
17282,YBH,4,0.0004
17283,YBI,4,0.0004
17284,YBJ,4,0.0004
17285,YBK,4,0.0004
17286,YBL,4,0.0004
17287,YBM,4,0.0004
17288,YBN,4,0.0004
17289,YBO,4,0.0004
17290,YBP,4,0.0004
17291,YBQ,4,0.0004
17292,YBR,4,0.0004
17293,YBS,4,0.0004
17294,YBT,4,0.0004
17295,YBU,4,0.0004
17296,YBV,4,0.0004
17297,YBW,4,0.0004
17298,YBX,4,0.0004
17299,YBY,4,0.0004
17300,YBZ,4,0.0004
17301,YC,4,0.0004
17302,YCA,4,0.0004
17303,YCB,4,0.0004
17304,YCC,4,0.0004
17305,YCD,4,0.0004
17306,YCE,4,0.0004
17307,YCF,4,0.0004
17308,YCG,4,0.0004
17309,YCH,4,0.0004
17310,YCI,4,0.0004
17311,YCJ,4,0.0004
17312,YCK,4,0.0004
17313,YCL,4,0.0004
17314,YCM,4,0.0004
17315,YCN,4,0.0004
17316,YCO,4,0.0004
17317,YCP,4,0.0004
17318,YCQ,4,0.0004
17319,YCR,4,0.0004
17320,YCS,4,0.0004
17321,YCT,4,0.0004
17322,YCU,4,0.0004
17323,YCV,4,0.0004
17324,YCW,4,0.0004
17325,YCX,4,0.0004
17326,YCY,4,0.0004
17327,YCZ,4,0.0004
17328,YD,4,0.0004
17329,YDA,4,0.0004
17330,YDB,4,0.0004
17331,YDC,4,0.0004
17332,YDD,4,0.0004
17333,YDE,4,0.0004
17334,YDF,4,0.0004
17335,YDG,4,0.0004
17336,YDH,4,0.0004
17337,YDI,4,0.0004
17338,YDJ,4,0.0004
17339,YDK,4,0.0004
17340,YDL,4,0.0004
17341,YDM,4,0.0004
17342,YDN,4,0.0004
17343,YDO,4,0.0004
17344,YDP,4,0.0004
17345,YDQ,4,0.0004
17346,YDR,4,0.0004
17347,YDS,4,0.0004
17348,YDT,4,0.0004
17349,YDU,4,0.0004
17350,YDV,4,0.0004
17351,YDW,4,0.0004
17352,YDX,4,0.0004
17353,YDY,4,0.0004
17354,YDZ,4,0.0004
17355,YE,4,0.0004
17356,YEA,4,0.0004
17357,YEB,4,0.0004
17358,YEC,4,0.0004
17359,YED,4,0.0004
17360,YEE,4,0.0004
17361,YEF,4,0.0004
17362,YEG,4,0.0004
17363,YEH,4,0.0004
17364,YEI,4,0.0004
17365,YEJ,4,0.0004
17366,YEK,4,0.0004
17367,YEL,4,0.0004
17368,YEM,4,0.0004
17369,YEN,4,0.0004
17370,YEO,4,0.0004
17371,YEP,4,0.0004
17372,YEQ,4,0.0004
17373,YER,4,0.0004
17374,YES,4,0.0004
17375,YET,4,0.0004
17376,YEU,4,0.0004
17377,YEV,4,0.0004
17378,YEW,4,0.0004
17379,YEX,4,0.0004
17380,YEY,4,0.0004
17381,YEZ,4,0.0004
17382,YF,4,0.0004
17383,YFA,4,0.0004
17384,YFB,4,0.0004
17385,YFC,4,0.0004
17386,YFD,4,0.0004
17387,YFE,4,0.0004
17388,YFF,4,0.0004
17389,YFG,4,0.0004
17390,YFH,4,0.0004
17391,YFI,4,0.0004
17392,YFJ,4,0.0004
17393,YFK,4,0.0004
17394,YFL,4,0.0004
17395,YFM,4,0.0004
17396,YFN,4,0.0004
17397,YFO,4,0.0004
17398,YFP,4,0.0004
17399,YFQ,4,0.0004
17400,YFR,4,0.0004
17401,YFS,4,0.0004
17402,YFT,4,0.0004
17403,YFU,4,0.0004
17404,YFV,4,0.0004
17405,YFW,4,0.0004
17406,YFX,4,0.0004
17407,YFY,4,0.0004
17408,YFZ,4,0.0004
17409,YG,4,0.0004
17410,YGA,4,0.0004
17411,YGB,4,0.0004
17412,YGC,4,0.0004
17413,YGD,4,0.0004
17414,YGE,4,0.0004
17415,YGF,4,0.0004
17416,YGG,4,0.0004
17417,YGH,4,0.0004
17418,YGI,4,0.0004
17419,YGJ,4,0.0004
17420,YGK,4,0.0004
17421,YGL,4,0.0004
17422,YGM,4,0.0004
17423,YGN,4,0.0004
17424,YGO,4,0.0004
17425,YGP,4,0.0004
17426,YGQ,4,0.0004
17427,YGR,4,0.0004
17428,YGS,4,0.0004
17429,YGT,4,0.0004
17430,YGU,4,0.0004
17431,YGV,4,0.0004
17432,YGW,4,0.0004
17433,YGX,4,0.0004
17434,YGY,4,0.0004
17435,YGZ,4,0.0004
17436,YH,4,0.0004
17437,YHA,4,0.0004
17438,YHB,4,0.0004
17439,YHC,4,0.0004
17440,YHD,4,0.0004
17441,YHE,4,0.0004
17442,YHF,4,0.0004
17443,YHG,4,0.0004
17444,YHH,4,0.0004
17445,YHI,4,0.0004
17446,YHJ,4,0.0004
17447,YHK,4,0.0004
17448,YHL,4,0.0004
17449,YHM,4,0.0004
17450,YHN,4,0.0004
17451,YHO,4,0.0004
17452,YHP,4,0.0004
17453,YHQ,4,0.0004
17454,YHR,4,0.0004
17455,YHS,4,0.0004
17456,YHT,4,0.0004
17457,YHU,4,0.0004
17458,YHV,4,0.0004
17459,YHW,4,0.0004
17460,YHX,4,0.0004
17461,YHY,4,0.0004
17462,YHZ,4,0.0004
17463,YI,4,0.0004
17464,YIA,4,0.0004
17465,YIB,4,0.0004
17466,YIC,4,0.0004
17467,YID,4,0.0004
17468,YIE,4,0.0004
17469,YIF,4,0.0004
17470,YIG,4,0.0004
17471,YIH,4,0.0004
17472,YII,4,0.0004
17473,YIJ,4,0.0004
17474,YIK,4,0.0004
17475,YIL,4,0.0004
17476,YIM,4,0.0004
17477,YIN,4,0.0004
17478,YIO,4,0.0004
17479,YIP,4,0.0004
17480,YIQ,4,0.0004
17481,YIR,4,0.0004
17482,YIS,4,0.0004
17483,YIT,4,0.0004
17484,YIU,4,0.0004
17485,YIV,4,0.0004
17486,YIW,4,0.0004
17487,YIX,4,0.0004
17488,YIY,4,0.0004
17489,YIZ,4,0.0004
17490,YJ,4,0.0004
17491,YJA,4,0.0004
17492,YJB,4,0.0004
17493,YJC,4,0.0004
17494,YJD,4,0.0004
17495,YJE,4,0.0004
17496,YJF,4,0.0004
17497,YJG,4,0.0004
17498,YJH,4,0.0004
17499,YJI,4,0.0004
17500,YJJ,4,0.0004
17501,YJK,4,0.0004
17502,YJL,4,0.0004
17503,YJM,4,0.0004
17504,YJN,4,0.0004
17505,YJO,4,0.0004
17506,YJP,4,0.0004
17507,YJQ,4,0.0004
17508,YJR,4,0.0004
17509,YJS,4,0.0004
17510,YJT,4,0.0004
17511,YJU,4,0.0004
17512,YJV,4,0.0004
17513,YJW,4,0.0004
17514,YJX,4,0.0004
17515,YJY,4,0.0004
17516,YJZ,4,0.0004
17517,YK,4,0.0004
17518,YKA,4,0.0004
17519,YKB,4,0.0004
17520,YKC,4,0.0004
17521,YKD,4,0.0004
17522,YKE,4,0.0004
17523,YKF,4,0.0004
17524,YKG,4,0.0004
17525,YKH,4,0.0004
17526,YKI,4,0.0004
17527,YKJ,4,0.0004
17528,YKK,4,0.0004
17529,YKL,4,0.0004
17530,YKM,4,0.0004
17531,YKN,4,0.0004
17532,YKO,4,0.0004
17533,YKP,4,0.0004
17534,YKQ,4,0.0004
17535,YKR,4,0.0004
17536,YKS,4,0.0004
17537,YKT,4,0.0004
17538,YKU,4,0.0004
17539,YKV,4,0.0004
17540,YKW,4,0.0004
17541,YKX,4,0.0004
17542,YKY,4,0.0004
17543,YKZ,4,0.0004
17544,YL,4,0.0004
17545,YLA,4,0.0004
17546,YLB,4,0.0004
17547,YLC,4,0.0004
17548,YLD,4,0.0004
17549,YLE,4,0.0004
17550,YLF,4,0.0004
17551,YLG,4,0.0004
17552,YLH,4,0.0004
17553,YLI,4,0.0004
17554,YLJ,4,0.0004
17555,YLK,4,0.0004
17556,YLL,4,0.0004
17557,YLM,4,0.0004
17558,YLN,4,0.0004
17559,YLO,4,0.0004
17560,YLP,4,0.0004
17561,YLQ,4,0.0004
17562,YLR,4,0.0004
17563,YLS,4,0.0004
17564,YLT,4,0.0004
17565,YLU,4,0.0004
17566,YLV,4,0.0004
17567,YLW,4,0.0004
17568,YLX,4,0.0004
17569,YLY,4,0.0004
17570,YLZ,4,0.0004
17571,YM,4,0.0004
17572,YMA,4,0.0004
17573,YMB,4,0.0004
17574,YMC,4,0.0004
17575,YMD,4,0.0004
17576,YME,4,0.0004
17577,YMF,4,0.0004
17578,YMG,4,0.0004
17579,YMH,4,0.0004
17580,YMI,4,0.0004
17581,YMJ,4,0.0004
17582,YMK,4,0.0004
17583,YML,4,0.0004
17584,YMM,4,0.0004
17585,YMN,4,0.0004
17586,YMO,4,0.0004
17587,YMP,4,0.0004
17588,YMQ,4,0.0004
17589,YMR,4,0.0004
17590,YMS,4,0.0004
17591,YMT,4,0.0004
17592,YMU,4,0.0004
17593,YMV,4,0.0004
17594,YMW,4,0.0004
17595,YMX,4,0.0004
17596,YMY,4,0.0004
17597,YMZ,4,0.0004
17598,YN,4,0.0004
17599,YNA,4,0.0004
17600,YNB,4,0.0004
17601,YNC,4,0.0004
17602,YND,4,0.0004
17603,YNE,4,0.0004
17604,YNF,4,0.0004
17605,YNG,4,0.0004
17606,YNH,4,0.0004
17607,YNI,4,0.0004
17608,YNJ,4,0.0004
17609,YNK,4,0.0004
17610,YNL,4,0.0004
17611,YNM,4,0.0004
17612,YNN,4,0.0004
17613,YNO,4,0.0004
17614,YNP,4,0.0004
17615,YNQ,4,0.0004
17616,YNR,4,0.0004
17617,YNS,4,0.0004
17618,YNT,4,0.0004
17619,YNU,4,0.0004
17620,YNV,4,0.0004
17621,YNW,4,0.0004
17622,YNX,4,0.0004
17623,YNY,4,0.0004
17624,YNZ,4,0.0004
17625,YO,4,0.0004
17626,YOA,4,0.0004
17627,YOB,4,0.0004
17628,YOC,4,0.0004
17629,YOD,4,0.0004
17630,YOE,4,0.0004
17631,YOF,4,0.0004
17632,YOG,4,0.0004
17633,YOH,4,0.0004
17634,YOI,4,0.0004
17635,YOJ,4,0.0004
17636,YOK,4,0.0004
17637,YOL,4,0.0004
17638,YOM,4,0.0004
17639,YON,4,0.0004
17640,YOO,4,0.0004
17641,YOP,4,0.0004
17642,YOQ,4,0.0004
17643,YOR,4,0.0004
17644,YOS,4,0.0004
17645,YOT,4,0.0004
17646,YOU,4,0.0004
17647,YOV,4,0.0004
17648,YOW,4,0.0004
17649,YOX,4,0.0004
17650,YOY,4,0.0004
17651,YOZ,4,0.0004
17652,YP,4,0.0004
17653,YPA,4,0.0004
17654,YPB,4,0.0004
17655,YPC,4,0.0004
17656,YPD,4,0.0004
17657,YPE,4,0.0004
17658,YPF,4,0.0004
17659,YPG,4,0.0004
17660,YPH,4,0.0004
17661,YPI,4,0.0004
17662,YPJ,4,0.0004
17663,YPK,4,0.0004
17664,YPL,4,0.0004
17665,YPM,4,0.0004
17666,YPN,4,0.0004
17667,YPO,4,0.0004
17668,YPP,4,0.0004
17669,YPQ,4,0.0004
17670,YPR,4,0.0004
17671,YPS,4,0.0004
17672,YPT,4,0.0004
17673,YPU,4,0.0004
17674,YPV,4,0.0004
17675,YPW,4,0.0004
17676,YPX,4,0.0004
17677,YPY,4,0.0004
17678,YPZ,4,0.0004
17679,YQ,4,0.0004
17680,YQA,4,0.0004
17681,YQB,4,0.0004
17682,YQC,4,0.0004
17683,YQD,4,0.0004
17684,YQE,4,0.0004
17685,YQF,4,0.0004
17686,YQG,4,0.0004
17687,YQH,4,0.0004
17688,YQI,4,0.0004
17689,YQJ,4,0.0004
17690,YQK,4,0.0004
17691,YQL,4,0.0004
17692,YQM,4,0.0004
17693,YQN,4,0.0004
17694,YQO,4,0.0004
17695,YQP,4,0.0004
17696,YQQ,4,0.0004
17697,YQR,4,0.0004
17698,YQS,4,0.0004
17699,YQT,4,0.0004
17700,YQU,4,0.0004
17701,YQV,4,0.0004
17702,YQW,4,0.0004
17703,YQX,4,0.0004
17704,YQY,4,0.0004
17705,YQZ,4,0.0004
17706,YR,4,0.0004
17707,YRA,4,0.0004
17708,YRB,4,0.0004
17709,YRC,4,0.0004
17710,YRD,4,0.0004
17711,YRE,4,0.0004
17712,YRF,4,0.0004
17713,YRG,4,0.0004
17714,YRH,4,0.0004
17715,YRI,4,0.0004
17716,YRJ,4,0.0004
17717,YRK,4,0.0004
17718,YRL,4,0.0004
17719,YRM,4,0.0004
17720,YRN,4,0.0004
17721,YRO,4,0.0004
17722,YRP,4,0.0004
17723,YRQ,4,0.0004
17724,YRR,4,0.0004
17725,YRS,4,0.0004
17726,YRT,4,0.0004
17727,YRU,4,0.0004
17728,YRV,4,0.0004
17729,YRW,4,0.0004
17730,YRX,4,0.0004
17731,YRY,4,0.0004
17732,YRZ,4,0.0004
17733,YS,4,0.0004
17734,YSA,4,0.0004
17735,YSB,4,0.0004
17736,YSC,4,0.0004
17737,YSD,4,0.0004
17738,YSE,4,0.0004
17739,YSF,4,0.0004
17740,YSG,4,0.0004
17741,YSH,4,0.0004
17742,YSI,4,0.0004
17743,YSJ,4,0.0004
17744,YSK,4,0.0004
17745,YSL,4,0.0004
17746,YSM,4,0.0004
17747,YSN,4,0.0004
17748,YSO,4,0.0004
17749,YSP,4,0.0004
17750,YSQ,4,0.0004
17751,YSR,4,0.0004
17752,YSS,4,0.0004
17753,YST,4,0.0004
17754,YSU,4,0.0004
17755,YSV,4,0.0004
17756,YSW,4,0.0004
17757,YSX,4,0.0004
17758,YSY,4,0.0004
17759,YSZ,4,0.0004
17760,YT,4,0.0004
17761,YTA,4,0.0004
17762,YTB,4,0.0004
17763,YTC,4,0.0004
17764,YTD,4,0.0004
17765,YTE,4,0.0004
17766,YTF,4,0.0004
17767,YTG,4,0.0004
17768,YTH,4,0.0004
17769,YTI,4,0.0004
17770,YTJ,4,0.0004
17771,YTK,4,0.0004
17772,YTL,4,0.0004
17773,YTM,4,0.0004
17774,YTN,4,0.0004
17775,YTO,4,0.0004
17776,YTP,4,0.0004
17777,YTQ,4,0.0004
17778,YTR,4,0.0004
17779,YTS,4,0.0004
17780,YTT,4,0.0004
17781,YTU,4,0.0004
17782,YTV,4,0.0004
17783,YTW,4,0.0004
17784,YTX,4,0.0004
17785,YTY,4,0.0004
17786,YTZ,4,0.0004
17787,YU,4,0.0004
17788,YUA,4,0.0004
17789,YUB,4,0.0004
17790,YUC,4,0.0004
17791,YUD,4,0.0004
17792,YUE,4,0.0004
17793,YUF,4,0.0004
17794,YUG,4,0.0004
17795,YUH,4,0.0004
17796,YUI,4,0.0004
17797,YUJ,4,0.0004
17798,YUK,4,0.0004
17799,YUL,4,0.0004
17800,YUM,4,0.0004
17801,YUN,4,0.0004
17802,YUO,4,0.0004
17803,YUP,4,0.0004
17804,YUQ,4,0.0004
17805,YUR,4,0.0004
17806,YUS,4,0.0004
17807,YUT,4,0.0004
17808,YUU,4,0.0004
17809,YUV,4,0.0004
17810,YUW,4,0.0004
17811,YUX,4,0.0004
17812,YUY,4,0.0004
17813,YUZ,4,0.0004
17814,YV,4,0.0004
17815,YVA,4,0.0004
17816,YVB,4,0.0004
17817,YVC,4,0.0004
17818,YVD,4,0.0004
17819,YVE,4,0.0004
17820,YVF,4,0.0004
17821,YVG,4,0.0004
17822,YVH,4,0.0004
17823,YVI,4,0.0004
17824,YVJ,4,0.0004
17825,YVK,4,0.0004
17826,YVL,4,0.0004
17827,YVM,4,0.0004
17828,YVN,4,0.0004
17829,YVO,4,0.0004
17830,YVP,4,0.0004
17831,YVQ,4,0.0004
17832,YVR,4,0.0004
17833,YVS,4,0.0004
17834,YVT,4,0.0004
17835,YVU,4,0.0004
17836,YVV,4,0.0004
17837,YVW,4,0.0004
17838,YVX,4,0.0004
17839,YVY,4,0.0004
17840,YVZ,4,0.0004
17841,YW,4,0.0004
17842,YWA,4,0.0004
17843,YWB,4,0.0004
17844,YWC,4,0.0004
17845,YWD,4,0.0004
17846,YWE,4,0.0004
17847,YWF,4,0.0004
17848,YWG,4,0.0004
17849,YWH,4,0.0004
17850,YWI,4,0.0004
17851,YWJ,4,0.0004
17852,YWK,4,0.0004
17853,YWL,4,0.0004
17854,YWM,4,0.0004
17855,YWN,4,0.0004
17856,YWO,4,0.0004
17857,YWP,4,0.0004
17858,YWQ,4,0.0004
17859,YWR,4,0.0004
17860,YWS,4,0.0004
17861,YWT,4,0.0004
17862,YWU,4,0.0004
17863,YWV,4,0.0004
17864,YWW,4,0.0004
17865,YWX,4,0.0004
17866,YWY,4,0.0004
17867,YWZ,4,0.0004
17868,YX,4,0.0004
17869,YXA,4,0.0004
17870,YXB,4,0.0004
17871,YXC,4,0.0004
17872,YXD,4,0.0004
17873,YXE,4,0.0004
17874,YXF,4,0.0004
17875,YXG,4,0.0004
17876,YXH,4,0.0004
17877,YXI,4,0.0004
17878,YXJ,4,0.0004
17879,YXK,4,0.0004
17880,YXL,4,0.0004
17881,YXM,4,0.0004
17882,YXN,4,0.0004
17883,YXO,4,0.0004
17884,YXP,4,0.0004
17885,YXQ,4,0.0004
17886,YXR,4,0.0004
17887,YXS,4,0.0004
17888,YXT,4,0.0004
17889,YXU,4,0.0004
17890,YXV,4,0.0004
17891,YXW,4,0.0004
17892,YXX,4,0.0004
17893,YXY,4,0.0004
17894,YXZ,4,0.0004
17895,YYA,4,0.0004
17896,YYB,4,0.0004
17897,YYC,4,0.0004
17898,YYD,4,0.0004
17899,YYE,4,0.0004
17900,YYF,4,0.0004
17901,YYG,4,0.0004
17902,YYH,4,0.0004
17903,YYI,4,0.0004
17904,YYJ,4,0.0004
17905,YYK,4,0.0004
17906,YYL,4,0.0004
17907,YYM,4,0.0004
17908,YYN,4,0.0004
17909,YYO,4,0.0004
17910,YYP,4,0.0004
17911,YYQ,4,0.0004
17912,YYR,4,0.0004
17913,YYS,4,0.0004
17914,YYT,4,0.0004
17915,YYU,4,0.0004
17916,YYV,4,0.0004
17917,YYW,4,0.0004
17918,YYX,4,0.0004
17919,YYY,4,0.0004
17920,YYZ,4,0.0004
17921,YZ,4,0.0004
17922,YZA,4,0.0004
17923,YZB,4,0.0004
17924,YZC,4,0.0004
17925,YZD,4,0.0004
17926,YZE,4,0.0004
17927,YZF,4,0.0004
17928,YZG,4,0.0004
17929,YZH,4,0.0004
17930,YZI,4,0.0004
17931,YZJ,4,0.0004
17932,YZK,4,0.0004
17933,YZL,4,0.0004
17934,YZM,4,0.0004
17935,YZN,4,0.0004
17936,YZO,4,0.0004
17937,YZP,4,0.0004
17938,YZQ,4,0.0004
17939,YZR,4,0.0004
17940,YZS,4,0.0004
17941,YZT,4,0.0004
17942,YZU,4,0.0004
17943,YZV,4,0.0004
17944,YZW,4,0.0004
17945,YZX,4,0.0004
17946,YZY,4,0.0004
17947,YZZ,4,0.0004
17948,ZA,4,0.0004
17949,ZAA,4,0.0004
17950,ZAB,4,0.0004
17951,ZAC,4,0.0004
17952,ZAD,4,0.0004
17953,ZAE,4,0.0004
17954,ZAF,4,0.0004
17955,ZAG,4,0.0004
17956,ZAH,4,0.0004
17957,ZAI,4,0.0004
17958,ZAJ,4,0.0004
17959,ZAK,4,0.0004
17960,ZAL,4,0.0004
17961,ZAM,4,0.0004
17962,ZAN,4,0.0004
17963,ZAO,4,0.0004
17964,ZAP,4,0.0004
17965,ZAQ,4,0.0004
17966,ZAR,4,0.0004
17967,ZAS,4,0.0004
17968,ZAT,4,0.0004
17969,ZAU,4,0.0004
17970,ZAV,4,0.0004
17971,ZAW,4,0.0004
17972,ZAX,4,0.0004
17973,ZAY,4,0.0004
17974,ZAZ,4,0.0004
17975,ZB,4,0.0004
17976,ZBA,4,0.0004
17977,ZBB,4,0.0004
17978,ZBC,4,0.0004
17979,ZBD,4,0.0004
17980,ZBE,4,0.0004
17981,ZBF,4,0.0004
17982,ZBG,4,0.0004
17983,ZBH,4,0.0004
17984,ZBI,4,0.0004
17985,ZBJ,4,0.0004
17986,ZBK,4,0.0004
17987,ZBL,4,0.0004
17988,ZBM,4,0.0004
17989,ZBN,4,0.0004
17990,ZBO,4,0.0004
17991,ZBP,4,0.0004
17992,ZBQ,4,0.0004
17993,ZBR,4,0.0004
17994,ZBS,4,0.0004
17995,ZBT,4,0.0004
17996,ZBU,4,0.0004
17997,ZBV,4,0.0004
17998,ZBW,4,0.0004
17999,ZBX,4,0.0004
18000,ZBY,4,0.0004
18001,ZBZ,4,0.0004
18002,ZC,4,0.0004
18003,ZCA,4,0.0004
18004,ZCB,4,0.0004
18005,ZCC,4,0.0004
18006,ZCD,4,0.0004
18007,ZCE,4,0.0004
18008,ZCF,4,0.0004
18009,ZCG,4,0.0004
18010,ZCH,4,0.0004
18011,ZCI,4,0.0004
18012,ZCJ,4,0.0004
18013,ZCK,4,0.0004
18014,ZCL,4,0.0004
18015,ZCM,4,0.0004
18016,ZCN,4,0.0004
18017,ZCO,4,0.0004
18018,ZCP,4,0.0004
18019,ZCQ,4,0.0004
18020,ZCR,4,0.0004
18021,ZCS,4,0.0004
18022,ZCT,4,0.0004
18023,ZCU,4,0.0004
18024,ZCV,4,0.0004
18025,ZCW,4,0.0004
18026,ZCX,4,0.0004
18027,ZCY,4,0.0004
18028,ZCZ,4,0.0004
18029,ZD,4,0.0004
18030,ZDA,4,0.0004
18031,ZDB,4,0.0004
18032,ZDC,4,0.0004
18033,ZDD,4,0.0004
18034,ZDE,4,0.0004
18035,ZDF,4,0.0004
18036,ZDG,4,0.0004
18037,ZDH,4,0.0004
18038,ZDI,4,0.0004
18039,ZDJ,4,0.0004
18040,ZDK,4,0.0004
18041,ZDL,4,0.0004
18042,ZDM,4,0.0004
18043,ZDN,4,0.0004
18044,ZDO,4,0.0004
18045,ZDP,4,0.0004
18046,ZDQ,4,0.0004
18047,ZDR,4,0.0004
18048,ZDS,4,0.0004
18049,ZDT,4,0.0004
18050,ZDU,4,0.0004
18051,ZDV,4,0.0004
18052,ZDW,4,0.0004
18053,ZDX,4,0.0004
18054,ZDY,4,0.0004
18055,ZDZ,4,0.0004
18056,ZE,4,0.0004
18057,ZEA,4,0.0004
18058,ZEB,4,0.0004
18059,ZEC,4,0.0004
18060,ZED,4,0.0004
18061,ZEE,4,0.0004
18062,ZEF,4,0.0004
18063,ZEG,4,0.0004
18064,ZEH,4,0.0004
18065,ZEI,4,0.0004
18066,ZEJ,4,0.0004
18067,ZEK,4,0.0004
18068,ZEL,4,0.0004
18069,ZEM,4,0.0004
18070,ZEN,4,0.0004
18071,ZEO,4,0.0004
18072,ZEP,4,0.0004
18073,ZEQ,4,0.0004
18074,ZER,4,0.0004
18075,ZES,4,0.0004
18076,ZET,4,0.0004
18077,ZEU,4,0.0004
18078,ZEV,4,0.0004
18079,ZEW,4,0.0004
18080,ZEX,4,0.0004
18081,ZEY,4,0.0004
18082,ZEZ,4,0.0004
18083,ZF,4,0.0004
18084,ZFA,4,0.0004
18085,ZFB,4,0.0004
18086,ZFC,4,0.0004
18087,ZFD,4,0.0004
18088,ZFE,4,0.0004
18089,ZFF,4,0.0004
18090,ZFG,4,0.0004
18091,ZFH,4,0.0004
18092,ZFI,4,0.0004
18093,ZFJ,4,0.0004
18094,ZFK,4,0.0004
18095,ZFL,4,0.0004
18096,ZFM,4,0.0004
18097,ZFN,4,0.0004
18098,ZFO,4,0.0004
18099,ZFP,4,0.0004
18100,ZFQ,4,0.0004
18101,ZFR,4,0.0004
18102,ZFS,4,0.0004
18103,ZFT,4,0.0004
18104,ZFU,4,0.0004
18105,ZFV,4,0.0004
18106,ZFW,4,0.0004
18107,ZFX,4,0.0004
18108,ZFY,4,0.0004
18109,ZFZ,4,0.0004
18110,ZG,4,0.0004
18111,ZGA,4,0.0004
18112,ZGB,4,0.0004
18113,ZGC,4,0.0004
18114,ZGD,4,0.0004
18115,ZGE,4,0.0004
18116,ZGF,4,0.0004
18117,ZGG,4,0.0004
18118,ZGH,4,0.0004
18119,ZGI,4,0.0004
18120,ZGJ,4,0.0004
18121,ZGK,4,0.0004
18122,ZGL,4,0.0004
18123,ZGM,4,0.0004
18124,ZGN,4,0.0004
18125,ZGO,4,0.0004
18126,ZGP,4,0.0004
18127,ZGQ,4,0.0004
18128,ZGR,4,0.0004
18129,ZGS,4,0.0004
18130,ZGT,4,0.0004
18131,ZGU,4,0.0004
18132,ZGV,4,0.0004
18133,ZGW,4,0.0004
18134,ZGX,4,0.0004
18135,ZGY,4,0.0004
18136,ZGZ,4,0.0004
18137,ZH,4,0.0004
18138,ZHA,4,0.0004
18139,ZHB,4,0.0004
18140,ZHC,4,0.0004
18141,ZHD,4,0.0004
18142,ZHE,4,0.0004
18143,ZHF,4,0.0004
18144,ZHG,4,0.0004
18145,ZHH,4,0.0004
18146,ZHI,4,0.0004
18147,ZHJ,4,0.0004
18148,ZHK,4,0.0004
18149,ZHL,4,0.0004
18150,ZHM,4,0.0004
18151,ZHN,4,0.0004
18152,ZHO,4,0.0004
18153,ZHP,4,0.0004
18154,ZHQ,4,0.0004
18155,ZHR,4,0.0004
18156,ZHS,4,0.0004
18157,ZHT,4,0.0004
18158,ZHU,4,0.0004
18159,ZHV,4,0.0004
18160,ZHW,4,0.0004
18161,ZHX,4,0.0004
18162,ZHY,4,0.0004
18163,ZHZ,4,0.0004
18164,ZI,4,0.0004
18165,ZIA,4,0.0004
18166,ZIB,4,0.0004
18167,ZIC,4,0.0004
18168,ZID,4,0.0004
18169,ZIE,4,0.0004
18170,ZIF,4,0.0004
18171,ZIG,4,0.0004
18172,ZIH,4,0.0004
18173,ZII,4,0.0004
18174,ZIJ,4,0.0004
18175,ZIK,4,0.0004
18176,ZIL,4,0.0004
18177,ZIM,4,0.0004
18178,ZIN,4,0.0004
18179,ZIO,4,0.0004
18180,ZIP,4,0.0004
18181,ZIQ,4,0.0004
18182,ZIR,4,0.0004
18183,ZIS,4,0.0004
18184,ZIT,4,0.0004
18185,ZIU,4,0.0004
18186,ZIV,4,0.0004
18187,ZIW,4,0.0004
18188,ZIX,4,0.0004
18189,ZIY,4,0.0004
18190,ZIZ,4,0.0004
18191,ZJ,4,0.0004
18192,ZJA,4,0.0004
18193,ZJB,4,0.0004
18194,ZJC,4,0.0004
18195,ZJD,4,0.0004
18196,ZJE,4,0.0004
18197,ZJF,4,0.0004
18198,ZJG,4,0.0004
18199,ZJH,4,0.0004
18200,ZJI,4,0.0004
18201,ZJJ,4,0.0004
18202,ZJK,4,0.0004
18203,ZJL,4,0.0004
18204,ZJM,4,0.0004
18205,ZJN,4,0.0004
18206,ZJO,4,0.0004
18207,ZJP,4,0.0004
18208,ZJQ,4,0.0004
18209,ZJR,4,0.0004
18210,ZJS,4,0.0004
18211,ZJT,4,0.0004
18212,ZJU,4,0.0004
18213,ZJV,4,0.0004
18214,ZJW,4,0.0004
18215,ZJX,4,0.0004
18216,ZJY,4,0.0004
18217,ZJZ,4,0.0004
18218,ZK,4,0.0004
18219,ZKA,4,0.0004
18220,ZKB,4,0.0004
18221,ZKC,4,0.0004
18222,ZKD,4,0.0004
18223,ZKE,4,0.0004
18224,ZKF,4,0.0004
18225,ZKG,4,0.0004
18226,ZKH,4,0.0004
18227,ZKI,4,0.0004
18228,ZKJ,4,0.0004
18229,ZKK,4,0.0004
18230,ZKL,4,0.0004
18231,ZKM,4,0.0004
18232,ZKN,4,0.0004
18233,ZKO,4,0.0004
18234,ZKP,4,0.0004
18235,ZKQ,4,0.0004
18236,ZKR,4,0.0004
18237,ZKS,4,0.0004
18238,ZKT,4,0.0004
18239,ZKU,4,0.0004
18240,ZKV,4,0.0004
18241,ZKW,4,0.0004
18242,ZKX,4,0.0004
18243,ZKY,4,0.0004
18244,ZKZ,4,0.0004
18245,ZL,4,0.0004
18246,ZLA,4,0.0004
18247,ZLB,4,0.0004
18248,ZLC,4,0.0004
18249,ZLD,4,0.0004
18250,ZLE,4,0.0004
18251,ZLF,4,0.0004
18252,ZLG,4,0.0004
18253,ZLH,4,0.0004
18254,ZLI,4,0.0004
18255,ZLJ,4,0.0004
18256,ZLK,4,0.0004
18257,ZLL,4,0.0004
18258,ZLM,4,0.0004
18259,ZLN,4,0.0004
18260,ZLO,4,0.0004
18261,ZLP,4,0.0004
18262,ZLQ,4,0.0004
18263,ZLR,4,0.0004
18264,ZLS,4,0.0004
18265,ZLT,4,0.0004
18266,ZLU,4,0.0004
18267,ZLV,4,0.0004
18268,ZLW,4,0.0004
18269,ZLX,4,0.0004
18270,ZLY,4,0.0004
18271,ZLZ,4,0.0004
18272,ZMA,4,0.0004
18273,ZMB,4,0.0004
18274,ZMC,4,0.0004
18275,ZMD,4,0.0004
18276,ZME,4,0.0004
18277,ZMF,4,0.0004
18278,ZMG,4,0.0004
18279,ZMH,4,0.0004
18280,ZMI,4,0.0004
18281,ZMJ,4,0.0004
18282,ZMK,4,0.0004
18283,ZML,4,0.0004
18284,ZMM,4,0.0004
18285,ZMN,4,0.0004
18286,ZMO,4,0.0004
18287,ZMP,4,0.0004
18288,ZMQ,4,0.0004
18289,ZMR,4,0.0004
18290,ZMS,4,0.0004
18291,ZMT,4,0.0004
18292,ZMU,4,0.0004
18293,ZMV,4,0.0004
18294,ZMW,4,0.0004
18295,ZMX,4,0.0004
18296,ZMY,4,0.0004
18297,ZMZ,4,0.0004
18298,ZN,4,0.0004
18299,ZNA,4,0.0004
18300,ZNB,4,0.0004
18301,ZNC,4,0.0004
18302,ZND,4,0.0004
18303,ZNE,4,0.0004
18304,ZNF,4,0.0004
18305,ZNG,4,0.0004
18306,ZNH,4,0.0004
18307,ZNI,4,0.0004
18308,ZNJ,4,0.0004
18309,ZNK,4,0.0004
18310,ZNL,4,0.0004
18311,ZNM,4,0.0004
18312,ZNN,4,0.0004
18313,ZNO,4,0.0004
18314,ZNP,4,0.0004
18315,ZNQ,4,0.0004
18316,ZNR,4,0.0004
18317,ZNS,4,0.0004
18318,ZNT,4,0.0004
18319,ZNU,4,0.0004
18320,ZNV,4,0.0004
18321,ZNW,4,0.0004
18322,ZNX,4,0.0004
18323,ZNY,4,0.0004
18324,ZNZ,4,0.0004
18325,ZO,4,0.0004
18326,ZOA,4,0.0004
18327,ZOB,4,0.0004
18328,ZOC,4,0.0004
18329,ZOD,4,0.0004
18330,ZOE,4,0.0004
18331,ZOF,4,0.0004
18332,ZOG,4,0.0004
18333,ZOH,4,0.0004
18334,ZOI,4,0.0004
18335,ZOJ,4,0.0004
18336,ZOK,4,0.0004
18337,ZOL,4,0.0004
18338,ZOM,4,0.0004
18339,ZON,4,0.0004
18340,ZOO,4,0.0004
18341,ZOP,4,0.0004
18342,ZOQ,4,0.0004
18343,ZOR,4,0.0004
18344,ZOS,4,0.0004
18345,ZOT,4,0.0004
18346,ZOU,4,0.0004
18347,ZOV,4,0.0004
18348,ZOW,4,0.0004
18349,ZOX,4,0.0004
18350,ZOY,4,0.0004
18351,ZOZ,4,0.0004
18352,ZP,4,0.0004
18353,ZPA,4,0.0004
18354,ZPB,4,0.0004
18355,ZPC,4,0.0004
18356,ZPD,4,0.0004
18357,ZPE,4,0.0004
18358,ZPF,4,0.0004
18359,ZPG,4,0.0004
18360,ZPH,4,0.0004
18361,ZPI,4,0.0004
18362,ZPJ,4,0.0004
18363,ZPK,4,0.0004
18364,ZPL,4,0.0004
18365,ZPM,4,0.0004
18366,ZPN,4,0.0004
18367,ZPO,4,0.0004
18368,ZPP,4,0.0004
18369,ZPQ,4,0.0004
18370,ZPR,4,0.0004
18371,ZPS,4,0.0004
18372,ZPT,4,0.0004
18373,ZPU,4,0.0004
18374,ZPV,4,0.0004
18375,ZPW,4,0.0004
18376,ZPX,4,0.0004
18377,ZPY,4,0.0004
18378,ZPZ,4,0.0004
18379,ZQ,4,0.0004
18380,ZQA,4,0.0004
18381,ZQB,4,0.0004
18382,ZQC,4,0.0004
18383,ZQD,4,0.0004
18384,ZQE,4,0.0004
18385,ZQF,4,0.0004
18386,ZQG,4,0.0004
18387,ZQH,4,0.0004
18388,ZQI,4,0.0004
18389,ZQJ,4,0.0004
18390,ZQK,4,0.0004
18391,ZQL,4,0.0004
18392,ZQM,4,0.0004
18393,ZQN,4,0.0004
18394,ZQO,4,0.0004
18395,ZQP,4,0.0004
18396,ZQQ,4,0.0004
18397,ZQR,4,0.0004
18398,ZQS,4,0.0004
18399,ZQT,4,0.0004
18400,ZQU,4,0.0004
18401,ZQV,4,0.0004
18402,ZQW,4,0.0004
18403,ZQX,4,0.0004
18404,ZQY,4,0.0004
18405,ZQZ,4,0.0004
18406,ZR,4,0.0004
18407,ZRA,4,0.0004
18408,ZRB,4,0.0004
18409,ZRC,4,0.0004
18410,ZRD,4,0.0004
18411,ZRE,4,0.0004
18412,ZRF,4,0.0004
18413,ZRG,4,0.0004
18414,ZRH,4,0.0004
18415,ZRI,4,0.0004
18416,ZRJ,4,0.0004
18417,ZRK,4,0.0004
18418,ZRL,4,0.0004
18419,ZRM,4,0.0004
18420,ZRN,4,0.0004
18421,ZRO,4,0.0004
18422,ZRP,4,0.0004
18423,ZRQ,4,0.0004
18424,ZRR,4,0.0004
18425,ZRS,4,0.0004
18426,ZRT,4,0.0004
18427,ZRU,4,0.0004
18428,ZRV,4,0.0004
18429,ZRW,4,0.0004
18430,ZRX,4,0.0004
18431,ZRY,4,0.0004
18432,ZRZ,4,0.0004
18433,ZS,4,0.0004
18434,ZSA,4,0.0004
18435,ZSB,4,0.0004
18436,ZSC,4,0.0004
18437,ZSD,4,0.0004
18438,ZSE,4,0.0004
18439,ZSF,4,0.0004
18440,ZSG,4,0.0004
18441,ZSH,4,0.0004
18442,ZSI,4,0.0004
18443,ZSJ,4,0.0004
18444,ZSK,4,0.0004
18445,ZSL,4,0.0004
18446,ZSM,4,0.0004
18447,ZSN,4,0.0004
18448,ZSO,4,0.0004
18449,ZSP,4,0.0004
18450,ZSQ,4,0.0004
18451,ZSR,4,0.0004
18452,ZSS,4,0.0004
18453,ZST,4,0.0004
18454,ZSU,4,0.0004
18455,ZSV,4,0.0004
18456,ZSW,4,0.0004
18457,ZSX,4,0.0004
18458,ZSY,4,0.0004
18459,ZSZ,4,0.0004
18460,ZT,4,0.0004
18461,ZTA,4,0.0004
18462,ZTB,4,0.0004
18463,ZTC,4,0.0004
18464,ZTD,4,0.0004
18465,ZTE,4,0.0004
18466,ZTF,4,0.0004
18467,ZTG,4,0.0004
18468,ZTH,4,0.0004
18469,ZTI,4,0.0004
18470,ZTJ,4,0.0004
18471,ZTK,4,0.0004
18472,ZTL,4,0.0004
18473,ZTM,4,0.0004
18474,ZTN,4,0.0004
18475,ZTO,4,0.0004
18476,ZTP,4,0.0004
18477,ZTQ,4,0.0004
18478,ZTR,4,0.0004
18479,ZTS,4,0.0004
18480,ZTT,4,0.0004
18481,ZTU,4,0.0004
18482,ZTV,4,0.0004
18483,ZTW,4,0.0004
18484,ZTX,4,0.0004
18485,ZTY,4,0.0004
18486,ZTZ,4,0.0004
18487,ZU,4,0.0004
18488,ZUA,4,0.0004
18489,ZUB,4,0.0004
18490,ZUC,4,0.0004
18491,ZUD,4,0.0004
18492,ZUE,4,0.0004
18493,ZUF,4,0.0004
18494,ZUG,4,0.0004
18495,ZUH,4,0.0004
18496,ZUI,4,0.0004
18497,ZUJ,4,0.0004
18498,ZUK,4,0.0004
18499,ZUL,4,0.0004
18500,ZUM,4,0.0004
18501,ZUN,4,0.0004
18502,ZUO,4,0.0004
18503,ZUP,4,0.0004
18504,ZUQ,4,0.0004
18505,ZUR,4,0.0004
18506,ZUS,4,0.0004
18507,ZUT,4,0.0004
18508,ZUU,4,0.0004
18509,ZUV,4,0.0004
18510,ZUW,4,0.0004
18511,ZUX,4,0.0004
18512,ZUY,4,0.0004
18513,ZUZ,4,0.0004
18514,ZV,4,0.0004
18515,ZVA,4,0.0004
18516,ZVB,4,0.0004
18517,ZVC,4,0.0004
18518,ZVD,4,0.0004
18519,ZVE,4,0.0004
18520,ZVF,4,0.0004
18521,ZVG,4,0.0004
18522,ZVH,4,0.0004
18523,ZVI,4,0.0004
18524,ZVJ,4,0.0004
18525,ZVK,4,0.0004
18526,ZVL,4,0.0004
18527,ZVM,4,0.0004
18528,ZVN,4,0.0004
18529,ZVO,4,0.0004
18530,ZVP,4,0.0004
18531,ZVQ,4,0.0004
18532,ZVR,4,0.0004
18533,ZVS,4,0.0004
18534,ZVT,4,0.0004
18535,ZVU,4,0.0004
18536,ZVV,4,0.0004
18537,ZVW,4,0.0004
18538,ZVX,4,0.0004
18539,ZVY,4,0.0004
18540,ZVZ,4,0.0004
18541,ZW,4,0.0004
18542,ZWA,4,0.0004
18543,ZWB,4,0.0004
18544,ZWC,4,0.0004
18545,ZWD,4,0.0004
18546,ZWE,4,0.0004
18547,ZWF,4,0.0004
18548,ZWG,4,0.0004
18549,ZWH,4,0.0004
18550,ZWI,4,0.0004
18551,ZWJ,4,0.0004
18552,ZWK,4,0.0004
18553,ZWL,4,0.0004
18554,ZWM,4,0.0004
18555,ZWN,4,0.0004
18556,ZWO,4,0.0004
18557,ZWP,4,0.0004
18558,ZWQ,4,0.0004
18559,ZWR,4,0.0004
18560,ZWS,4,0.0004
18561,ZWT,4,0.0004
18562,ZWU,4,0.0004
18563,ZWV,4,0.0004
18564,ZWW,4,0.0004
18565,ZWX,4,0.0004
18566,ZWY,4,0.0004
18567,ZWZ,4,0.0004
18568,ZX,4,0.0004
18569,ZXA,4,0.0004
18570,ZXB,4,0.0004
18571,ZXC,4,0.0004
18572,ZXD,4,0.0004
18573,ZXE,4,0.0004
18574,ZXF,4,0.0004
18575,ZXG,4,0.0004
18576,ZXH,4,0.0004
18577,ZXI,4,0.0004
18578,ZXJ,4,0.0004
18579,ZXK,4,0.0004
18580,ZXL,4,0.0004
18581,ZXM,4,0.0004
18582,ZXN,4,0.0004
18583,ZXO,4,0.0004
18584,ZXP,4,0.0004
18585,ZXQ,4,0.0004
18586,ZXR,4,0.0004
18587,ZXS,4,0.0004
18588,ZXT,4,0.0004
18589,ZXU,4,0.0004
18590,ZXV,4,0.0004
18591,ZXW,4,0.0004
18592,ZXX,4,0.0004
18593,ZXY,4,0.0004
18594,ZXZ,4,0.0004
18595,ZY,4,0.0004
18596,ZYA,4,0.0004
18597,ZYB,4,0.0004
18598,ZYC,4,0.0004
18599,ZYD,4,0.0004
18600,ZYE,4,0.0004
18601,ZYF,4,0.0004
18602,ZYG,4,0.0004
18603,ZYH,4,0.0004
18604,ZYI,4,0.0004
18605,ZYJ,4,0.0004
18606,ZYK,4,0.0004
18607,ZYL,4,0.0004
18608,ZYM,4,0.0004
18609,ZYN,4,0.0004
18610,ZYO,4,0.0004
18611,ZYP,4,0.0004
18612,ZYQ,4,0.0004
18613,ZYR,4,0.0004
18614,ZYS,4,0.0004
18615,ZYT,4,0.0004
18616,ZYU,4,0.0004
18617,ZYV,4,0.0004
18618,ZYW,4,0.0004
18619,ZYX,4,0.0004
18620,ZYY,4,0.0004
18621,ZYZ,4,0.0004
18622,ZZ,4,0.0004
18623,ZZA,4,0.0004
18624,ZZB,4,0.0004
18625,ZZC,4,0.0004
18626,ZZD,4,0.0004
18627,ZZE,4,0.0004
18628,ZZF,4,0.0004
18629,ZZG,4,0.0004
18630,ZZH,4,0.0004
18631,ZZI,4,0.0004
18632,ZZJ,4,0.0004
18633,ZZK,4,0.0004
18634,ZZL,4,0.0004
18635,ZZM,4,0.0004
18636,ZZN,4,0.0004
18637,ZZO,4,0.0004
18638,ZZP,4,0.0004
18639,ZZQ,4,0.0004
18640,ZZR,4,0.0004
18641,ZZS,4,0.0004
18642,ZZT,4,0.0004
18643,ZZU,4,0.0004
18644,ZZV,4,0.0004
18645,ZZW,4,0.0004
18646,ZZX,4,0.0004
18647,ZZY,4,0.0004
18648,ZZZ,4,0.0004
18649,666,3,0.0003
18650,Guest,3,0.0003
18651,LAPTOP,3,0.0003
18652,LIBRARY,3,0.0003
18653,LINDA,3,0.0003
18654,LINK,3,0.0003
18655,LISA,3,0.0003
18656,MACHINE,3,0.0003
18657,MAIL,3,0.0003
18658,MAILTEST,3,0.0003
18659,MAINTENANCE,3,0.0003
18660,MARC,3,0.0003
18661,MARK,3,0.0003
18662,MARKETING,3,0.0003
18663,MARTIN,3,0.0003
18664,MARY,3,0.0003
18665,MATRIX,3,0.0003
18666,MATTHIAS,3,0.0003
18667,MAURER,3,0.0003
18668,MEDIA,3,0.0003
18669,MEDICAL,3,0.0003
18670,MEYER,3,0.0003
18671,MICHELLE,3,0.0003
18672,MICROS,3,0.0003
18673,MIKE,3,0.0003
18674,MODEM,3,0.0003
18675,MONIKA,3,0.0003
18676,MONITOR,3,0.0003
18677,MORGAN,3,0.0003
18678,MUSIC,3,0.0003
18679,NATALIA,3,0.0003
18680,NATALIE,3,0.0003
18681,NEEDLES,3,0.0003
18682,NEIL,3,0.0003
18683,NELSON,3,0.0003
18684,NICO,3,0.0003
18685,NICOLE,3,0.0003
18686,NORMAN,3,0.0003
18687,NURSE,3,0.0003
18688,OASIS,3,0.0003
18689,OFFICE1,3,0.0003
18690,OFFICE2,3,0.0003
18691,OFFICER,3,0.0003
18692,OMAR,3,0.0003
18693,OP1,3,0.0003
18694,OP2,3,0.0003
18695,OROJAS,3,0.0003
18696,ORTHO,3,0.0003
18697,OSAMA,3,0.0003
18698,OWNER,3,0.0003
18699,PARTS,3,0.0003
18700,PATRICE,3,0.0003
18701,PATRICIA,3,0.0003
18702,PATROL,3,0.0003
18703,PATTY,3,0.0003
18704,PAUL,3,0.0003
18705,PAULA,3,0.0003
18706,PEDIDOS,3,0.0003
18707,PEGGY,3,0.0003
18708,PETER,3,0.0003
18709,PHONE,3,0.0003
18710,POLICE,3,0.0003
18711,PORTAL,3,0.0003
18712,PORTATIL,3,0.0003
18713,POS1,3,0.0003
18714,POS2,3,0.0003
18715,POSTMASTER,3,0.0003
18716,PRESIDENT,3,0.0003
18717,PRESS,3,0.0003
18718,PRINT,3,0.0003
18719,PROD,3,0.0003
18720,PROJECTOR,3,0.0003
18721,PURCHASING,3,0.0003
18722,RACZ,3,0.0003
18723,RECEIVING,3,0.0003
18724,RECEPCION,3,0.0003
18725,RECEPTION,3,0.0003
18726,RECEPTIONIST,3,0.0003
18727,REKR,3,0.0003
18728,REPORTS,3,0.0003
18729,RESTORE,3,0.0003
18730,RICHARD,3,0.0003
18731,RICOH,3,0.0003
18732,RIESEL,3,0.0003
18733,ROGER,3,0.0003
18734,ROOM1,3,0.0003
18735,SABINE,3,0.0003
18736,SAGE,3,0.0003
18737,SALES,3,0.0003
18738,SALES2,3,0.0003
18739,SALIDAS,3,0.0003
18740,SAMSUNG,3,0.0003
18741,SANDRA,3,0.0003
18742,SANDY,3,0.0003
18743,SAVIN,3,0.0003
18744,SCHIEBL,3,0.0003
18745,SCHLEUSS,3,0.0003
18746,SCHNEIDER,3,0.0003
18747,SCOTT,3,0.0003
18748,SECRETARIA,3,0.0003
18749,SHANE,3,0.0003
18750,SHARED,3,0.0003
18751,SHAREPOINT,3,0.0003
18752,SHARP,3,0.0003
18753,SHEILA,3,0.0003
18754,SHELLY,3,0.0003
18755,SHOP,3,0.0003
18756,SHOP1,3,0.0003
18757,SHORTCUTS,3,0.0003
18758,SHOWROOM,3,0.0003
18759,SIEMENS,3,0.0003
18760,SIMON,3,0.0003
18761,SISTEMA,3,0.0003
18762,SMART,3,0.0003
18763,SMILE,3,0.0003
18764,SOCIAL,3,0.0003
18765,SONIA,3,0.0003
18766,SPAM,3,0.0003
18767,SPARE,3,0.0003
18768,SPICEWORKS,3,0.0003
18769,SPSEARCH,3,0.0003
18770,SQLSERVICE,3,0.0003
18771,SQLUSER,3,0.0003
18772,STAFF,3,0.0003
18773,STANDARD,3,0.0003
18774,STATION,3,0.0003
18775,STATION4,3,0.0003
18776,STEVE,3,0.0003
18777,STORE,3,0.0003
18778,STUDENT1,3,0.0003
18779,SUNSHINE,3,0.0003
18780,SUPORTE,3,0.0003
18781,SUSAN,3,0.0003
18782,SYMANTEC,3,0.0003
18783,TABLET,3,0.0003
18784,TECH,3,0.0003
18785,TECHNICIAN,3,0.0003
18786,TECNICO,3,0.0003
18787,TEMPADMIN,3,0.0003
18788,TERRY,3,0.0003
18789,THERESA,3,0.0003
18790,THIERRY,3,0.0003
18791,THORSTEN,3,0.0003
18792,TIMECLOCK,3,0.0003
18793,TINA,3,0.0003
18794,TOBY,3,0.0003
18795,TOMCAT,3,0.0003
18796,TORSTEN,3,0.0003
18797,TOUCH,3,0.0003
18798,TRAINING,3,0.0003
18799,TRANSFER,3,0.0003
18800,UPDATE,3,0.0003
18801,UTILIZADOR,3,0.0003
18802,VALERIE,3,0.0003
18803,VENDAS,3,0.0003
18804,VERITAS,3,0.0003
18805,VERONICA,3,0.0003
18806,VICKY,3,0.0003
18807,VICTOR,3,0.0003
18808,VIGILANCIA,3,0.0003
18809,VISITANTE,3,0.0003
18810,VISITOR,3,0.0003
18811,VIVIANE,3,0.0003
18812,VLAD,3,0.0003
18813,VMWARE,3,0.0003
18814,VOICEMAIL,3,0.0003
18815,VOLUNTEER,3,0.0003
18816,VPNTEST,3,0.0003
18817,WAREHOUSE,3,0.0003
18818,WASHINGTON,3,0.0003
18819,WEBCAM,3,0.0003
18820,WEBER,3,0.0003
18821,WEBMASTER,3,0.0003
18822,WEBSERVICE,3,0.0003
18823,WEBUSER,3,0.0003
18824,WELCOME,3,0.0003
18825,WENDY,3,0.0003
18826,WILSON,3,0.0003
18827,WKRADAR,3,0.0003
18828,WOLFGANG,3,0.0003
18829,WORKSTATION,3,0.0003
18830,WS1,3,0.0003
18831,WS2,3,0.0003
18832,WS3,3,0.0003
18833,WYSE,3,0.0003
18834,XEROX,3,0.0003
18835,XRAY,3,0.0003
18836,ZANTHUS,3,0.0003
18837,ABCD,2,0.0002
18838,admin,2,0.0002
18839,ADMINI,2,0.0002
18840,AMMINISTRATORE,2,0.0002
18841,HStoreRDP,2,0.0002
18842,HUNG,2,0.0002
18843,LRD,2,0.0002
18844,PR,2,0.0002
18845,PRW,2,0.0002
18846,SG,2,0.0002
18847,sys,2,0.0002
18848,systemas,2,0.0002
18849,гость,2,0.0002
18850,001,1,0.0001
18851,123,1,0.0001
18852,888,1,0.0001
18853,AAAA,1,0.0001
18854,ACHAO,1,0.0001
18855,ACRONIS,1,0.0001
18856,ADMINISTRACION,1,0.0001
18857,AECO_PC7,1,0.0001
18858,AKHIL,1,0.0001
18859,ALISON,1,0.0001
18860,ANDROID,1,0.0001
18861,ATENDI_02,1,0.0001
18862,AUTOCAD,1,0.0001
18863,BAIRAGI,1,0.0001
18864,BIZ-ELO,1,0.0001
18865,BRYAN,1,0.0001
18866,CANGKU,1,0.0001
18867,CARLOS,1,0.0001
18868,CCNEW,1,0.0001
18869,CODI,1,0.0001
18870,CPPC,1,0.0001
18871,CROFT,1,0.0001
18872,ELSABE,1,0.0001
18873,ENERGY,1,0.0001
18874,ESTACAO,1,0.0001
18875,EVALUACIONES,1,0.0001
18876,FLUSHTRUCK,1,0.0001
18877,FRONTEIRA,1,0.0001
18878,FTP78,1,0.0001
18879,FTPTEST,1,0.0001
18880,GAMER,1,0.0001
18881,GARAGE,1,0.0001
18882,GERENTE,1,0.0001
18883,GHOST,1,0.0001
18884,GUARD,1,0.0001
18885,HELIOS,1,0.0001
18886,HUAMER,1,0.0001
18887,IIS_IMEI,1,0.0001
18888,IME_ADMIN,1,0.0001
18889,INDER-1,1,0.0001
18890,ISSUPPORT,1,0.0001
18891,JPS1,1,0.0001
18892,JPS2,1,0.0001
18893,JULIE,1,0.0001
18894,KASSA,1,0.0001
18895,KK789,1,0.0001
18896,KOBKAEW,1,0.0001
18897,LCLCLC1,1,0.0001
18898,LIANGYUXI,1,0.0001
18899,MAXO,1,0.0001
18900,MEDIALINK,1,0.0001
18901,MIKI,1,0.0001
18902,MITESH,1,0.0001
18903,MQUSER,1,0.0001
18904,ONEDRIVE,1,0.0001
18905,PCHIZHOVA,1,0.0001
18906,PHONIX,1,0.0001
18907,POSTER,1,0.0001
18908,READ,1,0.0001
18909,RECEPCAO,1,0.0001
18910,RELIANCE,1,0.0001
18911,SCALE,1,0.0001
18912,SCNXADMIN,1,0.0001
18913,SHENLM,1,0.0001
18914,SSSS,1,0.0001
18915,STPW,1,0.0001
18916,TEMTEM,1,0.0001
18917,TESTFTP,1,0.0001
18918,TRIPLE,1,0.0001
18919,UMESHMANE,1,0.0001
18920,USA333,1,0.0001
18921,WAYCOM,1,0.0001
18922,YYKK178,1,0.0001
18923,ZZ812366,1,0.0001
